order_id,product_id,quantity,discount
O02919,P0092,2,0
O01195,P0064,2,5
O00937,P0053,1,10
O00132,P0013,2,25
O03508,P0029,4,10
O04839,P0073,4,5
O04397,P0031,4,0
O04419,P0052,3,10
O03286,P0054,1,0
O03383,P0056,4,0
O00473,P0050,4,15
O00315,P0076,4,15
O01253,P0070,3,20
O04208,P0095,1,0
O01721,P0087,2,0
O02482,P0100,3,25
O01035,P0033,4,15
O04386,P0022,4,25
O01361,P0018,1,0
O00784,P0045,3,0
O01011,P0036,3,10
O03071,P0073,3,10
O00290,P0084,1,10
O03225,P0055,1,5
O00287,P0018,3,5
O03344,P0040,2,20
O03152,P0069,4,0
O02946,P0098,2,5
O01505,P0070,3,25
O04702,P0061,1,5
O04600,P0005,2,20
O01012,P0027,2,0
O03357,P0068,1,10
O02676,P0063,1,0
O00380,P0029,2,10
O02040,P0084,2,20
O01033,P0086,4,15
O01646,P0077,4,20
O02783,P0013,1,20
O02520,P0059,3,15
O03832,P0061,2,20
O03390,P0030,3,10
O03479,P0088,2,25
O03928,P0072,2,25
O03089,P0093,3,15
O00198,P0056,3,15
O04987,P0041,2,0
O01530,P0051,1,10
O02589,P0039,2,0
O04491,P0064,3,25
O00026,P0075,2,0
O01624,P0002,3,5
O03401,P0027,3,15
O02274,P0035,4,25
O00902,P0042,4,15
O02656,P0055,1,15
O00798,P0100,1,10
O03147,P0059,2,5
O00542,P0041,3,25
O00035,P0100,2,0
O03584,P0058,2,15
O03741,P0026,3,10
O01391,P0047,3,10
O00929,P0089,3,25
O02801,P0080,1,15
O01237,P0048,4,25
O00866,P0097,3,10
O03729,P0091,4,0
O03911,P0035,4,25
O02765,P0021,2,0
O04922,P0078,2,5
O04382,P0091,1,5
O02390,P0057,4,20
O01726,P0085,2,15
O01284,P0053,1,25
O01844,P0015,2,5
O01921,P0085,2,10
O00269,P0004,4,0
O03612,P0004,3,10
O01838,P0083,3,20
O03858,P0039,1,5
O03581,P0008,1,25
O04360,P0066,1,20
O04696,P0050,1,15
O01067,P0062,3,5
O01779,P0016,3,0
O02565,P0038,4,20
O02415,P0025,4,20
O00319,P0030,4,0
O03636,P0098,4,25
O02080,P0070,1,25
O01038,P0042,1,15
O02904,P0073,4,25
O03851,P0054,2,5
O01077,P0064,2,15
O04743,P0004,3,5
O01779,P0054,1,20
O03617,P0051,1,5
O00526,P0007,3,15
O03656,P0077,2,5
O02798,P0075,3,15
O01825,P0027,1,25
O04315,P0042,1,15
O01942,P0097,2,5
O02298,P0032,1,0
O02318,P0014,1,5
O00877,P0011,1,0
O03265,P0041,4,15
O00547,P0090,1,5
O02047,P0047,1,5
O02216,P0077,1,10
O03488,P0046,2,5
O00295,P0005,3,0
O04403,P0085,1,5
O04205,P0033,3,0
O03556,P0086,1,20
O03646,P0047,3,5
O03766,P0078,3,25
O00644,P0089,3,25
O02346,P0096,2,25
O01278,P0053,4,5
O00710,P0031,1,20
O03721,P0011,4,15
O03803,P0049,2,10
O00942,P0065,1,10
O04354,P0064,4,0
O00663,P0041,1,15
O03256,P0046,2,20
O00419,P0086,2,10
O00472,P0006,1,15
O03525,P0095,4,10
O01060,P0056,3,0
O01874,P0027,4,5
O01847,P0094,2,10
O04619,P0035,4,5
O03627,P0022,4,20
O04215,P0016,4,20
O00804,P0089,2,15
O04806,P0041,3,25
O02226,P0049,3,20
O01134,P0002,2,0
O00853,P0087,2,20
O00882,P0039,1,20
O02402,P0098,4,15
O01697,P0035,1,20
O01635,P0095,1,0
O02047,P0006,3,10
O04170,P0048,4,0
O03227,P0041,1,5
O00368,P0032,4,15
O03865,P0024,1,20
O01430,P0070,4,20
O03061,P0048,3,25
O01732,P0011,1,10
O04789,P0097,3,15
O04049,P0083,2,20
O04247,P0082,2,25
O00916,P0008,2,0
O01714,P0095,2,15
O00765,P0010,2,15
O04603,P0096,1,5
O04060,P0025,1,25
O00199,P0038,1,5
O03422,P0063,2,15
O04786,P0023,2,5
O02472,P0015,2,25
O00310,P0092,1,10
O00069,P0041,2,10
O01142,P0010,1,25
O02762,P0022,4,0
O02083,P0001,1,15
O03316,P0072,3,25
O00302,P0100,4,10
O02114,P0034,1,20
O02625,P0099,4,10
O04261,P0021,4,15
O02350,P0021,3,20
O01690,P0093,1,0
O03222,P0022,2,20
O01848,P0100,1,10
O02052,P0061,1,10
O04028,P0036,3,5
O00508,P0074,1,0
O02751,P0016,3,0
O02291,P0032,2,25
O03519,P0077,2,25
O03912,P0075,2,0
O04314,P0013,4,10
O03376,P0097,2,5
O03137,P0058,1,25
O01949,P0095,3,20
O04559,P0090,1,5
O04286,P0093,4,5
O01632,P0046,2,10
O03839,P0069,3,5
O04554,P0022,1,25
O02584,P0019,1,15
O00098,P0084,4,15
O03110,P0089,2,0
O02188,P0053,3,15
O01420,P0089,3,0
O03353,P0052,1,15
O02801,P0060,3,0
O02578,P0053,2,10
O01513,P0086,1,5
O02543,P0075,2,25
O04670,P0024,2,0
O01012,P0027,3,5
O02951,P0035,1,0
O04975,P0031,4,20
O01442,P0084,3,15
O03150,P0080,2,15
O02688,P0014,1,0
O04961,P0036,1,15
O01982,P0099,2,0
O03586,P0039,4,20
O00668,P0097,1,5
O02926,P0058,4,25
O00131,P0021,2,10
O00646,P0015,2,0
O01713,P0010,2,0
O03491,P0076,4,10
O04113,P0078,4,0
O00060,P0052,3,20
O00052,P0087,1,25
O03101,P0068,2,5
O00997,P0052,1,0
O03888,P0001,3,20
O03218,P0088,2,15
O03383,P0025,1,10
O02425,P0066,1,25
O04245,P0024,1,25
O01628,P0074,4,0
O01542,P0016,1,25
O03535,P0026,2,10
O04718,P0034,3,0
O01475,P0037,2,25
O01107,P0088,2,25
O01635,P0098,1,25
O00318,P0001,2,0
O00116,P0035,1,20
O04220,P0075,4,5
O04472,P0061,2,25
O02405,P0041,1,15
O01173,P0062,4,20
O01014,P0008,1,5
O00152,P0023,1,15
O00056,P0086,2,20
O00026,P0037,2,25
O04457,P0011,1,10
O02615,P0042,3,25
O00041,P0068,4,0
O04737,P0073,3,10
O01083,P0059,2,10
O03407,P0027,4,5
O01927,P0094,4,5
O00158,P0099,2,5
O03043,P0053,1,15
O01129,P0094,1,0
O00589,P0054,4,5
O02851,P0024,4,25
O04518,P0053,4,5
O01433,P0042,2,15
O02571,P0087,2,25
O00635,P0044,4,10
O00101,P0085,3,15
O04715,P0060,2,0
O03134,P0091,3,10
O00782,P0064,1,20
O01351,P0078,2,20
O01514,P0013,2,10
O02782,P0058,3,20
O04176,P0026,2,0
O04197,P0060,3,5
O01979,P0021,3,0
O02749,P0052,4,0
O04653,P0027,3,20
O02329,P0041,4,25
O00319,P0048,1,5
O01089,P0076,2,0
O02001,P0038,4,5
O02345,P0012,3,10
O04224,P0066,2,20
O02402,P0074,1,15
O01081,P0030,4,20
O01625,P0031,3,25
O04367,P0059,2,5
O02229,P0004,3,15
O03321,P0049,1,10
O02859,P0013,3,10
O02006,P0006,3,0
O03083,P0064,1,0
O04255,P0050,4,25
O02239,P0032,2,5
O03925,P0036,2,20
O02609,P0033,4,15
O00928,P0004,4,10
O00103,P0052,1,20
O02753,P0009,3,15
O00354,P0031,3,25
O02278,P0080,3,15
O02946,P0042,3,20
O01552,P0074,3,15
O03120,P0068,3,20
O04970,P0023,2,0
O00804,P0083,1,15
O00941,P0079,4,0
O00917,P0009,1,0
O00789,P0041,2,15
O01838,P0017,3,25
O04323,P0056,3,25
O00279,P0059,1,20
O00969,P0090,1,20
O00270,P0015,2,15
O02767,P0031,2,5
O02894,P0096,2,20
O00152,P0073,3,10
O02655,P0064,4,20
O01275,P0019,3,0
O02566,P0051,2,15
O02098,P0070,2,20
O04370,P0037,4,5
O03863,P0063,1,10
O02236,P0070,3,15
O01492,P0009,1,10
O01248,P0001,4,20
O02568,P0062,2,10
O04357,P0042,4,10
O03223,P0087,3,15
O02627,P0013,4,5
O03720,P0006,3,25
O03599,P0021,4,20
O01924,P0087,1,0
O02934,P0015,2,0
O01555,P0082,3,0
O04942,P0097,4,20
O03966,P0047,4,10
O02888,P0088,1,15
O04170,P0041,1,10
O01912,P0099,4,10
O04475,P0002,2,10
O02911,P0030,3,25
O02421,P0078,1,25
O03455,P0044,3,15
O01873,P0100,4,5
O01997,P0057,2,25
O00392,P0087,4,0
O03948,P0056,3,10
O03246,P0045,2,0
O03801,P0008,4,10
O04197,P0055,1,0
O02466,P0021,1,25
O03550,P0004,3,10
O04112,P0041,2,25
O04973,P0071,1,15
O00226,P0077,4,20
O02315,P0019,4,25
O01108,P0087,1,0
O02586,P0091,2,20
O02203,P0039,2,5
O03436,P0027,3,15
O04914,P0022,4,15
O03465,P0068,4,15
O04755,P0023,4,15
O03776,P0076,3,5
O04948,P0081,4,25
O00097,P0016,1,15
O01821,P0052,2,15
O04113,P0091,4,10
O04281,P0029,4,25
O01417,P0054,3,25
O03634,P0002,3,25
O04051,P0028,4,25
O04007,P0067,3,5
O01196,P0069,3,25
O01334,P0083,2,0
O03936,P0049,1,5
O03598,P0055,3,10
O02765,P0001,1,0
O01343,P0073,1,5
O02225,P0034,3,25
O04030,P0074,4,0
O00754,P0052,4,10
O02049,P0095,3,25
O01807,P0069,2,15
O01821,P0042,3,0
O03561,P0055,2,15
O01118,P0054,2,15
O00218,P0023,2,15
O00417,P0033,2,10
O04980,P0045,3,0
O02125,P0068,4,0
O02528,P0076,1,0
O04879,P0066,4,15
O01196,P0076,1,20
O01467,P0017,1,15
O03971,P0011,3,10
O04240,P0046,3,20
O04137,P0013,4,10
O04974,P0072,4,0
O03398,P0066,4,10
O03185,P0054,3,15
O01488,P0009,1,5
O02708,P0036,3,20
O04812,P0086,2,0
O04089,P0008,2,25
O04721,P0072,2,20
O01500,P0022,1,15
O00639,P0065,3,10
O03296,P0011,1,25
O00015,P0053,2,20
O02885,P0001,4,15
O02238,P0011,1,25
O03921,P0062,1,20
O02449,P0067,4,0
O03140,P0098,3,25
O00177,P0009,2,20
O01371,P0031,1,0
O04122,P0004,4,25
O00300,P0071,3,5
O00074,P0008,4,25
O00366,P0074,2,0
O02026,P0020,4,0
O02740,P0077,2,0
O03399,P0031,1,0
O01068,P0010,3,0
O03250,P0087,4,25
O03928,P0063,1,25
O02135,P0084,2,25
O03669,P0017,1,25
O01547,P0011,1,10
O01656,P0033,2,5
O01776,P0060,4,20
O03103,P0097,1,5
O00829,P0012,3,25
O01138,P0002,1,0
O01745,P0046,4,10
O01365,P0032,3,25
O03122,P0008,4,10
O04962,P0064,1,15
O02053,P0014,2,25
O03918,P0004,4,5
O00311,P0052,2,0
O03848,P0051,1,5
O01509,P0034,1,5
O02505,P0024,1,25
O02588,P0045,1,15
O01381,P0093,2,20
O03142,P0080,3,5
O00498,P0084,1,25
O03998,P0038,4,0
O03595,P0064,4,20
O00398,P0085,2,20
O02003,P0083,1,5
O03781,P0019,4,0
O04663,P0019,4,5
O03536,P0064,4,10
O00081,P0080,4,20
O02026,P0097,3,0
O02630,P0061,4,25
O04190,P0058,1,25
O01741,P0086,3,0
O03814,P0037,4,20
O03889,P0048,2,25
O03849,P0093,3,5
O03343,P0053,1,20
O03202,P0028,2,0
O03084,P0032,4,0
O02129,P0053,1,20
O00146,P0066,4,0
O04530,P0007,4,10
O02809,P0076,2,25
O00825,P0095,2,5
O01230,P0038,1,25
O03211,P0078,3,25
O02965,P0010,3,20
O04211,P0023,4,0
O01876,P0001,3,25
O03469,P0018,1,10
O02276,P0096,4,5
O03896,P0098,2,20
O00543,P0091,3,15
O04665,P0023,2,20
O03065,P0093,1,20
O04216,P0098,4,15
O04054,P0042,4,25
O03256,P0001,4,0
O02790,P0017,4,10
O00703,P0034,2,20
O01409,P0044,2,15
O02218,P0041,1,25
O04382,P0078,3,5
O01677,P0036,4,10
O03833,P0061,3,15
O02457,P0083,2,0
O03063,P0066,2,25
O00155,P0072,1,25
O02138,P0009,1,10
O01203,P0023,3,5
O00451,P0006,2,10
O01827,P0061,4,0
O02821,P0098,3,0
O00173,P0007,3,10
O04340,P0060,1,5
O02716,P0046,2,25
O01154,P0056,1,15
O01251,P0087,1,25
O00319,P0064,4,25
O04034,P0087,2,15
O00123,P0022,2,0
O00757,P0002,4,10
O02028,P0067,1,0
O03058,P0002,3,5
O03918,P0019,1,5
O01293,P0089,4,15
O01581,P0031,1,10
O01267,P0021,1,15
O00165,P0069,4,10
O00060,P0017,1,10
O00920,P0066,2,25
O00625,P0060,4,25
O03242,P0099,1,10
O02694,P0042,2,15
O00236,P0016,3,20
O00599,P0067,2,20
O00111,P0057,3,0
O00065,P0055,2,10
O01295,P0075,1,10
O01785,P0053,1,25
O04062,P0046,3,25
O01168,P0031,4,0
O01200,P0039,2,0
O04280,P0032,2,0
O04886,P0070,1,25
O04021,P0005,4,10
O03466,P0053,2,15
O01157,P0057,2,10
O02747,P0030,4,0
O01990,P0094,3,0
O04791,P0024,3,25
O03285,P0098,3,25
O00113,P0005,4,5
O04831,P0061,4,20
O01372,P0036,1,0
O02253,P0080,2,5
O02384,P0083,3,20
O01859,P0054,3,15
O02122,P0045,4,15
O00400,P0005,4,10
O00061,P0072,3,20
O01859,P0015,3,0
O00844,P0076,2,15
O02449,P0021,1,20
O01319,P0046,1,25
O01587,P0054,3,20
O03515,P0056,1,25
O03049,P0079,2,10
O02858,P0052,4,0
O02659,P0044,4,20
O00231,P0045,4,20
O00881,P0046,2,20
O00031,P0063,1,20
O04908,P0046,4,10
O01374,P0058,2,5
O00038,P0009,1,20
O00409,P0045,4,0
O03889,P0030,1,10
O01049,P0009,3,5
O01842,P0025,2,20
O04435,P0027,2,25
O00529,P0073,1,25
O02718,P0049,2,10
O00321,P0032,1,10
O04048,P0026,3,5
O00290,P0068,4,20
O01667,P0022,4,25
O00978,P0005,4,10
O02400,P0025,4,20
O04406,P0008,4,0
O02572,P0094,3,0
O01807,P0092,4,0
O02046,P0024,2,10
O03975,P0042,3,5
O03541,P0008,4,10
O00609,P0080,2,15
O00456,P0085,3,10
O02448,P0070,3,20
O03363,P0075,4,10
O03153,P0049,4,20
O02143,P0006,2,20
O02550,P0078,4,25
O04894,P0007,2,5
O03584,P0055,2,25
O04484,P0062,4,15
O00513,P0093,2,20
O00814,P0038,3,5
O01884,P0002,1,0
O04879,P0039,1,0
O00762,P0051,4,25
O01885,P0001,2,0
O02921,P0031,4,15
O03036,P0048,1,20
O04701,P0008,4,20
O04382,P0078,2,0
O03905,P0075,4,10
O04007,P0076,1,0
O03784,P0058,2,0
O02916,P0051,1,0
O02425,P0002,3,25
O01478,P0034,4,20
O02695,P0091,4,10
O00496,P0002,2,10
O04470,P0037,1,25
O04311,P0010,1,15
O01585,P0006,2,15
O00019,P0099,1,20
O04303,P0002,2,20
O00156,P0070,3,20
O00893,P0042,3,5
O02979,P0090,2,20
O01550,P0059,2,0
O02275,P0032,4,10
O01232,P0091,2,0
O00517,P0095,3,10
O00327,P0005,2,0
O04364,P0047,2,20
O01938,P0038,1,15
O02994,P0061,1,20
O00859,P0098,4,25
O02900,P0095,4,0
O04958,P0079,4,10
O01102,P0094,3,20
O02223,P0091,2,5
O02275,P0053,3,20
O02881,P0047,2,25
O02921,P0091,4,0
O02323,P0073,3,10
O04242,P0057,2,20
O00742,P0042,4,25
O04448,P0092,2,15
O02406,P0059,1,25
O02966,P0082,2,25
O00287,P0059,4,25
O02143,P0048,4,0
O02489,P0015,2,0
O03197,P0035,2,25
O03571,P0044,1,10
O03634,P0064,4,0
O03515,P0071,2,25
O04173,P0066,3,10
O00642,P0071,1,0
O01165,P0027,1,25
O02768,P0025,3,25
O03628,P0057,2,15
O00891,P0043,1,10
O03047,P0066,4,10
O03717,P0024,4,0
O03710,P0045,2,0
O00721,P0053,4,20
O03638,P0022,3,0
O00388,P0029,1,25
O00459,P0003,2,0
O02997,P0058,2,15
O02873,P0026,2,0
O02818,P0036,3,5
O01329,P0085,4,0
O03103,P0065,2,25
O00826,P0007,2,5
O01755,P0037,1,20
O03149,P0006,2,25
O03919,P0053,3,25
O03087,P0054,1,20
O01403,P0016,3,15
O03750,P0030,1,10
O03804,P0023,3,15
O01490,P0058,4,20
O04996,P0063,3,0
O02693,P0010,3,0
O02009,P0036,1,25
O03332,P0016,3,20
O01612,P0082,4,20
O02969,P0067,1,5
O01341,P0010,3,5
O00779,P0086,3,15
O04119,P0086,4,5
O01780,P0036,1,15
O02835,P0062,4,20
O02504,P0097,2,25
O00616,P0087,3,0
O01189,P0037,3,10
O03980,P0038,3,20
O02726,P0036,2,10
O00879,P0036,2,15
O03810,P0058,3,20
O01876,P0053,4,0
O03690,P0083,1,20
O03981,P0096,3,0
O04614,P0063,2,25
O03348,P0035,4,10
O02268,P0073,3,15
O01310,P0045,2,15
O02495,P0061,3,15
O00320,P0025,1,20
O00979,P0009,4,25
O03390,P0089,2,20
O02383,P0056,3,25
O02532,P0024,1,25
O02386,P0059,4,5
O04947,P0049,1,15
O02352,P0074,4,20
O04935,P0078,4,15
O02719,P0024,3,15
O04146,P0090,1,15
O01664,P0058,3,20
O03196,P0034,2,25
O01081,P0030,2,5
O02966,P0026,4,0
O04575,P0054,3,5
O01974,P0059,1,20
O00329,P0016,4,25
O03621,P0035,4,15
O03868,P0050,1,0
O03223,P0017,2,10
O02610,P0091,2,20
O01724,P0077,2,20
O01204,P0050,1,5
O02251,P0027,4,0
O03803,P0005,3,0
O00183,P0035,4,25
O03034,P0092,3,5
O00054,P0048,1,20
O00972,P0094,4,15
O02992,P0024,3,15
O02516,P0054,3,0
O03158,P0060,2,0
O04418,P0059,4,15
O03980,P0056,1,10
O01467,P0052,3,20
O02925,P0099,3,5
O04128,P0035,2,10
O00635,P0004,2,10
O04089,P0059,1,5
O00532,P0007,1,25
O03062,P0045,1,5
O03564,P0012,3,10
O03711,P0065,1,0
O00283,P0092,1,15
O03451,P0075,2,10
O01232,P0013,1,20
O00789,P0074,2,5
O03840,P0074,2,25
O02126,P0022,2,5
O00633,P0100,2,5
O01013,P0040,4,10
O01390,P0050,3,0
O00675,P0064,1,5
O04364,P0036,4,15
O03881,P0079,4,10
O03157,P0065,4,25
O03987,P0007,1,25
O03694,P0059,2,25
O02138,P0054,2,20
O03737,P0066,2,5
O01218,P0041,4,20
O04464,P0049,1,5
O00678,P0044,4,10
O04630,P0016,1,0
O02892,P0033,2,15
O03394,P0032,4,15
O00145,P0021,3,0
O00948,P0054,3,25
O04705,P0030,4,10
O04361,P0095,3,10
O03514,P0047,2,10
O04168,P0086,1,0
O01437,P0047,3,20
O02826,P0071,3,15
O02491,P0007,2,10
O00951,P0054,1,5
O02639,P0026,3,5
O00118,P0083,3,15
O02866,P0049,1,15
O01829,P0054,3,15
O03181,P0062,2,25
O01853,P0036,1,25
O04823,P0059,3,15
O02944,P0066,3,0
O03602,P0067,3,10
O04370,P0076,3,5
O02296,P0078,4,5
O02245,P0067,3,20
O01678,P0002,2,5
O04757,P0009,4,0
O03437,P0036,4,25
O01408,P0041,1,5
O01017,P0093,1,0
O02906,P0013,3,5
O00517,P0067,4,5
O02451,P0019,4,15
O04720,P0093,1,0
O01308,P0098,4,25
O03851,P0061,1,15
O01063,P0089,4,25
O02498,P0048,3,5
O01203,P0036,3,20
O02848,P0055,2,5
O00349,P0081,3,5
O00207,P0018,3,0
O03386,P0080,1,5
O04420,P0019,4,5
O00855,P0017,4,5
O04331,P0038,1,20
O00583,P0049,4,0
O02937,P0055,3,20
O04516,P0051,2,15
O04198,P0056,2,15
O04245,P0092,3,20
O03532,P0026,3,15
O00603,P0078,1,15
O00419,P0085,1,10
O04566,P0016,4,25
O00398,P0074,4,0
O02244,P0062,4,25
O02876,P0087,3,15
O02408,P0023,2,25
O00528,P0002,2,25
O01744,P0090,1,20
O02417,P0008,1,10
O04100,P0069,3,25
O03247,P0091,1,5
O02573,P0097,4,0
O02254,P0061,4,0
O03617,P0041,2,5
O00936,P0021,4,0
O03420,P0048,3,20
O00542,P0065,1,0
O00178,P0082,4,10
O04815,P0009,3,0
O01702,P0085,4,0
O02452,P0024,4,20
O00278,P0024,1,25
O03356,P0075,1,0
O02472,P0007,2,5
O04649,P0087,2,20
O01796,P0096,1,10
O02112,P0061,4,5
O04098,P0084,1,25
O04227,P0016,4,25
O04957,P0093,2,20
O00511,P0074,1,15
O01187,P0100,4,20
O02931,P0002,1,25
O04120,P0022,1,5
O04895,P0093,1,25
O03898,P0049,4,5
O03229,P0039,3,20
O03160,P0081,2,25
O04106,P0014,4,25
O02281,P0076,4,25
O00416,P0072,3,10
O03635,P0009,3,15
O01414,P0020,2,0
O04919,P0031,1,5
O01931,P0077,4,15
O00540,P0088,3,5
O02460,P0067,3,25
O01485,P0061,3,15
O00071,P0027,4,20
O00209,P0069,4,10
O03504,P0076,4,0
O01967,P0005,3,15
O04790,P0076,1,20
O04481,P0079,3,20
O01555,P0058,1,20
O02912,P0051,3,15
O03712,P0094,3,25
O00844,P0082,1,0
O02903,P0029,2,10
O01920,P0003,2,15
O01835,P0026,4,10
O04491,P0084,3,0
O00036,P0047,4,20
O03650,P0015,4,10
O01846,P0019,4,15
O02474,P0056,2,5
O02168,P0045,1,20
O00459,P0092,4,20
O03435,P0090,3,0
O01847,P0088,3,0
O02305,P0056,1,25
O01950,P0093,1,25
O03656,P0095,3,15
O04013,P0005,2,15
O04066,P0087,3,15
O00782,P0089,3,5
O01611,P0091,4,5
O02429,P0055,3,15
O02105,P0024,3,10
O00709,P0035,2,0
O04842,P0034,2,0
O04809,P0071,3,5
O04034,P0087,4,20
O04930,P0018,1,25
O01158,P0097,4,10
O03826,P0056,2,20
O02203,P0039,1,10
O03051,P0050,1,25
O04997,P0048,1,20
O00721,P0032,4,5
O02416,P0016,4,15
O02823,P0079,1,10
O01846,P0018,2,15
O04589,P0016,1,5
O01529,P0080,3,0
O00765,P0024,3,5
O03748,P0085,4,5
O02734,P0055,3,5
O00834,P0038,3,10
O03139,P0036,1,25
O02522,P0073,1,10
O02355,P0065,4,15
O00795,P0090,3,10
O02509,P0086,3,20
O04010,P0076,4,15
O00493,P0054,4,5
O03762,P0058,2,0
O04072,P0014,1,0
O00017,P0001,4,15
O04356,P0086,2,15
O03887,P0049,1,5
O01992,P0050,4,25
O00400,P0043,1,0
O00257,P0059,3,0
O04027,P0052,2,0
O03668,P0086,1,15
O01228,P0073,3,20
O02068,P0024,2,10
O02987,P0094,2,10
O03366,P0045,3,25
O03223,P0093,4,25
O04218,P0054,4,20
O04810,P0043,1,10
O01199,P0076,2,5
O04185,P0093,3,20
O04389,P0041,4,10
O04613,P0064,2,10
O01836,P0075,1,10
O02548,P0096,3,25
O01504,P0077,4,10
O03224,P0073,2,15
O04019,P0038,4,25
O02918,P0005,3,20
O02456,P0075,4,5
O00979,P0071,1,10
O02936,P0010,4,5
O04179,P0068,2,15
O04282,P0055,1,25
O02367,P0033,4,10
O02583,P0018,3,20
O00798,P0071,1,15
O02119,P0049,2,5
O00425,P0028,4,15
O02402,P0006,2,5
O00246,P0072,4,25
O02320,P0010,1,0
O01535,P0054,3,20
O00053,P0008,3,20
O03350,P0092,1,25
O04579,P0001,1,10
O02739,P0024,3,20
O02852,P0026,3,5
O04930,P0030,1,20
O04433,P0056,2,5
O04709,P0076,2,10
O03169,P0093,2,25
O03891,P0062,3,25
O03491,P0018,4,15
O02094,P0006,2,5
O02048,P0078,4,25
O01055,P0091,3,25
O01583,P0068,2,15
O01776,P0048,4,5
O02096,P0039,1,5
O00016,P0050,2,10
O00417,P0016,4,25
O02928,P0018,2,25
O04947,P0041,3,15
O02578,P0037,2,20
O00149,P0047,2,25
O00893,P0033,1,20
O00482,P0031,3,5
O02196,P0082,4,5
O04603,P0027,1,25
O01941,P0051,1,0
O01693,P0036,3,10
O01703,P0086,4,15
O03871,P0022,4,0
O00856,P0089,3,5
O00495,P0002,1,25
O03834,P0007,2,10
O00607,P0034,3,20
O02312,P0049,3,20
O02094,P0040,4,5
O00228,P0063,3,15
O04858,P0038,2,0
O00880,P0062,4,25
O02928,P0034,3,10
O01760,P0013,4,5
O03047,P0055,2,15
O02735,P0073,3,5
O03904,P0034,1,15
O04949,P0054,4,0
O03898,P0033,1,15
O04993,P0087,3,20
O04031,P0024,3,10
O03081,P0051,4,20
O00432,P0054,1,10
O00624,P0021,2,5
O04102,P0020,3,0
O02741,P0075,4,25
O02262,P0009,1,15
O04863,P0058,1,20
O00702,P0023,1,0
O00899,P0057,2,20
O04682,P0046,2,5
O03044,P0027,4,0
O01299,P0017,2,10
O01425,P0053,2,15
O03394,P0095,3,25
O04824,P0099,3,0
O00443,P0096,2,20
O04278,P0062,4,5
O02466,P0012,2,10
O02452,P0084,4,5
O01174,P0072,3,15
O00803,P0068,4,5
O01034,P0081,4,5
O01770,P0018,2,25
O04408,P0044,2,0
O00380,P0068,1,5
O00022,P0053,1,5
O04342,P0059,1,0
O04437,P0020,4,0
O02734,P0058,3,25
O01534,P0026,1,10
O03240,P0001,1,20
O00391,P0012,1,15
O01000,P0017,1,25
O02482,P0018,3,0
O02894,P0057,2,0
O01286,P0047,1,10
O03750,P0022,3,10
O00130,P0016,3,5
O03402,P0077,4,20
O03920,P0072,4,15
O03280,P0048,1,0
O03033,P0092,1,5
O03772,P0012,1,25
O04849,P0005,3,5
O04885,P0004,1,0
O03146,P0059,1,10
O00520,P0019,4,5
O04935,P0037,3,10
O03124,P0045,4,0
O04968,P0034,2,15
O02138,P0092,2,0
O01537,P0073,4,10
O03596,P0085,3,20
O01619,P0066,3,5
O02377,P0100,1,10
O01320,P0012,4,10
O01402,P0094,4,0
O02630,P0002,2,0
O00954,P0073,4,10
O02261,P0071,3,10
O04722,P0053,1,15
O04310,P0028,2,20
O01990,P0056,2,25
O04792,P0017,1,0
O00001,P0099,3,10
O02737,P0075,2,0
O04617,P0077,3,5
O03327,P0018,3,10
O02376,P0045,4,10
O01705,P0097,4,5
O00228,P0038,2,20
O02423,P0038,3,10
O01149,P0062,1,15
O03748,P0070,4,10
O03447,P0088,3,0
O02444,P0014,2,5
O04695,P0090,4,0
O00997,P0008,2,10
O02937,P0043,2,10
O01534,P0087,3,5
O04271,P0075,2,20
O02880,P0092,3,5
O00368,P0073,4,15
O04328,P0087,2,5
O01426,P0014,3,15
O00336,P0097,1,10
O03981,P0022,4,5
O00294,P0011,1,5
O01901,P0093,3,25
O00754,P0100,2,0
O00816,P0079,3,15
O02265,P0087,4,15
O02708,P0030,3,20
O02578,P0070,1,5
O00355,P0030,2,10
O04014,P0006,2,25
O02653,P0096,4,10
O01525,P0092,4,5
O01538,P0014,2,5
O04174,P0026,1,10
O01389,P0075,3,0
O03592,P0077,1,15
O03036,P0023,1,25
O00477,P0097,2,10
O00004,P0028,1,10
O03970,P0049,4,25
O02374,P0055,3,10
O03097,P0094,1,10
O02540,P0029,4,10
O04860,P0009,3,15
O01351,P0082,2,5
O00358,P0027,4,10
O03632,P0004,1,25
O03387,P0048,3,15
O00552,P0033,3,0
O02430,P0019,3,0
O01149,P0043,4,20
O02208,P0093,2,10
O02728,P0062,1,15
O04952,P0035,4,25
O00300,P0089,2,15
O03556,P0017,3,10
O04234,P0072,2,20
O01976,P0083,1,20
O04218,P0028,2,20
O00066,P0006,3,25
O04952,P0027,2,10
O04727,P0043,4,10
O01827,P0016,2,25
O03214,P0047,1,10
O04706,P0009,2,10
O04446,P0044,3,5
O01979,P0059,2,25
O00172,P0004,1,25
O01749,P0072,3,10
O01531,P0066,1,20
O01421,P0032,3,0
O04051,P0039,2,15
O00273,P0012,2,25
O03131,P0023,2,15
O00355,P0017,3,20
O03287,P0031,4,20
O01313,P0013,4,25
O02410,P0093,1,0
O01126,P0024,3,20
O02119,P0034,1,20
O03704,P0037,2,15
O00881,P0076,2,20
O02565,P0075,1,5
O00725,P0047,2,0
O04834,P0060,4,25
O04548,P0040,3,25
O03314,P0034,2,10
O01981,P0023,1,0
O02177,P0081,4,20
O03376,P0046,2,5
O02363,P0047,1,25
O00119,P0083,3,0
O00334,P0096,3,5
O04541,P0015,4,10
O00752,P0026,4,10
O00273,P0061,3,20
O01203,P0034,4,15
O00271,P0018,3,5
O04740,P0084,3,15
O03420,P0016,1,25
O02947,P0008,2,20
O04775,P0016,4,5
O03581,P0072,2,5
O00069,P0053,3,10
O00561,P0092,2,5
O04823,P0064,1,10
O01635,P0041,3,0
O02788,P0056,2,20
O01152,P0094,4,0
O02583,P0040,4,0
O02895,P0092,4,0
O01567,P0021,1,25
O03418,P0045,1,0
O02241,P0078,2,20
O01010,P0011,4,10
O02621,P0094,1,15
O00109,P0069,2,20
O01039,P0059,2,10
O01084,P0038,3,5
O04510,P0039,1,0
O03989,P0084,1,25
O00835,P0040,3,15
O00246,P0031,2,10
O00911,P0017,1,15
O04393,P0001,3,10
O01546,P0097,2,5
O01797,P0011,2,0
O00205,P0025,3,5
O01419,P0002,1,25
O02467,P0073,2,20
O04712,P0064,2,15
O03918,P0084,2,0
O00671,P0004,4,0
O03562,P0097,4,5
O04789,P0019,4,25
O00495,P0026,1,25
O03441,P0015,4,15
O00975,P0040,4,5
O01357,P0013,3,5
O00865,P0025,4,20
O01383,P0089,4,0
O03119,P0025,3,10
O04698,P0022,1,5
O01896,P0099,2,5
O01232,P0044,2,0
O04688,P0039,1,20
O02311,P0011,3,20
O03257,P0042,2,0
O03748,P0063,4,20
O01649,P0039,2,0
O03422,P0078,3,0
O03247,P0082,3,10
O01456,P0019,3,10
O02145,P0097,4,20
O03549,P0014,1,10
O03398,P0010,1,15
O01895,P0091,3,10
O01600,P0057,4,5
O00566,P0073,4,20
O01660,P0053,3,10
O04530,P0089,4,25
O01460,P0059,1,15
O03128,P0069,2,20
O00959,P0067,2,25
O03557,P0003,3,0
O03934,P0082,1,15
O01228,P0080,3,20
O02460,P0035,2,25
O00655,P0025,3,20
O00903,P0049,2,5
O04968,P0064,1,25
O04708,P0083,1,20
O03379,P0001,3,15
O01163,P0100,1,10
O03446,P0015,2,25
O02464,P0068,4,5
O04418,P0099,2,10
O02339,P0030,1,10
O04112,P0091,4,15
O03217,P0032,4,25
O01252,P0033,1,0
O04384,P0065,2,10
O00880,P0072,3,15
O01968,P0021,3,5
O03041,P0067,2,5
O03691,P0100,2,10
O00944,P0007,4,20
O03364,P0043,2,5
O04050,P0028,4,15
O03202,P0016,4,5
O00683,P0074,4,15
O03021,P0085,1,20
O04343,P0074,4,15
O00101,P0023,2,0
O01211,P0053,1,0
O01979,P0001,1,20
O04434,P0063,4,5
O04939,P0016,3,5
O00573,P0045,2,0
O01937,P0048,2,5
O01272,P0008,4,0
O01744,P0068,2,0
O04750,P0027,2,25
O00602,P0091,3,20
O01483,P0050,4,0
O03510,P0053,3,20
O03175,P0098,3,0
O02926,P0031,4,0
O04164,P0069,1,5
O00307,P0058,2,20
O03242,P0060,4,25
O03287,P0092,4,20
O00301,P0072,2,20
O01954,P0024,3,15
O02381,P0080,4,10
O00286,P0012,3,0
O01984,P0001,1,0
O04537,P0070,3,10
O03836,P0057,4,15
O04907,P0068,2,10
O03535,P0018,4,5
O00033,P0001,3,20
O00868,P0036,2,15
O02293,P0066,1,5
O03027,P0050,3,15
O01137,P0054,3,20
O01387,P0037,3,0
O01039,P0040,2,5
O01945,P0033,1,20
O01802,P0018,1,10
O03814,P0074,4,20
O03761,P0004,4,0
O04926,P0079,1,25
O01488,P0069,1,0
O01453,P0083,1,20
O02476,P0003,3,15
O02914,P0057,3,20
O02293,P0002,3,25
O00808,P0087,4,15
O01125,P0024,1,5
O00447,P0003,2,10
O04954,P0051,4,10
O00103,P0097,2,5
O03655,P0003,4,15
O02063,P0083,4,0
O00608,P0029,4,25
O01619,P0057,2,25
O00554,P0097,4,10
O03912,P0048,3,25
O04578,P0019,3,5
O02771,P0064,4,10
O02028,P0100,1,25
O01930,P0016,4,20
O03401,P0084,3,5
O02190,P0025,2,5
O01198,P0012,3,10
O01032,P0071,3,20
O00724,P0090,3,20
O04902,P0017,4,25
O01379,P0030,4,5
O00453,P0027,1,20
O02086,P0024,2,25
O02898,P0030,1,15
O02674,P0015,3,25
O02439,P0043,3,20
O03912,P0012,4,20
O00802,P0091,1,20
O00594,P0004,1,25
O04045,P0008,4,5
O03575,P0050,4,10
O04368,P0019,1,20
O04726,P0011,1,0
O04460,P0013,3,20
O03664,P0004,2,15
O03267,P0055,3,25
O00673,P0009,2,10
O01038,P0064,4,20
O04168,P0010,3,0
O01072,P0083,1,15
O00808,P0084,4,0
O01323,P0039,1,10
O00226,P0054,1,15
O03569,P0065,3,15
O02183,P0086,3,25
O04812,P0088,3,10
O00825,P0062,3,25
O00602,P0024,4,10
O02414,P0077,1,0
O00716,P0022,2,10
O04549,P0029,2,0
O01171,P0056,1,0
O00202,P0037,1,0
O03980,P0070,2,5
O04619,P0085,2,0
O02884,P0071,4,0
O04790,P0080,4,15
O02693,P0021,3,10
O04221,P0005,1,10
O01758,P0016,1,0
O02995,P0038,2,15
O03265,P0100,3,25
O03033,P0034,3,10
O00551,P0031,1,20
O02690,P0083,1,20
O02907,P0036,1,10
O00341,P0012,2,10
O00709,P0044,1,5
O01645,P0018,3,15
O03148,P0075,3,15
O00219,P0086,3,15
O02975,P0097,3,10
O01527,P0035,1,0
O00542,P0028,2,25
O02304,P0099,3,0
O00737,P0048,3,5
O02308,P0024,3,10
O03639,P0072,1,15
O04561,P0037,3,10
O01200,P0061,2,5
O00709,P0097,1,5
O00615,P0006,3,20
O01468,P0100,2,25
O02931,P0048,4,10
O00921,P0032,2,25
O04452,P0021,3,10
O00858,P0067,3,25
O00765,P0088,4,25
O04912,P0034,4,5
O00952,P0096,3,25
O03595,P0087,2,20
O04926,P0088,3,5
O03758,P0085,2,15
O04259,P0083,4,10
O01611,P0040,3,10
O03343,P0016,3,25
O04699,P0057,4,20
O00488,P0018,1,10
O00106,P0006,3,20
O01334,P0053,2,5
O02109,P0097,2,15
O03981,P0010,3,25
O03287,P0097,2,0
O00345,P0077,4,20
O01973,P0087,2,20
O02276,P0025,4,15
O03278,P0057,2,5
O00881,P0039,3,20
O02250,P0094,2,20
O02466,P0065,3,5
O04369,P0055,4,25
O01366,P0023,1,5
O01974,P0016,4,20
O03621,P0083,4,0
O03561,P0065,1,5
O04111,P0034,3,15
O04777,P0048,1,0
O03167,P0070,3,5
O01625,P0033,1,20
O04234,P0027,2,0
O02699,P0072,2,25
O00287,P0077,1,0
O03016,P0047,4,0
O03507,P0033,3,0
O02970,P0073,3,25
O02539,P0036,2,15
O04528,P0021,1,0
O04066,P0007,2,20
O02773,P0008,1,5
O00158,P0050,3,0
O03582,P0051,1,10
O03622,P0097,4,15
O02014,P0033,3,5
O02478,P0058,1,5
O04557,P0064,1,25
O03062,P0015,2,20
O00408,P0072,2,5
O02881,P0100,1,15
O00500,P0044,1,25
O00895,P0093,1,20
O02968,P0001,2,20
O01551,P0052,3,10
O02322,P0042,2,20
O03877,P0078,1,25
O04927,P0026,2,15
O02115,P0007,1,0
O01072,P0062,4,10
O04301,P0079,3,20
O04522,P0089,2,10
O02718,P0060,2,20
O02526,P0009,2,15
O03925,P0095,4,25
O00908,P0008,2,15
O00883,P0028,4,10
O04384,P0079,2,25
O00187,P0049,4,15
O01077,P0071,2,0
O00514,P0021,3,25
O02085,P0088,4,5
O00412,P0094,3,10
O04117,P0013,3,15
O00368,P0015,3,15
O04610,P0071,1,25
O03562,P0019,2,5
O00056,P0013,3,20
O00168,P0013,3,20
O04178,P0055,4,5
O04338,P0069,2,20
O04574,P0005,4,10
O02275,P0047,3,15
O02002,P0008,2,15
O04345,P0037,3,0
O03481,P0079,2,20
O04228,P0046,1,10
O03262,P0091,3,5
O01952,P0001,2,0
O01068,P0067,1,10
O04164,P0040,4,10
O00193,P0032,4,0
O04314,P0020,4,0
O02503,P0054,3,10
O04227,P0027,3,0
O00322,P0018,4,25
O01231,P0089,2,5
O02485,P0012,1,20
O03372,P0009,3,0
O03488,P0074,3,0
O02954,P0040,2,15
O02410,P0002,1,10
O02411,P0097,4,15
O02414,P0052,2,15
O03779,P0076,2,10
O00386,P0005,3,5
O04442,P0052,4,5
O01056,P0054,1,15
O04521,P0095,4,15
O03510,P0041,1,0
O02622,P0067,4,20
O03987,P0015,1,25
O01898,P0095,2,25
O03866,P0046,1,10
O03874,P0074,1,20
O03001,P0079,2,15
O04896,P0076,1,0
O04411,P0016,2,5
O03981,P0017,3,5
O01928,P0012,1,25
O01259,P0099,1,15
O02117,P0083,3,10
O00164,P0030,1,20
O02193,P0042,1,5
O03160,P0047,2,0
O00097,P0090,2,25
O04258,P0064,4,25
O03488,P0044,2,15
O01312,P0011,4,10
O00483,P0043,1,25
O04045,P0092,3,0
O04681,P0032,4,5
O04697,P0099,2,20
O00623,P0069,1,25
O04736,P0084,3,0
O02733,P0033,2,0
O04239,P0098,3,20
O04417,P0092,1,20
O01984,P0100,2,0
O00951,P0088,2,5
O01298,P0096,1,25
O00423,P0056,2,5
O02447,P0006,1,25
O04540,P0059,2,10
O03228,P0040,4,15
O02849,P0023,3,20
O04615,P0094,2,10
O04194,P0034,1,5
O01018,P0037,4,0
O03391,P0012,2,5
O04748,P0089,4,15
O00274,P0028,2,15
O01553,P0034,1,0
O01170,P0020,1,0
O01811,P0024,1,10
O00223,P0033,2,10
O04690,P0075,1,20
O02912,P0065,4,5
O00416,P0094,3,10
O01794,P0091,2,25
O00468,P0035,4,25
O00010,P0069,1,5
O03131,P0024,2,20
O02324,P0048,1,20
O01565,P0009,3,20
O03079,P0059,2,10
O01209,P0059,3,20
O00500,P0006,3,5
O00466,P0094,1,10
O01455,P0042,1,0
O04925,P0065,2,25
O02672,P0047,2,15
O01777,P0094,2,15
O02015,P0100,4,15
O01359,P0066,1,25
O01630,P0074,4,15
O03306,P0097,2,10
O02379,P0048,1,25
O04234,P0094,1,5
O04030,P0096,3,0
O00315,P0086,3,5
O04253,P0029,2,15
O00489,P0067,1,0
O04154,P0009,3,5
O04826,P0039,3,25
O04114,P0011,1,10
O04068,P0038,1,20
O03614,P0020,1,10
O00227,P0056,4,10
O03849,P0076,4,0
O00807,P0068,1,20
O01391,P0071,4,20
O00149,P0003,4,20
O01749,P0087,3,10
O01094,P0009,4,0
O03811,P0054,2,0
O02545,P0058,2,5
O04608,P0033,3,20
O01338,P0095,3,10
O03038,P0039,3,25
O00003,P0041,2,20
O03629,P0087,1,25
O00804,P0068,2,25
O00890,P0021,4,5
O04023,P0048,3,25
O01414,P0015,4,25
O04856,P0001,3,10
O01743,P0001,3,20
O04125,P0034,3,10
O02328,P0032,4,15
O04591,P0075,4,20
O00005,P0079,2,25
O01118,P0037,2,20
O01584,P0061,2,0
O03958,P0065,3,10
O01832,P0083,3,20
O00965,P0016,4,25
O00814,P0070,4,15
O02085,P0012,3,25
O01091,P0080,3,10
O04534,P0074,1,10
O03423,P0094,2,5
O04479,P0096,3,10
O04932,P0042,1,25
O01424,P0017,4,15
O04774,P0091,2,25
O00854,P0038,4,15
O00041,P0002,2,20
O01330,P0016,3,20
O03612,P0099,4,25
O00003,P0043,2,15
O04928,P0042,4,25
O01958,P0041,3,10
O01253,P0053,4,20
O02877,P0090,3,25
O02981,P0047,3,10
O00960,P0025,1,5
O04601,P0075,4,0
O01512,P0070,1,15
O03765,P0012,1,10
O04703,P0004,2,15
O02521,P0015,4,15
O02205,P0075,1,15
O01150,P0091,3,5
O03220,P0002,2,0
O01218,P0064,2,10
O01119,P0077,1,25
O02665,P0045,4,5
O04831,P0017,2,20
O01074,P0004,3,15
O01209,P0090,1,0
O00234,P0048,3,20
O01085,P0030,2,10
O02384,P0094,2,25
O03799,P0014,2,25
O02757,P0020,1,20
O03785,P0019,4,15
O03705,P0029,3,20
O04100,P0084,1,25
O00203,P0061,3,25
O01620,P0044,3,15
O02184,P0076,3,10
O04846,P0059,4,5
O02396,P0048,1,5
O01122,P0081,3,20
O03856,P0097,3,25
O04587,P0018,3,15
O04249,P0005,1,15
O03279,P0026,2,0
O04727,P0075,4,5
O01953,P0024,1,0
O02215,P0026,2,5
O04248,P0055,3,5
O01877,P0030,4,5
O03408,P0019,2,5
O01129,P0049,2,10
O00470,P0009,3,0
O03910,P0002,3,15
O01324,P0092,2,10
O00507,P0019,4,15
O02294,P0078,4,0
O00499,P0032,2,25
O03048,P0068,4,20
O03659,P0024,2,10
O03086,P0034,3,10
O01100,P0051,3,25
O00274,P0008,3,5
O01299,P0089,2,25
O02773,P0097,4,15
O04912,P0006,2,20
O04150,P0051,2,10
O00555,P0084,3,10
O03828,P0041,1,20
O03334,P0061,2,5
O01944,P0051,2,0
O03385,P0083,2,20
O03788,P0019,3,5
O01563,P0096,3,5
O03227,P0009,2,5
O03500,P0025,4,5
O01666,P0059,3,5
O02308,P0080,3,0
O04466,P0056,3,25
O01111,P0056,2,20
O03256,P0053,2,0
O02926,P0049,4,15
O03356,P0044,4,25
O04237,P0051,4,0
O03429,P0094,2,20
O02080,P0025,1,10
O01860,P0061,4,5
O00367,P0056,4,5
O04734,P0089,3,15
O02446,P0024,2,15
O02995,P0047,2,25
O02243,P0061,1,15
O00461,P0043,4,0
O03284,P0039,2,0
O03516,P0072,1,20
O04701,P0050,3,15
O02600,P0083,1,15
O02978,P0072,4,10
O01743,P0089,1,20
O01202,P0093,4,10
O03112,P0063,2,10
O01302,P0047,4,0
O03499,P0064,4,15
O01636,P0015,4,0
O02390,P0072,2,0
O00773,P0098,3,25
O02862,P0085,3,25
O03443,P0032,3,10
O03822,P0031,1,25
O01012,P0083,3,0
O01243,P0088,4,0
O01980,P0088,2,20
O03214,P0026,3,10
O00434,P0063,2,20
O02272,P0012,1,10
O02801,P0071,3,15
O02612,P0018,1,5
O00358,P0072,3,5
O01684,P0018,1,5
O02064,P0003,3,25
O03430,P0010,4,15
O04606,P0086,1,15
O00378,P0069,2,25
O02795,P0038,4,20
O01623,P0076,2,0
O02429,P0078,1,0
O00971,P0082,2,15
O00971,P0032,2,10
O03672,P0073,4,5
O02772,P0026,1,0
O01544,P0010,1,10
O03427,P0079,1,10
O01357,P0057,1,15
O00492,P0033,4,10
O04198,P0062,2,25
O04856,P0025,1,10
O00254,P0072,3,25
O03073,P0057,1,0
O03731,P0099,2,5
O00338,P0007,2,10
O01017,P0036,3,25
O00881,P0068,2,0
O02786,P0068,2,20
O02218,P0040,4,5
O02149,P0091,4,25
O00098,P0056,3,5
O03646,P0027,4,10
O01486,P0079,1,0
O00997,P0071,4,0
O03965,P0011,3,10
O01831,P0010,2,15
O04010,P0064,2,0
O00190,P0005,1,10
O00576,P0031,2,0
O02897,P0099,3,0
O01316,P0096,4,25
O00399,P0051,4,20
O04227,P0002,2,10
O03751,P0077,2,20
O03985,P0057,3,20
O00916,P0073,1,5
O02452,P0040,1,0
O04690,P0049,2,10
O04753,P0048,1,10
O03768,P0045,1,25
O02748,P0060,2,0
O02659,P0023,3,10
O04696,P0053,1,10
O04768,P0028,4,5
O00199,P0016,2,10
O02497,P0075,4,20
O02295,P0039,2,0
O00840,P0098,2,25
O00574,P0014,3,10
O02155,P0010,1,0
O01986,P0056,2,25
O00640,P0088,2,5
O01262,P0069,1,10
O04812,P0005,2,5
O02851,P0015,4,20
O00996,P0053,4,5
O03531,P0004,2,25
O03082,P0072,3,15
O00757,P0097,3,5
O01832,P0077,3,5
O01075,P0006,1,0
O04702,P0095,4,10
O02069,P0049,2,15
O04896,P0045,2,5
O02518,P0011,4,20
O02410,P0043,2,25
O03102,P0023,4,5
O01593,P0016,2,15
O00088,P0079,3,25
O02001,P0036,4,20
O04882,P0007,3,0
O02631,P0047,1,25
O01211,P0057,1,0
O00951,P0080,3,20
O02693,P0068,4,25
O03323,P0096,2,25
O02417,P0026,1,20
O00808,P0074,3,20
O03533,P0049,1,20
O00780,P0092,2,10
O03659,P0049,3,5
O02677,P0086,3,10
O04390,P0095,2,20
O03101,P0058,1,20
O02858,P0063,1,20
O04817,P0061,4,5
O02973,P0016,1,10
O04902,P0048,4,20
O04774,P0091,3,0
O03100,P0053,3,20
O03104,P0092,1,10
O01342,P0099,4,10
O02308,P0004,1,15
O02289,P0019,2,15
O00272,P0039,2,10
O03872,P0070,4,25
O01916,P0026,3,10
O02818,P0063,4,25
O00047,P0044,1,0
O00912,P0098,2,15
O00977,P0027,1,25
O04659,P0061,3,25
O03902,P0083,3,10
O04024,P0083,4,20
O03522,P0066,4,5
O00224,P0045,4,25
O04994,P0079,4,0
O01316,P0074,2,10
O00940,P0050,1,20
O04331,P0084,3,25
O01041,P0084,2,20
O02850,P0043,3,15
O00796,P0040,1,25
O02736,P0021,1,20
O02719,P0043,1,15
O03380,P0067,3,20
O02015,P0061,4,15
O00385,P0080,2,20
O00162,P0054,2,5
O03224,P0071,3,0
O03342,P0089,1,25
O02460,P0054,3,10
O04181,P0048,3,5
O02812,P0037,3,25
O00755,P0037,2,15
O04539,P0045,1,15
O02464,P0040,1,10
O03457,P0090,3,5
O03851,P0100,3,0
O01733,P0029,3,5
O00416,P0051,2,25
O01712,P0073,3,15
O01506,P0009,3,0
O03470,P0031,1,5
O01428,P0018,1,5
O03757,P0047,1,15
O04860,P0026,1,15
O00454,P0044,1,25
O03398,P0011,4,10
O04528,P0036,4,0
O00801,P0062,3,0
O00742,P0094,1,10
O00804,P0042,2,15
O01628,P0028,2,5
O01342,P0017,2,25
O03761,P0070,3,25
O04882,P0043,4,0
O04134,P0100,3,5
O01055,P0035,4,15
O00384,P0047,3,20
O04436,P0066,2,20
O01089,P0037,2,25
O00129,P0068,2,15
O00897,P0095,1,25
O04858,P0081,3,5
O03169,P0059,2,5
O04891,P0037,2,25
O04354,P0037,1,0
O00276,P0083,4,10
O03632,P0010,1,10
O04153,P0084,4,10
O03546,P0045,4,15
O01748,P0001,3,10
O03076,P0096,4,10
O02756,P0073,1,25
O02937,P0042,4,0
O03276,P0054,1,0
O03547,P0046,1,25
O03239,P0029,2,20
O00376,P0042,4,5
O00945,P0016,3,10
O03490,P0051,2,15
O02452,P0019,4,0
O01619,P0024,2,20
O04172,P0059,1,5
O02729,P0027,3,5
O04716,P0016,4,25
O04240,P0060,4,0
O02764,P0003,3,10
O01393,P0099,4,5
O04389,P0045,1,5
O02080,P0064,1,15
O00878,P0089,4,15
O01361,P0071,4,15
O03637,P0062,1,5
O03598,P0042,4,5
O04214,P0060,1,10
O03295,P0087,3,15
O00400,P0093,4,10
O00459,P0077,4,15
O02454,P0026,4,20
O03222,P0013,1,0
O00954,P0036,2,10
O01192,P0001,1,5
O02777,P0069,3,20
O00073,P0088,3,5
O01313,P0044,4,25
O01763,P0038,1,25
O00409,P0091,4,10
O03139,P0029,1,15
O03243,P0006,3,25
O04069,P0085,2,5
O00327,P0034,4,20
O01436,P0071,2,25
O03227,P0039,2,10
O00493,P0027,1,5
O00771,P0046,4,25
O01684,P0088,4,20
O04177,P0063,3,0
O02927,P0066,4,5
O01214,P0045,3,15
O03286,P0066,4,0
O00868,P0080,2,10
O03555,P0081,2,10
O03671,P0091,3,0
O00968,P0047,3,0
O00531,P0065,1,25
O04487,P0014,3,0
O01687,P0068,4,25
O04979,P0022,4,15
O03024,P0091,2,15
O04915,P0009,1,20
O00482,P0020,1,5
O03179,P0037,3,0
O03770,P0015,1,10
O04110,P0043,3,20
O04282,P0034,3,0
O04519,P0035,2,15
O02218,P0077,1,10
O01855,P0026,4,20
O03931,P0042,1,15
O03972,P0092,4,25
O04511,P0002,4,20
O02478,P0085,1,20
O04763,P0074,1,15
O01390,P0091,4,5
O03582,P0057,1,20
O04966,P0088,1,10
O02857,P0095,1,0
O03189,P0005,2,20
O00503,P0063,4,25
O00760,P0034,2,15
O02917,P0047,4,25
O02149,P0027,2,5
O04074,P0019,4,10
O00169,P0043,3,25
O00501,P0080,1,10
O01281,P0020,1,10
O04626,P0042,2,15
O01329,P0024,2,5
O00128,P0078,4,10
O04335,P0026,2,15
O03608,P0018,2,20
O00393,P0096,3,15
O02831,P0086,4,25
O04695,P0024,4,15
O00895,P0037,2,25
O04293,P0042,2,5
O00149,P0018,1,5
O00916,P0063,4,5
O02813,P0067,3,10
O01804,P0033,4,15
O02291,P0003,4,10
O03708,P0083,3,5
O02005,P0059,4,0
O04942,P0038,3,5
O03820,P0092,1,15
O04490,P0084,4,20
O04382,P0094,1,25
O00785,P0053,2,15
O01441,P0005,2,0
O04343,P0027,1,10
O03409,P0060,2,25
O00560,P0048,3,10
O00471,P0044,4,25
O01264,P0057,2,0
O02816,P0089,4,15
O03169,P0070,4,15
O03468,P0090,2,0
O04326,P0021,2,20
O00496,P0072,3,0
O01736,P0012,2,15
O02861,P0053,3,10
O01748,P0049,3,15
O02253,P0020,2,0
O00777,P0062,3,20
O02557,P0090,1,25
O03133,P0074,4,15
O01014,P0001,1,20
O03150,P0034,1,10
O01421,P0046,2,20
O03587,P0052,1,0
O03225,P0027,2,10
O04357,P0012,2,0
O02041,P0056,3,10
O02309,P0027,2,15
O01685,P0051,2,15
O00096,P0071,3,0
O04831,P0041,2,25
O04080,P0056,1,0
O00762,P0022,4,15
O01297,P0017,3,20
O03883,P0050,1,0
O03199,P0051,1,0
O03002,P0085,4,15
O02546,P0080,1,5
O03820,P0079,4,0
O00652,P0028,3,20
O01054,P0055,2,25
O04106,P0055,4,20
O03356,P0051,1,25
O01064,P0008,4,25
O00268,P0075,2,10
O02489,P0013,2,10
O03375,P0056,3,10
O02459,P0096,1,25
O00777,P0071,3,25
O00671,P0015,4,20
O02497,P0079,3,5
O04039,P0013,3,25
O03003,P0029,3,20
O02362,P0007,1,5
O03757,P0004,3,15
O01467,P0072,2,25
O00592,P0092,3,25
O00739,P0006,2,5
O02821,P0064,1,20
O00104,P0022,4,5
O01684,P0015,3,5
O00691,P0055,4,25
O01719,P0039,3,0
O01749,P0006,4,5
O04785,P0005,3,15
O04994,P0066,1,5
O02148,P0022,2,20
O03234,P0035,3,25
O03336,P0077,3,10
O03281,P0021,2,15
O03505,P0066,1,20
O04638,P0038,1,25
O03020,P0090,2,10
O01914,P0055,3,20
O00975,P0046,3,15
O04556,P0091,1,20
O01194,P0049,4,5
O00251,P0049,4,15
O03742,P0088,2,15
O00041,P0015,3,10
O01387,P0046,3,10
O00745,P0039,4,25
O03017,P0099,1,15
O03631,P0014,4,25
O01577,P0031,1,20
O04982,P0053,3,25
O01237,P0018,3,0
O01656,P0060,1,25
O03553,P0012,4,15
O03834,P0025,1,15
O03376,P0031,2,25
O02213,P0063,4,20
O00782,P0097,1,0
O01904,P0014,4,0
O02163,P0035,2,25
O00069,P0046,3,5
O02546,P0064,2,5
O04563,P0049,3,20
O03572,P0043,4,20
O01382,P0043,3,10
O01906,P0069,2,20
O03311,P0052,3,20
O02780,P0049,4,0
O04164,P0088,2,0
O04083,P0068,1,5
O00973,P0015,2,25
O01721,P0083,1,15
O02696,P0048,2,10
O03385,P0032,1,25
O01372,P0089,2,10
O02350,P0005,2,5
O03315,P0080,4,0
O01210,P0040,1,15
O01943,P0098,2,0
O03736,P0054,4,0
O02401,P0068,1,0
O01377,P0045,2,20
O01272,P0070,1,20
O03131,P0065,3,10
O00995,P0062,4,10
O04618,P0053,2,20
O01860,P0012,1,20
O04445,P0061,4,10
O02840,P0096,1,25
O04956,P0008,2,5
O02974,P0016,1,0
O04223,P0044,2,5
O00588,P0078,4,20
O03768,P0011,3,20
O03018,P0049,2,5
O00610,P0100,4,10
O01897,P0080,2,15
O01027,P0089,2,15
O03645,P0092,1,15
O03933,P0034,3,20
O04137,P0014,4,15
O03959,P0040,4,20
O00964,P0057,3,15
O04599,P0046,3,5
O01058,P0096,3,20
O02303,P0034,4,5
O04919,P0092,2,20
O04313,P0024,4,5
O00828,P0009,2,25
O00357,P0081,3,20
O00598,P0058,3,20
O00683,P0082,3,20
O01138,P0077,4,25
O00985,P0039,1,0
O04152,P0085,4,25
O01521,P0039,2,25
O00465,P0003,1,25
O02760,P0010,1,10
O01114,P0001,3,25
O01082,P0074,1,0
O01581,P0062,4,5
O04968,P0082,1,10
O00884,P0006,4,5
O02916,P0070,3,20
O01406,P0063,4,15
O01898,P0006,4,5
O02276,P0038,4,10
O01387,P0007,4,15
O01341,P0025,2,20
O00335,P0086,3,10
O04011,P0047,4,10
O00568,P0060,4,20
O00611,P0025,2,15
O01870,P0075,4,0
O03419,P0034,1,25
O02374,P0026,3,20
O03078,P0041,4,20
O00684,P0056,1,15
O00829,P0099,3,0
O01797,P0065,1,15
O03704,P0007,3,20
O03836,P0091,2,0
O00189,P0073,2,25
O02268,P0062,1,25
O03817,P0033,3,0
O03469,P0080,4,25
O03138,P0089,2,20
O04341,P0005,4,20
O03484,P0046,4,5
O00942,P0098,1,15
O00154,P0029,2,10
O01733,P0008,1,10
O02745,P0091,3,15
O01143,P0092,2,25
O01473,P0023,2,0
O02385,P0033,1,5
O03743,P0001,3,25
O00091,P0091,4,10
O04976,P0092,2,15
O03931,P0090,2,10
O04846,P0086,2,15
O04935,P0086,1,25
O00279,P0014,1,20
O01327,P0028,3,10
O02377,P0066,2,20
O02995,P0024,1,10
O04061,P0070,2,0
O03928,P0033,4,10
O01491,P0015,1,10
O02060,P0057,1,20
O04330,P0032,2,5
O02490,P0074,3,20
O01416,P0034,1,5
O03983,P0084,4,20
O03714,P0088,1,5
O04668,P0006,2,15
O04309,P0041,3,25
O03384,P0071,3,25
O03917,P0012,1,15
O02405,P0067,1,20
O02953,P0058,2,15
O04724,P0043,1,25
O01387,P0013,1,5
O04649,P0072,1,15
O02182,P0019,2,20
O03728,P0090,3,15
O04790,P0046,1,20
O01935,P0091,3,5
O00139,P0039,1,20
O04460,P0073,3,5
O01715,P0092,3,10
O01826,P0085,3,20
O01594,P0048,2,20
O01158,P0060,2,5
O04144,P0042,2,0
O04246,P0030,2,5
O03092,P0029,1,5
O00785,P0044,4,20
O03736,P0019,4,20
O01248,P0006,1,25
O02046,P0082,4,20
O02423,P0084,3,5
O03849,P0083,3,5
O02233,P0009,3,25
O01991,P0012,2,0
O02332,P0054,3,15
O02098,P0031,1,5
O02252,P0055,1,5
O04656,P0091,1,15
O01887,P0076,2,0
O01666,P0044,2,25
O01358,P0082,2,20
O02323,P0035,2,20
O00357,P0060,2,5
O01659,P0074,2,5
O04062,P0008,1,20
O03905,P0086,4,20
O01584,P0025,2,10
O02800,P0085,4,5
O02819,P0004,1,15
O02886,P0017,3,5
O03646,P0038,3,25
O01124,P0014,1,5
O03730,P0066,1,10
O04580,P0020,4,5
O00014,P0042,4,5
O00873,P0096,4,5
O01550,P0037,3,25
O02023,P0015,2,0
O01831,P0043,4,25
O04740,P0063,3,10
O01178,P0044,4,10
O04243,P0004,1,15
O00614,P0072,3,20
O01109,P0093,2,0
O04605,P0094,1,25
O00321,P0097,3,20
O03260,P0027,2,15
O04224,P0080,2,5
O01759,P0061,1,25
O02744,P0089,2,5
O00544,P0056,4,20
O02320,P0092,1,10
O00677,P0072,4,0
O02535,P0055,4,25
O03281,P0073,1,20
O02535,P0031,2,20
O04629,P0094,4,0
O03305,P0059,3,10
O03627,P0088,3,20
O04498,P0084,1,10
O03816,P0087,2,20
O04251,P0087,1,10
O02537,P0087,1,25
O04463,P0069,2,0
O04194,P0022,4,0
O02706,P0018,4,5
O03747,P0017,3,10
O01595,P0092,1,25
O02612,P0008,4,5
O04346,P0016,2,5
O03010,P0067,3,5
O02007,P0073,1,20
O02383,P0065,2,20
O03117,P0091,2,15
O03551,P0072,3,0
O01045,P0009,3,15
O02769,P0082,2,5
O01816,P0099,1,0
O03266,P0066,4,25
O03019,P0003,2,25
O01760,P0055,3,5
O03423,P0088,3,25
O00743,P0084,2,20
O01611,P0084,4,15
O04543,P0067,4,25
O02492,P0074,1,15
O04853,P0043,2,15
O01609,P0061,4,20
O04771,P0076,3,0
O02097,P0090,1,5
O02710,P0053,3,10
O03732,P0004,3,25
O03778,P0028,3,0
O03367,P0021,2,10
O02983,P0051,4,0
O02206,P0073,3,5
O02606,P0016,1,15
O03833,P0073,1,10
O02915,P0022,2,5
O04477,P0078,1,0
O00495,P0090,1,5
O02777,P0068,1,10
O00158,P0015,4,20
O04480,P0055,4,10
O03105,P0009,1,10
O04866,P0100,1,0
O03064,P0078,1,20
O00285,P0030,2,5
O01848,P0062,3,20
O01097,P0026,2,20
O01734,P0041,3,10
O00150,P0025,2,15
O00987,P0043,1,20
O04039,P0035,2,20
O02050,P0039,4,20
O04266,P0078,3,10
O03703,P0081,3,15
O03834,P0045,3,10
O00073,P0006,4,0
O04528,P0062,4,25
O02324,P0065,1,25
O03609,P0098,3,15
O04748,P0045,4,15
O03882,P0044,1,15
O00651,P0006,4,5
O03968,P0097,1,15
O03210,P0034,2,20
O04870,P0087,4,0
O03997,P0075,4,5
O04936,P0079,4,0
O04483,P0046,3,20
O00077,P0043,2,10
O04159,P0040,2,15
O02412,P0092,4,5
O01191,P0029,2,5
O01251,P0048,2,10
O04237,P0073,4,0
O04135,P0001,1,15
O04007,P0078,1,10
O04526,P0087,3,25
O01109,P0087,4,25
O03287,P0005,4,20
O04660,P0075,3,0
O00324,P0046,1,25
O03816,P0032,3,5
O00602,P0055,4,25
O03459,P0093,2,10
O02651,P0019,1,25
O00884,P0007,4,0
O03427,P0036,3,10
O02128,P0043,2,15
O04716,P0065,1,20
O03041,P0012,3,15
O02828,P0081,4,25
O03240,P0032,1,0
O00408,P0068,3,25
O03098,P0088,1,10
O03560,P0068,4,25
O00699,P0003,3,15
O01980,P0023,1,25
O00949,P0014,4,25
O02789,P0100,3,0
O02527,P0076,1,25
O02024,P0072,1,5
O04978,P0024,2,10
O03918,P0089,1,15
O02817,P0091,4,20
O04303,P0024,2,20
O01514,P0094,3,10
O03995,P0009,4,0
O02806,P0015,3,5
O01306,P0058,3,0
O00441,P0010,1,10
O02434,P0053,3,0
O02666,P0048,2,15
O01902,P0013,3,20
O00949,P0049,4,15
O03727,P0086,2,10
O04578,P0089,4,25
O02423,P0082,3,0
O00413,P0045,2,5
O01320,P0082,1,25
O04658,P0091,1,15
O03962,P0003,3,15
O01820,P0060,2,0
O00653,P0088,3,25
O03065,P0037,4,25
O00301,P0086,1,15
O02679,P0058,3,25
O01500,P0003,3,20
O04477,P0004,1,15
O04745,P0028,4,15
O04191,P0031,2,15
O02751,P0043,2,25
O04543,P0075,3,20
O04400,P0025,3,15
O02193,P0090,3,10
O03604,P0076,3,20
O03408,P0004,1,10
O01526,P0022,3,20
O00537,P0006,4,20
O03489,P0068,1,20
O02448,P0024,4,15
O00312,P0069,1,20
O00197,P0079,1,25
O01111,P0049,4,20
O01789,P0055,4,0
O02113,P0075,4,15
O03184,P0011,2,25
O02033,P0070,3,15
O03724,P0046,3,0
O01702,P0059,4,5
O01161,P0026,2,20
O00261,P0095,3,20
O03057,P0051,1,5
O01658,P0091,1,0
O02264,P0009,4,0
O00073,P0033,1,0
O03686,P0031,3,20
O01223,P0019,2,25
O01261,P0041,2,25
O01812,P0100,2,5
O02123,P0059,1,20
O01276,P0046,4,10
O00791,P0047,1,5
O00474,P0001,3,20
O02550,P0078,2,20
O02674,P0024,4,0
O02249,P0015,3,15
O00730,P0015,1,25
O04180,P0012,2,5
O04048,P0030,3,20
O00580,P0058,4,0
O02176,P0038,4,5
O02970,P0021,3,15
O02637,P0039,4,0
O00201,P0067,4,0
O02158,P0098,2,25
O01995,P0025,1,10
O03150,P0012,2,25
O02026,P0040,3,10
O02654,P0011,1,15
O02945,P0072,1,20
O02095,P0076,2,15
O00057,P0008,4,5
O02294,P0077,2,5
O02619,P0053,2,10
O04644,P0068,2,25
O00402,P0069,4,5
O04125,P0087,4,25
O02932,P0019,4,10
O01851,P0041,1,0
O02170,P0008,3,0
O04650,P0039,3,20
O04863,P0071,1,0
O01066,P0076,3,25
O04754,P0037,2,15
O01436,P0023,3,20
O00549,P0092,4,25
O02363,P0014,1,25
O04562,P0004,3,25
O02727,P0080,1,15
O01718,P0084,2,0
O03906,P0057,3,5
O03671,P0049,4,0
O02870,P0068,1,5
O01132,P0060,3,15
O04158,P0026,4,5
O03099,P0087,3,20
O02783,P0017,3,25
O03572,P0096,1,10
O04559,P0008,1,5
O00288,P0086,1,25
O01506,P0066,1,0
O02662,P0099,4,5
O01521,P0098,1,10
O02016,P0023,1,10
O01223,P0082,4,25
O01121,P0004,1,20
O03683,P0021,1,0
O00347,P0044,4,15
O03768,P0001,3,20
O01718,P0003,4,0
O01631,P0031,2,0
O00069,P0048,2,5
O02598,P0004,4,25
O02958,P0044,1,5
O02351,P0072,3,25
O04262,P0045,4,25
O01305,P0024,3,20
O01022,P0095,2,10
O04682,P0008,1,20
O02114,P0068,1,15
O00422,P0063,3,25
O02456,P0065,2,10
O03048,P0040,4,20
O03180,P0005,2,10
O03402,P0003,4,15
O02815,P0047,3,20
O04572,P0020,1,15
O00665,P0007,2,25
O02584,P0100,2,25
O04418,P0071,4,25
O03987,P0028,1,15
O02365,P0017,1,10
O03545,P0071,2,15
O03252,P0090,1,10
O00973,P0052,1,0
O04303,P0087,2,10
O01512,P0055,1,15
O02565,P0033,3,20
O04664,P0092,3,20
O03419,P0053,1,5
O02872,P0053,2,25
O03213,P0029,1,15
O02857,P0082,4,5
O04427,P0042,1,0
O01825,P0014,3,15
O04771,P0068,1,25
O03354,P0068,4,15
O02841,P0003,2,25
O03579,P0028,2,15
O04608,P0081,1,15
O02070,P0019,4,0
O03122,P0003,2,0
O03570,P0007,1,5
O00598,P0039,3,5
O00305,P0082,1,10
O00962,P0042,2,5
O03149,P0080,3,0
O04656,P0001,2,10
O02141,P0071,1,20
O01287,P0012,2,0
O01718,P0054,1,10
O02288,P0090,4,25
O02815,P0026,4,5
O04833,P0069,3,5
O00945,P0035,1,0
O01717,P0065,3,20
O02767,P0014,1,25
O01035,P0077,1,20
O03016,P0058,1,0
O04353,P0020,2,25
O00396,P0022,1,0
O01172,P0055,4,10
O03485,P0096,2,20
O03728,P0020,4,25
O02240,P0074,3,5
O00437,P0064,3,20
O01695,P0099,1,20
O01892,P0041,1,5
O04733,P0090,1,20
O01778,P0027,4,25
O03573,P0041,4,10
O01552,P0017,3,20
O01461,P0010,1,5
O04221,P0093,1,0
O00932,P0054,2,5
O02863,P0066,2,0
O03861,P0061,3,5
O04707,P0028,2,20
O02132,P0064,4,5
O02687,P0064,3,5
O01508,P0086,3,25
O01392,P0073,2,20
O00387,P0006,3,25
O03980,P0028,3,25
O01081,P0071,3,15
O00224,P0022,4,20
O00281,P0078,1,15
O02966,P0045,1,5
O00052,P0087,2,10
O02491,P0085,4,25
O00489,P0062,2,0
O03885,P0002,2,15
O03331,P0077,1,25
O00775,P0002,4,25
O00327,P0016,1,25
O04199,P0032,1,15
O04850,P0029,4,25
O01274,P0043,2,25
O01894,P0020,3,10
O00117,P0098,2,0
O02009,P0089,1,10
O04014,P0020,3,0
O01968,P0009,1,15
O04586,P0061,3,10
O01464,P0024,2,20
O03362,P0035,1,10
O03019,P0078,4,0
O04914,P0045,1,20
O04593,P0019,2,5
O00795,P0065,3,0
O03406,P0082,4,15
O03539,P0089,3,0
O02188,P0086,4,25
O01708,P0056,3,15
O03289,P0054,2,5
O04633,P0090,1,20
O00117,P0013,1,10
O04309,P0089,1,10
O01306,P0064,4,20
O00515,P0047,2,0
O02031,P0099,2,5
O01600,P0086,3,25
O00773,P0028,4,0
O04051,P0065,2,10
O00840,P0010,4,25
O04619,P0030,2,15
O02268,P0068,4,15
O02246,P0006,2,25
O00437,P0024,3,25
O04087,P0066,4,0
O03736,P0053,3,25
O02270,P0044,1,25
O01757,P0047,2,5
O01450,P0082,4,20
O02635,P0074,4,25
O01793,P0032,4,25
O04281,P0012,4,20
O02190,P0065,3,0
O04167,P0031,3,10
O03214,P0060,4,15
O02686,P0062,1,15
O03264,P0086,4,0
O00786,P0010,4,0
O00570,P0067,1,0
O00868,P0009,3,20
O03244,P0020,3,0
O00273,P0039,2,15
O04113,P0057,1,15
O02716,P0010,2,15
O04580,P0077,2,20
O00663,P0076,3,15
O04509,P0042,2,10
O02590,P0061,2,10
O01940,P0026,3,10
O02777,P0083,4,15
O00578,P0059,4,15
O03766,P0067,3,5
O04451,P0019,3,20
O00220,P0080,4,20
O03376,P0081,2,15
O04399,P0029,1,25
O01324,P0076,4,15
O03018,P0081,4,0
O02896,P0041,4,25
O01970,P0053,1,15
O04727,P0098,4,15
O02005,P0090,1,10
O02345,P0051,4,5
O01060,P0039,4,20
O04170,P0012,1,20
O03676,P0096,2,25
O01560,P0033,4,15
O02464,P0065,1,20
O02124,P0041,3,20
O03387,P0079,3,10
O01370,P0029,3,0
O03250,P0026,2,0
O03216,P0062,4,10
O04539,P0076,2,5
O04433,P0050,1,15
O02950,P0008,2,10
O01143,P0094,3,15
O00647,P0092,1,10
O01038,P0001,2,5
O02358,P0006,4,20
O04374,P0023,4,10
O01434,P0001,3,10
O04833,P0005,4,15
O01255,P0023,2,20
O00553,P0047,4,10
O04291,P0001,2,20
O00237,P0044,2,5
O04589,P0034,4,10
O00298,P0087,2,0
O02382,P0039,2,10
O02220,P0057,3,25
O02979,P0024,2,15
O03228,P0098,3,20
O02834,P0036,4,15
O03387,P0046,2,0
O02901,P0033,4,10
O00461,P0073,3,25
O04642,P0099,4,15
O04451,P0017,3,25
O04962,P0047,4,5
O01239,P0029,3,25
O04559,P0087,4,25
O00856,P0041,2,25
O01723,P0033,3,0
O00678,P0018,4,10
O04403,P0087,2,15
O02528,P0033,4,0
O00424,P0047,4,15
O02571,P0045,1,5
O02809,P0034,4,20
O02015,P0091,2,5
O04637,P0095,4,0
O02050,P0061,2,5
O02198,P0052,3,10
O04849,P0082,2,20
O04154,P0100,3,20
O00754,P0016,1,20
O04219,P0008,4,0
O02386,P0080,2,20
O02212,P0033,2,20
O01425,P0007,1,25
O03488,P0072,2,0
O01365,P0097,4,5
O04323,P0036,1,15
O02886,P0006,2,0
O01153,P0058,3,0
O01521,P0038,2,15
O04386,P0049,2,5
O01472,P0015,2,25
O02272,P0033,3,20
O02892,P0077,2,10
O03547,P0035,2,10
O03083,P0088,4,0
O04619,P0003,1,15
O03769,P0098,2,25
O01483,P0001,1,0
O04202,P0098,2,20
O00832,P0088,2,0
O03550,P0100,3,5
O03224,P0057,1,25
O03662,P0015,1,20
O00308,P0065,3,10
O04525,P0058,1,25
O03539,P0026,2,0
O02853,P0063,2,15
O03550,P0088,1,5
O03150,P0080,3,25
O03311,P0007,4,5
O03707,P0013,2,20
O02205,P0087,1,10
O01268,P0065,2,25
O03018,P0026,2,0
O01871,P0045,1,0
O02802,P0039,3,0
O03967,P0033,3,0
O00120,P0047,4,10
O00553,P0028,3,5
O03426,P0055,3,0
O04865,P0018,4,25
O00482,P0006,2,20
O04209,P0042,1,20
O03803,P0090,4,0
O03779,P0014,3,10
O04826,P0078,4,20
O03155,P0075,1,20
O01082,P0034,2,0
O03528,P0016,4,0
O04332,P0004,4,5
O01077,P0040,3,5
O03008,P0030,1,5
O02310,P0055,3,0
O00009,P0054,4,15
O02102,P0040,3,0
O04132,P0040,4,5
O03606,P0007,3,20
O03890,P0031,2,10
O03573,P0023,3,0
O01358,P0028,3,25
O03175,P0032,2,15
O01041,P0054,3,5
O01115,P0083,1,25
O01427,P0093,1,5
O00426,P0038,3,10
O03632,P0005,4,20
O04635,P0064,4,0
O03024,P0075,1,20
O04623,P0023,1,0
O00085,P0003,4,10
O00598,P0059,4,20
O03299,P0083,3,20
O04034,P0055,4,5
O03384,P0043,1,25
O01804,P0032,4,0
O04217,P0032,1,5
O02744,P0097,4,25
O04241,P0014,1,20
O01898,P0090,4,0
O02296,P0096,2,10
O01452,P0088,3,10
O02881,P0053,2,25
O00583,P0046,1,20
O03173,P0089,3,0
O03552,P0028,4,25
O04060,P0011,1,5
O03368,P0024,1,20
O04673,P0031,4,10
O03639,P0079,3,20
O01198,P0063,4,10
O04740,P0009,4,25
O02606,P0019,2,20
O00259,P0070,2,5
O03127,P0010,4,0
O02784,P0014,3,5
O04888,P0063,2,5
O00697,P0058,4,10
O02483,P0035,1,10
O02695,P0050,2,15
O00752,P0008,4,20
O01915,P0083,4,10
O01063,P0025,1,15
O00200,P0023,2,5
O03331,P0009,1,5
O00610,P0058,3,20
O02172,P0093,4,5
O02114,P0003,2,15
O04828,P0056,3,15
O01859,P0089,2,0
O01512,P0043,4,0
O03591,P0034,1,0
O03051,P0018,2,0
O04676,P0032,2,0
O04777,P0011,4,0
O02755,P0056,1,25
O04317,P0073,4,5
O01982,P0033,2,25
O03857,P0063,4,20
O02858,P0072,2,10
O01152,P0001,2,5
O02294,P0068,1,15
O02058,P0008,3,25
O02061,P0003,3,5
O04907,P0050,1,0
O04612,P0039,2,15
O00327,P0006,1,5
O01203,P0067,2,15
O00932,P0031,3,10
O02618,P0091,4,20
O04953,P0082,1,15
O01078,P0056,1,15
O01462,P0062,2,20
O00745,P0054,1,15
O03411,P0095,3,25
O03648,P0089,2,10
O03240,P0050,3,25
O04933,P0088,2,20
O02345,P0024,2,20
O04156,P0062,2,15
O00014,P0057,4,25
O02117,P0029,2,20
O04937,P0054,3,0
O00330,P0069,3,10
O03133,P0097,4,20
O02707,P0058,2,20
O03636,P0014,3,20
O00770,P0085,1,0
O00412,P0076,1,10
O04153,P0026,2,10
O01595,P0023,4,15
O01624,P0040,2,25
O02815,P0067,2,15
O03718,P0029,2,20
O00124,P0005,2,0
O02019,P0032,1,20
O01142,P0080,3,0
O00871,P0044,3,25
O01464,P0031,3,20
O02934,P0084,2,0
O01180,P0029,2,25
O02586,P0052,3,0
O04466,P0089,4,15
O04213,P0022,3,5
O02889,P0012,2,0
O03441,P0093,2,15
O01603,P0090,2,15
O03020,P0045,2,15
O04208,P0050,4,20
O01279,P0088,2,20
O04594,P0015,2,20
O00239,P0053,3,20
O03385,P0057,2,15
O04264,P0014,4,5
O00608,P0061,1,20
O01856,P0011,4,20
O03323,P0082,4,10
O04710,P0081,2,15
O00913,P0036,2,25
O00247,P0043,2,25
O04833,P0010,3,10
O00948,P0037,4,0
O02669,P0020,3,0
O04644,P0030,2,0
O00236,P0079,2,10
O01460,P0057,4,15
O01390,P0095,4,20
O02841,P0072,4,10
O01081,P0081,2,15
O01441,P0012,4,5
O02336,P0065,4,25
O03635,P0026,4,20
O01785,P0090,1,15
O04080,P0063,3,15
O04468,P0026,1,10
O01910,P0026,3,0
O02215,P0071,3,5
O03825,P0096,1,0
O02791,P0029,4,25
O01231,P0028,1,15
O02173,P0008,3,10
O03097,P0045,3,15
O01835,P0094,4,10
O04754,P0010,1,5
O04425,P0050,2,5
O01257,P0079,2,10
O00852,P0011,2,15
O04546,P0072,3,10
O03155,P0091,3,20
O01332,P0058,3,0
O02937,P0089,1,5
O04503,P0098,4,10
O03869,P0067,1,25
O00535,P0068,3,10
O02110,P0032,2,0
O04631,P0095,3,5
O03484,P0048,1,10
O00867,P0061,4,15
O00296,P0007,1,25
O04784,P0099,3,15
O03834,P0055,1,25
O02429,P0045,2,20
O01131,P0039,1,20
O03069,P0089,4,15
O01830,P0018,1,20
O03541,P0041,3,25
O02946,P0091,3,0
O02341,P0089,1,25
O00228,P0033,3,5
O01479,P0014,3,5
O01650,P0001,1,25
O04413,P0082,1,5
O04682,P0013,4,25
O03327,P0001,1,25
O00740,P0053,1,0
O00757,P0073,4,25
O03318,P0033,4,5
O04234,P0030,2,20
O04854,P0049,1,15
O01794,P0052,3,25
O03837,P0016,3,25
O04544,P0054,2,25
O01962,P0012,4,0
O00357,P0043,2,5
O00230,P0067,2,5
O03056,P0012,3,15
O00679,P0014,3,0
O01822,P0055,3,15
O00464,P0082,2,0
O02616,P0095,2,0
O00060,P0067,1,5
O00562,P0043,1,25
O03775,P0080,1,15
O00599,P0007,4,0
O02322,P0056,1,10
O02501,P0074,4,0
O04060,P0063,4,5
O03906,P0022,3,5
O01545,P0013,1,15
O02175,P0059,3,20
O01926,P0094,3,15
O02437,P0087,3,0
O00146,P0043,3,25
O03029,P0085,1,10
O04917,P0012,3,5
O01374,P0048,2,0
O02591,P0060,1,20
O02562,P0016,3,20
O03151,P0016,4,15
O03395,P0080,4,5
O02902,P0030,3,0
O01011,P0011,3,0
O03960,P0012,1,20
O02602,P0051,3,10
O00866,P0091,1,10
O04714,P0038,1,5
O03401,P0003,4,20
O02609,P0060,4,5
O02553,P0006,4,20
O02481,P0087,1,10
O02482,P0013,2,0
O03483,P0042,1,15
O01089,P0041,2,15
O02827,P0015,4,15
O04933,P0021,2,0
O01573,P0054,4,10
O02411,P0005,1,15
O04147,P0033,3,25
O01393,P0092,1,15
O02462,P0042,1,20
O03038,P0055,2,10
O02912,P0021,1,20
O00409,P0021,2,0
O00260,P0078,4,0
O02655,P0086,4,10
O01576,P0042,2,10
O02450,P0009,2,5
O02055,P0092,3,15
O00217,P0060,3,20
O03825,P0060,3,15
O03609,P0040,2,0
O02099,P0089,4,15
O02563,P0077,3,25
O01520,P0001,3,10
O02572,P0091,4,20
O00513,P0078,1,0
O03103,P0100,1,15
O01068,P0067,4,5
O03204,P0082,4,5
O04474,P0091,1,25
O01353,P0079,1,5
O04937,P0005,2,25
O02132,P0073,1,5
O00317,P0006,4,15
O04952,P0050,1,20
O00027,P0067,3,25
O02257,P0028,3,10
O00525,P0054,2,10
O03041,P0067,2,15
O00742,P0096,4,20
O01726,P0009,3,20
O04889,P0058,1,10
O00350,P0057,4,15
O03179,P0032,2,5
O03996,P0010,3,0
O03498,P0097,4,15
O04643,P0033,4,25
O02956,P0100,3,25
O02449,P0060,4,10
O01087,P0061,1,10
O04414,P0100,1,20
O03111,P0014,2,0
O03703,P0093,2,0
O01848,P0064,2,10
O00771,P0065,2,10
O00043,P0086,4,25
O00357,P0086,2,10
O04579,P0056,2,0
O04637,P0061,2,0
O02924,P0040,1,15
O01147,P0041,4,20
O02508,P0002,1,20
O04716,P0007,1,0
O03157,P0042,4,10
O02858,P0091,2,25
O01274,P0030,1,20
O04321,P0058,1,25
O00139,P0044,1,0
O00671,P0007,1,0
O00013,P0010,4,0
O03009,P0075,4,10
O00490,P0071,2,5
O04635,P0073,2,5
O02038,P0089,2,10
O02447,P0045,4,25
O00780,P0057,3,25
O02832,P0006,1,20
O02345,P0066,4,25
O01507,P0093,4,25
O04476,P0036,2,20
O02234,P0077,4,0
O04832,P0090,3,20
O00311,P0057,1,15
O04965,P0084,3,20
O01501,P0078,1,0
O02261,P0011,4,0
O02511,P0092,3,5
O04019,P0048,2,5
O03486,P0037,3,5
O01700,P0081,3,20
O02560,P0018,1,5
O01943,P0032,3,15
O01359,P0009,3,10
O03517,P0006,2,10
O04130,P0028,2,0
O01411,P0079,3,10
O02477,P0003,2,20
O02093,P0053,4,20
O04233,P0076,4,5
O01913,P0046,3,10
O02948,P0052,1,5
O00583,P0090,3,25
O03123,P0045,3,15
O04613,P0016,4,5
O02005,P0100,2,10
O01603,P0044,3,25
O00560,P0005,1,10
O02580,P0087,4,20
O03454,P0064,3,0
O02672,P0081,2,10
O01412,P0079,4,5
O03542,P0062,2,0
O03817,P0075,1,25
O01055,P0049,2,15
O00507,P0007,4,10
O01942,P0039,2,25
O02459,P0020,4,10
O01005,P0034,1,5
O04169,P0012,2,5
O03385,P0097,1,25
O04528,P0017,1,0
O04174,P0034,2,25
O03285,P0056,4,25
O01237,P0047,1,25
O02304,P0042,2,5
O04451,P0060,4,10
O01805,P0025,2,15
O02216,P0090,2,20
O01877,P0027,3,0
O04761,P0094,2,5
O02574,P0072,2,20
O00437,P0053,2,5
O04273,P0033,2,10
O00427,P0087,2,20
O02134,P0069,3,25
O00622,P0095,3,5
O00506,P0004,4,10
O00667,P0047,1,0
O02911,P0005,2,15
O00444,P0041,4,0
O00935,P0086,2,20
O00682,P0018,1,15
O04064,P0088,2,0
O04550,P0001,4,10
O04483,P0083,4,25
O04349,P0010,1,0
O04819,P0075,2,5
O03696,P0050,1,25
O01956,P0057,4,5
O03075,P0017,1,25
O02247,P0090,3,10
O02895,P0042,4,10
O02341,P0024,4,5
O01001,P0067,2,15
O03040,P0064,2,0
O04525,P0098,4,0
O02476,P0021,1,15
O03403,P0045,2,15
O01452,P0049,3,20
O01150,P0052,1,0
O01987,P0060,1,10
O04023,P0099,3,0
O02822,P0074,2,25
O03579,P0012,4,5
O03065,P0078,3,10
O00257,P0011,1,25
O02989,P0022,1,10
O03740,P0073,4,20
O03935,P0056,3,0
O04272,P0011,3,10
O01158,P0001,4,20
O03224,P0041,2,0
O04053,P0034,4,15
O04605,P0079,3,0
O01023,P0038,3,20
O01546,P0079,4,25
O03798,P0084,4,5
O00266,P0099,3,10
O04695,P0031,4,20
O04664,P0012,4,0
O01058,P0040,2,15
O03728,P0085,1,20
O01022,P0026,2,20
O02712,P0070,2,0
O03527,P0081,1,25
O02272,P0055,2,15
O03406,P0033,1,20
O03469,P0047,1,20
O00540,P0040,1,25
O00615,P0037,1,0
O02621,P0046,2,20
O03029,P0003,3,10
O03436,P0054,1,20
O00762,P0015,2,25
O01300,P0021,1,25
O02198,P0063,4,15
O02848,P0039,4,20
O02053,P0074,1,20
O00782,P0049,1,20
O04794,P0094,1,25
O00980,P0073,1,10
O03491,P0069,1,10
O04929,P0016,1,5
O04407,P0076,2,10
O02475,P0085,2,10
O00420,P0078,3,20
O04410,P0084,1,5
O01590,P0094,1,25
O00132,P0018,4,15
O04236,P0046,3,10
O02606,P0077,1,20
O00660,P0047,2,15
O00373,P0065,1,20
O03170,P0012,4,25
O00075,P0031,3,5
O04825,P0045,4,5
O00638,P0057,3,5
O04480,P0024,4,10
O04217,P0009,1,25
O02548,P0074,3,15
O01534,P0031,3,5
O01089,P0035,3,25
O04128,P0064,1,5
O00235,P0067,3,5
O04024,P0100,1,5
O01331,P0031,3,20
O04458,P0038,2,25
O04478,P0076,1,25
O04999,P0015,3,10
O02536,P0009,1,25
O04934,P0031,2,0
O00269,P0001,4,20
O02753,P0064,1,10
O01765,P0012,1,0
O01620,P0011,4,15
O04451,P0090,2,25
O01706,P0081,3,10
O01391,P0093,3,5
O03570,P0091,3,5
O01432,P0080,2,5
O04222,P0090,2,15
O04804,P0013,2,10
O00646,P0042,2,0
O03079,P0007,1,25
O03615,P0044,3,15
O03875,P0081,2,20
O00565,P0084,2,10
O03868,P0012,2,15
O00102,P0048,1,5
O04367,P0082,3,20
O01060,P0094,4,15
O00451,P0062,4,15
O00416,P0085,2,15
O02690,P0079,3,25
O00063,P0060,1,5
O00201,P0064,3,10
O03667,P0037,3,10
O02344,P0047,2,10
O02842,P0057,3,10
O00068,P0011,1,20
O01292,P0005,4,5
O04247,P0028,1,15
O02968,P0098,3,15
O03617,P0016,1,5
O04355,P0039,4,20
O04208,P0087,3,25
O03083,P0052,4,5
O04345,P0009,4,0
O00419,P0009,1,25
O01083,P0073,2,0
O03964,P0005,2,5
O03337,P0081,4,15
O04296,P0091,4,15
O00701,P0044,3,25
O00720,P0085,2,5
O04897,P0019,2,25
O00531,P0023,1,25
O03572,P0091,4,20
O00478,P0003,1,20
O00114,P0015,4,0
O03080,P0067,4,10
O03578,P0065,2,25
O01493,P0057,3,25
O04825,P0080,1,20
O01832,P0017,2,25
O02664,P0027,3,20
O01614,P0001,4,10
O04449,P0011,1,20
O04485,P0066,1,15
O02445,P0026,3,25
O01484,P0081,4,10
O00470,P0004,3,10
O03873,P0098,2,20
O03730,P0016,4,15
O03168,P0003,2,20
O02439,P0005,3,10
O04204,P0056,2,25
O03608,P0048,3,15
O00766,P0092,3,0
O01440,P0046,4,5
O01549,P0055,2,0
O04197,P0055,3,25
O01593,P0036,1,25
O04093,P0087,3,15
O04802,P0041,1,0
O04014,P0021,1,20
O02441,P0011,4,25
O03377,P0041,4,10
O03192,P0030,4,25
O01477,P0071,1,15
O03637,P0068,4,25
O03027,P0080,2,0
O00600,P0005,4,5
O04985,P0008,1,25
O02241,P0010,1,0
O02098,P0100,1,5
O02960,P0034,2,10
O01948,P0080,3,15
O02043,P0012,4,20
O00371,P0092,1,15
O02047,P0073,2,20
O00438,P0085,2,10
O01366,P0059,4,15
O03974,P0051,1,20
O03465,P0005,3,20
O02730,P0027,1,15
O00124,P0055,1,5
O01498,P0048,1,15
O01137,P0095,3,0
O00308,P0033,1,5
O02779,P0013,2,10
O01811,P0003,1,20
O04916,P0096,1,15
O00366,P0046,4,25
O03260,P0096,1,25
O03083,P0052,3,10
O01536,P0031,4,25
O04393,P0045,1,15
O00364,P0010,1,5
O01995,P0096,4,5
O02161,P0009,2,20
O03289,P0042,1,0
O00479,P0014,2,25
O03144,P0095,2,5
O04873,P0056,4,0
O01615,P0045,4,0
O00944,P0007,3,10
O03070,P0095,3,5
O00453,P0058,1,15
O03750,P0061,4,5
O02220,P0053,1,0
O01191,P0080,2,15
O04907,P0076,1,10
O02165,P0038,1,20
O04171,P0043,4,5
O00458,P0067,2,10
O03753,P0023,2,25
O04883,P0044,4,25
O02825,P0025,2,15
O01713,P0077,2,25
O02129,P0031,2,0
O00087,P0053,4,25
O02012,P0035,1,10
O02054,P0069,3,5
O01374,P0099,3,25
O04833,P0038,1,20
O02397,P0007,1,20
O02048,P0084,4,15
O04627,P0031,2,0
O02409,P0067,1,5
O03467,P0024,4,0
O02410,P0084,4,5
O03553,P0092,3,10
O02002,P0017,4,0
O04221,P0048,3,20
O04275,P0044,2,5
O00939,P0079,4,15
O01444,P0086,2,15
O03730,P0002,3,10
O04981,P0100,3,25
O00320,P0087,1,5
O02215,P0028,2,20
O04325,P0093,1,15
O03147,P0048,4,0
O04510,P0096,1,5
O02949,P0066,3,20
O04029,P0050,4,10
O03313,P0059,1,15
O00094,P0024,4,5
O04309,P0049,3,10
O04655,P0018,1,20
O04155,P0049,3,20
O02975,P0022,1,10
O03413,P0038,4,0
O02002,P0031,1,5
O01300,P0069,1,15
O00808,P0055,4,10
O00997,P0041,1,5
O03717,P0045,2,5
O02742,P0083,2,10
O01068,P0041,1,10
O03369,P0059,3,0
O03232,P0041,2,20
O02141,P0086,1,5
O04947,P0093,4,15
O04498,P0089,2,5
O04543,P0036,2,10
O03075,P0081,3,0
O01870,P0100,1,5
O02548,P0021,2,5
O00171,P0052,3,15
O02258,P0008,4,5
O04729,P0074,3,5
O00862,P0034,4,10
O00909,P0077,3,15
O03041,P0028,1,25
O01273,P0017,2,15
O00473,P0017,3,0
O02762,P0062,3,5
O01389,P0097,3,5
O01967,P0014,2,5
O02627,P0012,4,20
O02084,P0050,4,5
O02934,P0053,4,5
O04109,P0100,2,0
O02330,P0053,3,20
O03533,P0074,3,20
O01051,P0032,4,0
O01037,P0006,1,5
O02487,P0058,4,20
O04596,P0012,2,20
O02290,P0003,2,25
O01011,P0007,2,15
O01549,P0016,3,15
O01596,P0065,1,20
O00066,P0008,2,15
O02870,P0093,3,15
O00658,P0084,3,20
O04983,P0054,3,15
O00897,P0041,2,20
O02201,P0061,4,20
O03922,P0096,2,25
O00506,P0014,4,25
O00752,P0029,1,15
O01065,P0016,4,0
O02003,P0029,2,10
O03947,P0096,2,20
O02100,P0071,1,5
O01617,P0003,1,20
O04296,P0047,2,25
O04284,P0095,1,0
O03348,P0096,2,0
O01183,P0016,4,5
O01902,P0030,3,15
O03884,P0092,2,25
O03754,P0034,4,25
O04281,P0095,4,25
O00119,P0061,4,10
O00082,P0028,4,20
O04020,P0020,4,15
O02743,P0099,1,5
O04933,P0011,4,5
O02097,P0041,1,0
O00935,P0065,1,25
O01507,P0015,3,10
O00685,P0078,3,15
O04733,P0096,2,5
O04478,P0049,2,0
O04640,P0083,1,20
O00708,P0044,2,5
O04594,P0059,3,0
O00285,P0008,3,5
O02674,P0090,3,10
O03225,P0035,1,0
O04609,P0028,3,15
O03548,P0023,4,0
O01124,P0066,4,25
O02394,P0064,3,25
O03845,P0082,2,0
O02193,P0099,2,15
O01303,P0059,1,15
O02012,P0076,3,0
O03097,P0019,4,0
O04090,P0081,3,5
O03916,P0064,1,15
O04052,P0024,3,10
O02197,P0042,2,0
O01421,P0011,3,0
O01554,P0030,4,25
O01271,P0072,2,5
O04960,P0022,3,5
O04710,P0086,4,0
O00858,P0074,3,20
O03926,P0035,2,0
O04061,P0053,4,20
O04914,P0073,3,10
O04319,P0064,1,10
O04529,P0084,1,5
O03235,P0077,4,10
O01496,P0004,2,20
O02109,P0023,3,15
O03999,P0032,3,25
O02232,P0032,3,0
O01140,P0099,3,15
O01631,P0061,1,0
O03205,P0076,4,15
O04194,P0074,4,5
O02244,P0049,2,0
O01100,P0052,2,25
O04701,P0096,3,10
O04664,P0099,1,25
O03779,P0075,2,5
O04883,P0003,1,10
O01216,P0013,1,10
O00980,P0064,2,25
O02946,P0014,3,10
O01181,P0045,4,20
O03019,P0007,3,0
O02841,P0046,3,15
O00021,P0012,1,0
O02929,P0039,3,5
O03603,P0074,1,20
O04735,P0094,1,15
O02463,P0062,2,15
O01870,P0072,3,0
O03576,P0096,3,5
O01897,P0012,3,15
O00503,P0082,1,10
O01468,P0024,4,25
O02701,P0077,1,20
O03797,P0063,2,10
O00651,P0053,2,10
O00112,P0016,3,25
O03438,P0023,4,25
O04396,P0072,2,25
O00851,P0016,3,10
O00413,P0004,2,10
O00417,P0035,3,15
O02738,P0056,2,10
O01626,P0082,4,0
O02177,P0034,4,10
O01426,P0082,2,15
O04693,P0078,1,0
O00769,P0081,3,20
O04977,P0053,2,10
O03067,P0049,1,5
O01135,P0012,1,15
O02344,P0005,1,5
O00834,P0051,3,20
O03248,P0057,4,0
O03758,P0080,2,5
O02777,P0045,2,15
O04162,P0070,4,10
O04892,P0055,3,25
O04170,P0084,3,15
O01632,P0050,4,20
O00651,P0034,1,0
O01956,P0003,4,15
O03328,P0035,4,5
O04862,P0077,2,10
O00448,P0049,1,20
O00422,P0028,3,20
O02804,P0050,4,5
O04324,P0021,2,20
O04025,P0041,1,25
O00501,P0016,3,5
O03047,P0026,3,20
O03059,P0081,3,10
O02541,P0099,2,10
O02164,P0017,4,25
O00656,P0019,1,5
O01898,P0041,3,25
O00065,P0030,3,25
O03860,P0097,1,5
O03514,P0096,4,0
O01810,P0090,4,10
O03302,P0079,1,20
O03439,P0067,2,0
O02679,P0012,2,20
O00450,P0058,4,0
O01916,P0049,4,25
O04975,P0070,4,10
O03179,P0045,3,20
O01696,P0057,2,20
O02261,P0068,4,25
O02391,P0007,4,15
O00386,P0007,4,25
O00821,P0015,4,0
O02671,P0028,3,0
O04439,P0022,1,20
O04086,P0062,2,0
O04768,P0067,2,5
O04970,P0048,1,25
O01233,P0014,4,10
O03909,P0080,2,20
O02546,P0060,1,20
O03296,P0082,2,15
O00209,P0009,2,10
O01825,P0059,2,5
O00279,P0047,4,15
O03400,P0070,2,25
O01147,P0059,4,15
O01461,P0012,3,5
O04565,P0068,3,5
O03164,P0051,3,5
O03471,P0072,4,0
O02527,P0099,4,20
O03508,P0046,2,0
O03609,P0037,3,25
O01501,P0029,4,25
O02081,P0037,4,10
O01582,P0100,2,15
O03239,P0065,1,25
O01573,P0096,3,20
O03667,P0026,1,0
O00950,P0098,3,5
O04965,P0022,3,15
O04057,P0038,1,0
O01494,P0070,4,0
O03170,P0089,1,5
O02010,P0094,3,5
O02004,P0046,1,15
O00983,P0089,4,25
O01545,P0036,4,20
O03121,P0029,3,15
O03323,P0055,1,15
O03205,P0019,3,0
O01993,P0023,2,0
O03907,P0030,3,10
O02037,P0036,4,0
O04173,P0021,1,20
O00792,P0074,3,0
O02082,P0027,3,5
O01737,P0029,3,5
O00465,P0066,3,20
O00750,P0025,3,5
O03846,P0064,2,20
O04136,P0027,1,15
O00308,P0034,2,25
O01896,P0047,2,0
O04002,P0088,2,20
O03020,P0060,2,15
O02300,P0044,1,15
O02574,P0067,1,15
O03870,P0093,4,15
O02655,P0035,3,5
O02417,P0044,3,5
O04031,P0040,3,15
O02346,P0077,2,10
O01497,P0009,1,20
O01559,P0087,1,10
O04385,P0040,4,15
O04655,P0032,2,20
O00274,P0032,1,20
O03086,P0069,4,10
O03697,P0029,3,15
O00598,P0099,1,0
O00594,P0008,3,15
O03775,P0076,4,10
O04555,P0066,2,0
O03961,P0073,4,15
O01111,P0027,4,20
O03519,P0035,3,5
O03907,P0024,2,20
O03520,P0027,4,20
O01094,P0003,2,10
O00526,P0002,1,0
O01839,P0056,2,5
O03693,P0044,2,0
O02373,P0047,1,15
O03381,P0006,2,15
O02585,P0100,1,15
O04297,P0049,2,5
O01055,P0064,2,20
O03713,P0085,3,5
O04343,P0078,3,20
O00450,P0099,4,10
O00314,P0026,1,10
O02083,P0014,2,20
O03461,P0038,3,0
O02911,P0060,4,20
O03700,P0097,2,15
O04476,P0027,1,20
O02199,P0027,1,25
O01405,P0063,3,15
O02699,P0007,2,10
O04904,P0015,4,5
O03574,P0032,3,0
O04341,P0020,2,5
O03015,P0091,2,10
O02931,P0047,4,20
O02743,P0078,1,0
O04924,P0092,3,20
O00752,P0053,2,20
O00397,P0060,1,15
O00100,P0021,4,10
O04450,P0066,4,10
O02806,P0027,4,25
O04299,P0082,1,20
O01527,P0083,1,5
O01559,P0060,1,5
O03549,P0030,3,15
O04784,P0014,1,10
O02537,P0091,4,5
O02821,P0062,2,15
O02505,P0004,3,0
O01253,P0086,3,25
O03647,P0057,3,15
O02691,P0004,4,20
O03507,P0028,2,5
O03551,P0092,3,25
O02425,P0077,2,10
O01680,P0086,1,15
O04705,P0093,4,15
O02765,P0036,1,5
O03032,P0082,1,10
O02467,P0032,3,5
O04795,P0038,4,15
O01865,P0070,4,25
O03164,P0031,2,10
O04297,P0070,3,5
O02973,P0070,2,20
O03514,P0091,4,25
O04408,P0053,3,25
O04142,P0012,1,5
O02456,P0070,2,15
O04884,P0029,4,15
O04614,P0015,3,0
O01751,P0062,3,0
O02079,P0080,3,10
O01631,P0059,4,0
O02208,P0100,2,5
O00806,P0066,3,25
O02811,P0085,1,20
O01987,P0002,1,0
O02883,P0006,1,10
O04090,P0012,3,0
O00697,P0006,3,5
O03345,P0021,1,0
O02197,P0011,4,20
O03083,P0077,2,15
O00778,P0031,3,0
O01017,P0064,2,20
O04870,P0068,1,15
O03666,P0017,4,25
O02007,P0066,1,15
O03714,P0083,1,25
O01263,P0084,2,0
O04703,P0042,3,25
O02460,P0065,3,5
O00824,P0007,3,10
O01160,P0091,1,25
O00854,P0012,4,15
O03279,P0026,3,20
O03973,P0016,4,0
O03291,P0064,4,20
O02759,P0033,3,10
O00735,P0013,4,25
O01385,P0021,1,5
O03010,P0079,3,15
O04891,P0001,2,20
O02431,P0040,4,15
O03216,P0032,3,5
O02642,P0009,1,25
O04886,P0016,4,20
O01627,P0036,1,25
O03504,P0031,4,5
O02852,P0024,4,0
O01622,P0003,4,20
O02968,P0071,3,20
O03018,P0025,4,10
O04097,P0033,3,15
O03601,P0063,1,25
O04682,P0056,1,10
O03211,P0086,4,10
O04643,P0045,3,25
O00152,P0071,4,20
O00817,P0030,1,25
O04167,P0087,4,25
O04172,P0034,1,20
O03883,P0016,3,0
O01532,P0069,3,0
O01583,P0058,3,10
O03334,P0038,1,5
O02861,P0068,1,10
O02315,P0038,2,5
O00355,P0001,4,10
O00104,P0064,4,20
O02475,P0079,4,10
O01947,P0028,3,20
O02206,P0069,1,10
O00034,P0011,3,20
O00603,P0033,3,20
O00275,P0086,2,25
O01942,P0087,4,5
O02406,P0079,3,15
O01535,P0068,2,20
O03496,P0042,2,20
O03547,P0048,3,15
O01605,P0008,3,10
O01136,P0041,2,5
O01635,P0035,2,20
O02842,P0086,3,5
O03376,P0091,2,20
O04935,P0007,2,10
O02986,P0010,2,25
O01702,P0098,4,10
O03858,P0026,3,10
O01041,P0003,2,20
O02979,P0062,2,10
O04466,P0071,2,0
O04266,P0065,2,10
O03251,P0047,1,20
O01991,P0071,3,20
O00697,P0066,4,20
O03179,P0024,3,15
O01942,P0022,1,20
O00711,P0070,4,0
O04963,P0037,1,15
O04262,P0090,4,15
O03229,P0055,2,15
O01363,P0068,2,5
O04666,P0080,4,25
O00772,P0087,4,25
O03929,P0049,2,0
O04678,P0075,1,10
O01865,P0012,1,10
O03799,P0046,4,15
O03870,P0078,1,10
O03901,P0017,1,10
O04879,P0061,3,15
O00992,P0052,4,15
O02872,P0051,1,5
O02471,P0017,1,20
O04668,P0007,3,20
O03007,P0007,1,15
O00396,P0005,2,15
O04230,P0078,3,20
O04077,P0034,2,25
O03372,P0018,3,15
O04613,P0085,4,5
O04832,P0084,4,15
O04148,P0015,4,15
O03350,P0052,1,20
O01744,P0052,2,10
O02572,P0013,1,5
O00972,P0071,3,25
O01939,P0022,2,10
O02862,P0042,3,0
O01868,P0003,1,25
O04441,P0090,3,25
O03306,P0028,1,10
O04367,P0054,2,5
O03353,P0013,1,10
O00720,P0007,4,0
O00027,P0035,2,10
O01133,P0042,4,5
O00326,P0048,4,25
O02908,P0024,4,10
O00834,P0056,1,20
O02711,P0094,3,5
O01045,P0068,2,5
O02901,P0064,3,0
O03117,P0029,2,10
O02797,P0002,2,0
O01497,P0027,3,25
O00156,P0088,4,15
O01368,P0045,1,0
O01067,P0065,4,25
O01599,P0055,3,5
O00040,P0093,2,0
O04363,P0041,4,20
O04139,P0100,3,15
O00603,P0004,2,5
O02257,P0067,4,15
O00271,P0018,2,10
O04449,P0083,3,0
O00759,P0100,3,25
O00482,P0099,4,10
O00691,P0099,2,5
O00024,P0060,4,10
O00256,P0078,3,0
O02550,P0039,3,10
O01639,P0030,2,5
O00012,P0096,2,10
O01088,P0008,2,15
O04764,P0051,4,5
O02594,P0010,3,25
O04691,P0076,1,15
O02402,P0039,3,5
O01666,P0076,2,20
O03584,P0031,3,0
O00670,P0029,3,15
O02284,P0015,2,0
O01232,P0097,1,10
O02645,P0043,3,10
O00100,P0037,4,15
O00342,P0093,4,10
O01626,P0100,4,25
O04228,P0081,2,15
O03631,P0024,2,20
O02490,P0077,3,0
O00459,P0007,2,0
O04907,P0075,3,0
O04942,P0050,4,5
O00437,P0079,2,5
O02106,P0035,2,25
O01052,P0058,1,10
O04444,P0063,2,15
O01376,P0011,4,10
O01088,P0005,2,10
O00235,P0017,3,5
O03724,P0068,3,15
O03841,P0063,2,15
O03819,P0022,4,10
O02778,P0080,4,25
O03817,P0096,4,10
O04984,P0045,3,0
O00636,P0096,2,0
O03775,P0053,3,0
O00027,P0029,4,15
O00043,P0034,1,20
O04845,P0050,4,25
O01305,P0085,3,0
O03076,P0048,2,0
O03120,P0041,2,0
O01711,P0006,3,15
O00707,P0081,2,0
O02322,P0062,1,20
O01529,P0031,3,10
O02801,P0090,3,25
O03803,P0030,1,25
O01355,P0019,2,0
O03432,P0093,2,10
O04391,P0029,4,20
O01015,P0099,1,10
O04642,P0037,1,0
O03129,P0001,4,25
O02123,P0024,1,25
O00257,P0019,2,0
O02028,P0091,2,20
O04211,P0015,1,5
O04017,P0078,1,15
O00116,P0029,1,20
O00537,P0010,1,5
O01336,P0036,2,10
O01249,P0002,3,20
O03913,P0053,4,25
O00269,P0035,3,0
O04789,P0003,2,0
O03411,P0042,1,5
O04940,P0042,2,15
O03495,P0069,4,20
O02875,P0023,3,25
O00896,P0041,4,20
O02459,P0005,3,20
O02553,P0082,1,25
O01292,P0014,1,25
O00570,P0092,4,20
O04033,P0089,1,15
O02579,P0075,3,25
O01353,P0070,2,5
O04781,P0063,2,0
O02454,P0066,3,5
O02583,P0041,3,25
O03083,P0019,3,15
O03164,P0011,4,15
O00761,P0032,3,20
O00369,P0054,2,25
O01689,P0069,3,0
O03539,P0057,2,10
O00653,P0097,1,25
O02428,P0063,1,5
O04820,P0027,4,10
O02901,P0026,4,5
O02798,P0100,2,5
O00464,P0079,1,20
O01207,P0038,2,20
O03415,P0061,2,10
O03060,P0056,2,25
O03352,P0015,2,15
O02698,P0047,4,0
O03328,P0009,4,25
O01386,P0088,2,0
O03319,P0014,3,20
O03766,P0075,3,5
O03583,P0007,2,25
O01957,P0002,3,20
O04654,P0076,4,5
O03442,P0086,4,0
O01920,P0042,3,15
O01448,P0096,1,10
O00704,P0021,1,25
O00400,P0093,3,0
O02686,P0042,2,0
O04528,P0026,1,5
O01658,P0095,1,10
O00507,P0008,4,10
O03792,P0086,3,10
O00374,P0012,3,5
O03801,P0057,3,25
O02672,P0003,2,0
O03793,P0045,3,0
O00846,P0018,1,5
O00626,P0090,3,10
O01457,P0066,4,5
O04274,P0093,3,0
O01259,P0087,2,25
O00958,P0026,2,25
O03274,P0006,2,25
O01851,P0012,1,10
O01960,P0014,4,5
O04718,P0096,1,0
O04589,P0038,2,5
O00638,P0001,3,25
O04366,P0004,4,10
O02040,P0094,1,25
O04861,P0060,3,5
O03465,P0071,1,15
O02821,P0046,2,10
O04613,P0088,1,5
O01875,P0079,1,5
O01259,P0074,2,20
O03002,P0010,4,10
O04118,P0032,1,10
O00965,P0053,3,10
O01828,P0087,4,20
O03376,P0099,1,10
O01540,P0025,1,10
O03121,P0070,4,25
O04555,P0059,2,15
O04436,P0050,3,5
O03102,P0019,2,25
O04650,P0042,3,20
O02256,P0076,4,15
O00275,P0086,3,15
O03477,P0005,4,10
O01596,P0049,3,10
O04682,P0062,4,0
O03878,P0005,2,20
O03629,P0069,4,0
O00016,P0018,4,20
O04525,P0083,2,20
O02753,P0088,1,5
O00635,P0085,3,10
O02425,P0055,2,10
O02762,P0098,4,20
O04878,P0032,1,20
O02199,P0070,2,5
O04146,P0095,4,20
O01629,P0061,3,20
O01527,P0013,2,0
O03893,P0003,3,15
O02767,P0071,1,5
O01024,P0082,2,25
O03875,P0065,1,20
O04757,P0047,3,15
O00667,P0083,2,10
O04786,P0029,4,20
O00703,P0006,3,20
O01813,P0040,4,10
O01302,P0004,2,10
O03626,P0013,4,15
O01027,P0067,2,15
O00755,P0079,4,10
O02141,P0022,2,15
O04000,P0045,1,0
O04248,P0055,4,15
O00462,P0003,2,20
O01749,P0008,3,15
O02327,P0039,4,15
O02335,P0006,1,20
O04991,P0077,3,5
O01199,P0004,1,25
O01750,P0019,4,0
O04393,P0009,3,25
O01301,P0057,2,10
O00088,P0054,4,25
O04116,P0010,2,15
O03664,P0089,1,20
O01682,P0047,4,5
O01659,P0090,1,25
O00672,P0053,1,15
O01157,P0069,3,10
O02911,P0078,2,15
O00489,P0029,1,25
O00746,P0008,3,10
O04683,P0052,3,15
O03953,P0056,1,20
O00240,P0041,1,0
O02997,P0100,4,10
O01469,P0026,1,5
O01465,P0066,1,15
O03169,P0091,4,25
O01183,P0035,4,25
O01397,P0057,1,0
O00373,P0030,2,10
O01872,P0093,4,0
O03951,P0076,1,10
O01285,P0062,1,20
O02968,P0065,1,20
O02166,P0042,3,0
O04015,P0063,1,10
O04692,P0025,3,20
O02968,P0086,4,20
O03707,P0095,2,25
O02129,P0046,3,5
O04404,P0002,1,15
O03476,P0092,2,10
O04009,P0028,1,20
O02567,P0010,3,20
O03388,P0007,1,25
O00101,P0043,1,0
O01207,P0086,1,5
O04402,P0022,1,25
O03927,P0039,3,25
O04482,P0094,2,0
O04520,P0035,1,10
O04856,P0057,1,10
O00295,P0014,1,15
O04220,P0081,2,5
O04439,P0037,2,15
O02997,P0024,3,25
O00146,P0095,1,20
O03094,P0037,3,25
O04143,P0037,4,10
O01256,P0004,4,25
O01049,P0095,3,0
O04099,P0036,2,5
O01405,P0093,4,5
O01530,P0081,4,0
O01116,P0077,2,20
O01121,P0028,3,0
O02170,P0028,1,25
O03133,P0004,4,20
O02192,P0028,2,15
O02881,P0090,2,20
O04043,P0074,4,15
O04113,P0088,3,25
O03771,P0069,3,0
O01215,P0078,3,25
O00800,P0012,1,20
O04939,P0091,1,15
O00684,P0015,2,10
O04210,P0031,2,0
O03355,P0034,3,20
O03350,P0041,2,20
O03672,P0075,3,25
O01535,P0007,3,10
O01647,P0045,1,20
O00153,P0072,1,0
O01452,P0043,3,5
O01610,P0052,3,5
O04089,P0015,3,25
O01248,P0097,1,5
O00719,P0064,4,5
O02843,P0040,2,10
O04148,P0015,4,25
O00708,P0057,3,20
O02862,P0015,2,15
O03309,P0069,1,10
O02525,P0100,3,0
O02102,P0023,4,25
O02516,P0044,2,20
O02099,P0041,3,20
O01719,P0086,4,15
O04317,P0048,3,10
O03113,P0018,4,25
O01506,P0021,3,0
O02895,P0048,3,15
O02887,P0016,2,10
O02198,P0043,2,20
O04804,P0089,2,0
O04239,P0092,3,5
O00031,P0024,3,15
O00638,P0031,3,20
O04608,P0018,1,10
O02382,P0082,4,20
O00263,P0065,1,20
O02493,P0018,1,25
O01349,P0054,1,25
O00335,P0054,4,5
O03768,P0017,2,25
O01189,P0029,4,0
O01697,P0005,2,10
O02485,P0045,3,20
O00375,P0031,1,5
O02213,P0015,3,20
O00054,P0088,3,15
O01873,P0080,1,20
O01395,P0086,2,25
O00426,P0095,1,15
O02166,P0044,4,20
O03387,P0028,4,15
O00802,P0037,1,5
O04633,P0037,3,25
O00398,P0082,2,5
O02331,P0040,3,0
O01692,P0078,1,15
O00932,P0021,3,10
O04730,P0088,1,20
O00633,P0070,1,5
O04384,P0071,1,5
O00392,P0100,3,20
O03058,P0089,1,25
O03804,P0017,1,10
O03405,P0027,4,10
O01089,P0098,1,25
O01813,P0073,4,15
O00445,P0055,4,10
O02015,P0034,3,20
O04203,P0028,4,0
O04707,P0075,2,20
O03752,P0056,4,10
O04703,P0098,2,5
O01168,P0059,2,25
O03753,P0100,4,15
O03719,P0040,4,25
O04985,P0012,4,20
O00049,P0089,3,5
O03754,P0084,4,0
O00037,P0079,4,5
O01025,P0022,3,10
O04760,P0051,1,20
O03969,P0092,3,20
O00301,P0008,3,25
O03169,P0025,3,15
O01884,P0066,1,5
O04739,P0065,3,15
O04424,P0090,2,0
O04346,P0012,3,5
O01627,P0084,1,10
O04738,P0097,2,0
O04704,P0022,1,15
O02434,P0008,3,15
O00724,P0013,2,0
O03065,P0016,4,10
O02702,P0018,4,15
O00983,P0050,3,0
O02044,P0084,2,0
O02013,P0080,4,0
O00182,P0058,3,5
O02194,P0080,3,10
O03891,P0046,2,0
O02607,P0056,2,20
O02104,P0076,4,20
O02194,P0003,1,20
O04364,P0049,4,5
O01887,P0036,4,5
O03299,P0022,3,10
O03277,P0097,3,25
O03922,P0038,1,15
O02638,P0044,3,25
O01455,P0032,3,25
O04576,P0085,4,20
O00430,P0050,1,20
O02760,P0021,3,10
O00513,P0078,1,10
O01665,P0078,1,0
O02679,P0082,2,5
O01257,P0017,4,0
O02916,P0013,1,20
O03635,P0049,1,0
O00723,P0037,2,20
O04144,P0089,2,10
O02138,P0006,4,25
O02305,P0100,1,15
O00230,P0099,3,5
O03841,P0009,4,20
O04533,P0098,3,20
O00068,P0026,1,20
O00579,P0039,3,5
O00337,P0098,4,25
O03075,P0006,1,5
O04728,P0065,4,0
O00331,P0086,2,5
O02600,P0090,4,10
O03495,P0030,3,10
O04239,P0041,3,5
O03205,P0021,1,10
O03100,P0077,1,0
O04390,P0095,2,20
O02036,P0099,3,10
O04747,P0027,2,20
O03165,P0095,3,0
O00066,P0046,4,15
O04186,P0067,1,20
O00584,P0068,2,20
O04604,P0099,2,25
O00384,P0020,3,5
O00482,P0068,3,0
O02800,P0004,3,15
O02266,P0070,1,10
O03858,P0086,2,25
O04579,P0006,3,10
O03564,P0020,2,25
O03431,P0049,2,0
O03583,P0047,2,5
O03245,P0059,1,5
O04190,P0022,1,20
O02097,P0024,4,15
O04718,P0038,3,0
O02989,P0040,4,5
O03117,P0037,4,10
O04242,P0038,3,5
O04401,P0023,4,25
O00154,P0088,1,15
O03396,P0023,4,10
O00700,P0009,4,5
O04555,P0025,2,25
O04083,P0072,4,15
O01436,P0078,3,20
O04273,P0020,3,10
O00315,P0036,2,15
O04270,P0047,4,5
O00070,P0055,1,10
O01290,P0092,4,10
O03158,P0017,1,20
O03057,P0048,2,20
O02421,P0070,3,20
O02766,P0014,4,5
O02059,P0072,2,0
O00448,P0093,1,5
O02501,P0035,4,15
O03647,P0092,2,10
O02871,P0036,1,10
O02470,P0053,3,5
O00975,P0091,1,10
O00708,P0051,2,5
O00021,P0100,4,0
O02809,P0002,3,10
O03234,P0017,4,5
O02185,P0062,1,15
O02671,P0100,1,5
O03370,P0082,3,10
O02504,P0075,4,0
O00054,P0028,3,10
O03444,P0065,1,5
O03100,P0032,3,25
O00405,P0067,1,25
O01640,P0007,3,20
O03060,P0011,1,25
O02500,P0078,3,20
O01600,P0088,3,15
O03770,P0023,2,5
O00595,P0009,3,20
O02827,P0011,4,20
O02470,P0087,4,15
O02854,P0071,2,0
O02060,P0068,2,5
O01687,P0026,3,0
O03247,P0003,1,15
O01556,P0089,1,15
O03890,P0019,2,0
O03169,P0047,4,25
O00791,P0027,2,10
O03941,P0030,1,0
O04708,P0030,3,20
O00803,P0098,1,15
O03526,P0053,4,10
O00550,P0059,3,5
O03096,P0004,4,10
O03790,P0004,3,20
O04906,P0014,3,0
O03963,P0050,3,20
O00650,P0065,1,20
O00536,P0095,3,0
O01156,P0044,1,20
O00799,P0056,3,0
O02002,P0019,3,10
O03437,P0072,2,15
O01244,P0023,4,10
O03036,P0021,3,10
O03497,P0005,3,0
O03342,P0042,2,0
O03332,P0052,4,5
O04438,P0097,1,10
O00916,P0051,2,5
O02739,P0075,4,5
O01190,P0029,3,5
O02868,P0060,2,20
O03126,P0018,1,15
O03701,P0029,3,0
O02371,P0045,1,20
O01410,P0080,4,25
O00204,P0001,1,15
O01521,P0091,4,5
O02638,P0089,2,10
O02607,P0062,2,25
O03374,P0018,2,0
O00068,P0052,3,10
O04019,P0035,3,5
O00536,P0049,2,5
O01537,P0025,1,10
O00180,P0010,1,15
O03798,P0017,1,10
O04065,P0001,1,10
O03331,P0078,2,0
O04735,P0041,2,10
O01757,P0014,4,10
O02689,P0023,4,15
O04379,P0023,2,5
O02713,P0085,2,25
O01188,P0070,1,10
O03376,P0046,4,10
O03043,P0094,1,15
O00193,P0049,4,25
O03502,P0038,1,10
O03217,P0030,3,0
O02912,P0083,4,5
O01549,P0039,2,5
O03030,P0067,3,25
O02014,P0070,3,25
O03392,P0055,1,15
O03317,P0086,1,15
O00878,P0034,4,0
O01443,P0067,1,25
O01780,P0042,3,0
O04730,P0092,4,25
O02551,P0056,2,0
O00287,P0053,3,10
O03778,P0092,2,15
O02309,P0034,2,10
O00602,P0028,3,0
O00680,P0016,1,5
O01868,P0083,1,15
O00828,P0079,2,5
O03346,P0066,1,20
O02465,P0042,1,25
O00723,P0022,2,20
O04642,P0044,3,25
O02042,P0022,2,0
O04144,P0055,4,10
O04380,P0048,2,10
O02728,P0036,2,20
O01692,P0079,4,20
O04027,P0025,2,15
O00898,P0064,3,20
O01121,P0053,4,25
O00134,P0020,4,15
O01700,P0025,3,25
O04906,P0031,3,15
O03649,P0091,3,25
O03892,P0056,1,20
O03301,P0050,4,15
O03071,P0033,1,20
O01167,P0076,1,20
O04708,P0023,3,0
O03117,P0003,3,5
O04554,P0098,4,20
O00404,P0016,4,0
O04645,P0035,4,0
O04088,P0001,2,5
O00088,P0099,2,15
O03135,P0038,2,0
O01290,P0015,4,10
O02379,P0011,2,20
O04212,P0028,1,15
O04820,P0085,4,10
O04459,P0057,1,15
O04215,P0099,2,10
O00200,P0018,3,5
O04015,P0053,4,20
O03574,P0012,1,10
O04267,P0096,3,5
O04058,P0024,4,15
O00402,P0045,3,5
O00046,P0010,1,20
O03494,P0044,3,10
O04934,P0020,4,5
O00238,P0035,4,10
O01693,P0095,2,10
O03715,P0027,3,15
O04188,P0071,1,10
O04949,P0063,2,15
O02775,P0071,3,15
O03032,P0011,1,15
O01274,P0085,4,5
O00955,P0093,1,0
O01934,P0032,4,0
O04315,P0015,3,25
O02941,P0071,4,0
O00010,P0074,3,0
O00408,P0001,4,20
O04446,P0090,1,5
O03924,P0030,2,15
O00403,P0083,1,10
O04575,P0050,2,10
O03187,P0023,4,5
O00537,P0007,3,15
O04185,P0022,4,25
O03485,P0081,4,15
O00316,P0075,1,10
O03150,P0083,4,0
O00468,P0058,3,10
O01001,P0061,3,10
O02375,P0009,4,25
O00120,P0087,3,10
O00405,P0009,3,25
O00713,P0068,1,20
O03633,P0030,3,20
O01524,P0071,4,15
O00972,P0057,1,10
O00584,P0017,2,25
O00017,P0076,4,0
O03231,P0072,2,5
O04625,P0013,4,10
O03413,P0067,1,10
O02436,P0058,1,5
O01751,P0094,4,5
O02771,P0064,1,10
O04413,P0093,3,15
O00089,P0050,2,20
O02478,P0043,4,5
O00505,P0098,1,0
O03066,P0046,1,25
O01479,P0084,2,20
O00408,P0059,2,15
O00193,P0046,2,25
O04995,P0026,4,25
O03485,P0023,1,5
O00105,P0095,4,5
O04502,P0052,2,10
O00279,P0068,1,0
O01232,P0094,1,25
O04617,P0020,1,25
O03860,P0099,4,25
O04383,P0081,4,15
O00995,P0061,1,15
O04205,P0063,4,15
O03464,P0095,3,15
O04958,P0050,3,0
O00514,P0027,1,25
O03377,P0096,4,20
O03770,P0018,4,0
O00741,P0073,4,25
O00380,P0052,4,5
O02200,P0047,3,0
O04701,P0041,4,0
O04025,P0056,1,15
O02993,P0040,4,20
O00773,P0057,4,15
O01639,P0090,2,0
O02967,P0019,1,5
O03931,P0099,2,5
O03889,P0098,4,0
O00463,P0042,2,20
O00540,P0041,3,5
O02336,P0039,1,20
O01737,P0093,1,0
O00353,P0049,3,10
O03055,P0020,4,0
O00123,P0077,1,5
O01408,P0066,3,5
O01296,P0068,3,15
O02683,P0064,3,20
O03747,P0037,4,25
O01481,P0086,1,20
O02530,P0080,2,10
O01739,P0062,4,20
O03410,P0041,2,15
O03800,P0099,4,0
O01373,P0008,1,20
O01012,P0097,4,15
O00537,P0070,3,25
O00901,P0010,4,0
O01680,P0045,3,0
O01030,P0004,3,0
O03908,P0016,2,10
O02941,P0020,2,5
O02542,P0064,2,0
O03834,P0075,4,25
O04189,P0019,2,25
O02324,P0043,1,5
O00656,P0092,2,5
O04671,P0100,3,25
O02354,P0079,2,25
O01110,P0071,2,10
O02556,P0087,3,5
O01186,P0041,1,0
O01727,P0075,1,0
O03022,P0027,4,15
O04381,P0046,3,20
O04338,P0028,2,5
O04017,P0023,2,15
O03146,P0016,3,20
O03428,P0093,4,0
O00755,P0067,1,20
O02905,P0019,3,15
O04587,P0035,4,20
O02336,P0072,2,0
O00499,P0010,2,5
O00951,P0097,2,20
O01813,P0028,3,0
O01152,P0042,4,0
O03403,P0031,2,10
O02893,P0084,4,20
O03359,P0057,1,25
O01404,P0064,1,25
O02157,P0073,4,0
O02154,P0093,3,20
O01358,P0066,3,20
O03839,P0007,1,15
O01147,P0050,4,0
O04189,P0089,4,20
O02131,P0038,4,5
O01796,P0080,2,5
O03418,P0065,4,0
O03287,P0067,1,25
O04208,P0062,4,5
O01393,P0043,1,20
O03755,P0076,3,5
O02000,P0036,2,5
O00694,P0080,3,15
O00042,P0081,1,10
O03714,P0083,1,5
O02321,P0045,1,10
O03390,P0028,4,0
O00174,P0039,3,5
O01633,P0090,4,5
O02206,P0007,1,10
O00318,P0021,3,5
O01231,P0098,2,20
O00266,P0026,2,5
O00428,P0098,3,10
O04067,P0023,3,10
O00044,P0085,4,25
O04650,P0055,2,15
O02619,P0048,4,5
O02792,P0062,2,5
O02272,P0018,1,15
O01427,P0059,1,25
O03163,P0078,2,5
O04446,P0099,3,25
O04597,P0025,4,10
O03439,P0090,4,15
O04964,P0005,4,5
O04590,P0015,4,10
O00545,P0081,3,10
O03056,P0023,1,25
O03757,P0099,2,10
O04366,P0070,3,15
O01831,P0031,2,10
O04670,P0075,2,10
O04374,P0061,3,20
O01570,P0088,1,0
O02675,P0059,3,0
O03647,P0056,4,25
O04115,P0066,1,20
O04163,P0017,3,10
O03956,P0025,3,10
O01069,P0074,2,15
O01254,P0088,1,20
O03327,P0025,2,5
O00319,P0024,3,20
O03160,P0063,4,10
O03541,P0049,3,25
O01913,P0017,4,25
O00999,P0004,1,5
O00737,P0045,4,5
O04337,P0083,4,15
O04774,P0057,1,15
O04521,P0093,3,20
O04468,P0090,2,25
O02174,P0079,1,20
O00776,P0009,2,25
O00217,P0022,3,5
O01819,P0021,4,20
O01602,P0068,4,15
O01185,P0088,4,25
O00084,P0073,3,25
O04139,P0087,1,15
O02012,P0041,4,10
O01378,P0032,4,20
O03633,P0070,2,0
O01525,P0039,2,0
O03178,P0024,3,0
O04198,P0040,2,5
O01910,P0014,4,25
O01676,P0046,4,0
O03219,P0080,4,0
O00217,P0088,3,25
O03086,P0089,3,20
O01211,P0082,3,15
O04368,P0048,4,5
O03531,P0014,2,5
O01391,P0052,3,25
O04509,P0098,4,10
O02844,P0007,2,0
O00048,P0027,3,15
O03523,P0066,4,5
O04592,P0073,3,5
O01836,P0043,3,5
O02115,P0095,3,20
O03713,P0044,4,15
O02457,P0097,3,10
O02411,P0010,4,20
O01220,P0031,3,15
O04254,P0052,3,0
O03651,P0032,2,25
O01189,P0016,3,10
O03166,P0096,3,0
O02817,P0062,4,15
O01069,P0039,4,5
O01298,P0057,4,0
O00792,P0021,2,0
O03041,P0023,3,15
O03895,P0026,3,5
O00049,P0049,4,15
O00889,P0053,1,0
O02545,P0067,4,20
O01553,P0030,1,25
O00765,P0009,3,0
O02747,P0067,1,20
O02889,P0030,1,0
O03227,P0003,3,10
O01875,P0099,2,25
O02537,P0060,3,25
O03535,P0058,1,5
O03337,P0043,3,5
O02470,P0046,3,5
O00186,P0086,4,0
O03398,P0018,3,15
O04872,P0093,4,10
O00409,P0010,4,0
O04099,P0078,4,5
O01312,P0012,4,0
O00595,P0005,1,0
O01365,P0008,4,20
O00130,P0044,3,5
O01305,P0088,1,5
O03413,P0075,4,0
O04345,P0030,2,10
O01402,P0024,1,5
O04847,P0092,4,15
O02131,P0044,2,20
O04327,P0053,1,15
O00738,P0047,1,0
O04576,P0027,3,10
O00247,P0091,2,15
O04961,P0044,1,10
O04617,P0091,3,0
O02484,P0063,4,5
O00037,P0056,4,15
O02710,P0083,2,15
O01394,P0002,2,15
O00503,P0010,3,5
O00372,P0076,3,25
O00034,P0010,1,25
O04288,P0066,3,0
O04926,P0093,3,0
O00637,P0020,1,15
O01739,P0054,4,25
O03583,P0073,1,25
O03508,P0100,4,5
O01050,P0035,2,10
O00556,P0009,4,25
O00007,P0014,3,15
O04163,P0037,3,10
O03891,P0062,1,25
O03255,P0068,3,0
O01683,P0089,4,5
O02122,P0091,4,0
O04583,P0076,4,0
O03439,P0035,4,10
O04034,P0093,2,15
O03418,P0058,3,5
O04540,P0020,1,5
O00306,P0085,3,5
O01784,P0068,4,5
O00476,P0089,1,5
O02324,P0087,4,5
O00980,P0054,3,25
O00064,P0062,3,5
O04225,P0068,1,25
O03977,P0093,2,25
O02026,P0080,2,10
O04789,P0100,2,25
O00221,P0019,4,5
O04625,P0038,3,15
O01071,P0058,3,0
O03906,P0030,2,10
O04373,P0045,1,0
O00234,P0005,1,15
O03386,P0005,1,20
O01998,P0008,1,25
O00541,P0022,3,15
O04297,P0004,3,0
O00387,P0023,3,5
O02403,P0079,3,5
O04292,P0087,2,15
O03259,P0010,3,20
O02172,P0042,1,15
O04883,P0095,1,0
O03489,P0020,4,15
O03385,P0063,2,20
O01934,P0028,1,0
O04952,P0016,3,25
O00016,P0080,2,5
O03128,P0043,2,5
O03884,P0073,2,0
O03421,P0034,2,20
O03371,P0025,4,20
O00409,P0015,1,20
O03446,P0017,2,20
O04969,P0004,3,20
O04445,P0092,1,0
O03564,P0051,2,5
O03950,P0048,4,25
O02340,P0075,2,5
O04087,P0072,2,15
O00707,P0045,4,10
O02811,P0037,2,0
O04203,P0003,2,15
O04330,P0041,3,0
O02120,P0057,3,10
O01122,P0059,3,20
O02363,P0025,2,0
O01878,P0051,3,0
O01595,P0066,4,20
O04978,P0022,2,5
O04565,P0071,3,20
O03286,P0002,4,20
O01712,P0036,2,5
O03744,P0009,1,10
O02554,P0052,3,15
O02393,P0093,3,5
O00119,P0087,4,25
O03073,P0076,4,10
O01826,P0012,1,20
O01042,P0018,1,15
O01667,P0023,3,5
O02245,P0018,1,10
O01221,P0073,2,15
O04725,P0096,3,5
O04180,P0016,2,10
O03999,P0045,2,15
O01695,P0040,3,10
O04736,P0046,2,0
O04917,P0035,3,15
O02133,P0059,3,20
O03894,P0053,2,10
O03814,P0023,2,10
O03744,P0087,1,0
O03109,P0065,3,5
O01171,P0054,3,25
O03253,P0023,2,15
O03552,P0094,2,10
O03479,P0050,2,5
O01012,P0048,1,10
O02618,P0041,3,15
O01354,P0099,1,10
O00064,P0023,2,25
O04761,P0037,4,0
O00335,P0080,1,25
O03925,P0060,2,5
O03574,P0074,4,10
O01136,P0014,4,5
O02489,P0023,3,5
O00335,P0063,1,25
O02396,P0044,3,10
O02618,P0038,4,25
O03035,P0086,2,5
O02450,P0005,2,15
O02634,P0071,3,15
O04247,P0098,4,25
O03077,P0003,1,5
O02746,P0074,2,15
O04983,P0073,3,20
O00774,P0010,3,20
O02879,P0002,2,25
O01797,P0017,4,20
O04197,P0007,1,10
O02905,P0025,4,25
O04813,P0089,4,15
O00311,P0069,3,20
O00181,P0034,2,20
O02361,P0066,2,15
O03419,P0001,4,10
O01873,P0011,3,20
O01651,P0075,1,20
O03240,P0059,3,20
O02863,P0095,4,15
O02105,P0091,2,0
O02855,P0069,4,10
O04863,P0086,1,0
O04521,P0095,3,25
O02045,P0058,4,15
O04871,P0010,1,20
O02658,P0036,4,5
O01411,P0024,3,15
O04886,P0076,4,20
O04067,P0074,2,20
O00943,P0076,1,0
O01472,P0067,2,10
O01153,P0024,1,10
O04962,P0033,1,20
O01458,P0008,2,5
O00313,P0053,4,20
O03019,P0021,1,0
O02536,P0013,4,15
O04018,P0010,3,0
O04657,P0094,1,5
O00022,P0006,4,20
O00007,P0061,3,20
O03136,P0010,2,25
O03368,P0013,3,0
O04581,P0075,3,5
O04038,P0015,1,15
O02767,P0041,3,10
O00214,P0067,2,25
O00937,P0097,2,15
O00514,P0098,1,15
O00828,P0057,1,5
O00121,P0046,4,10
O03092,P0026,4,25
O00534,P0040,3,15
O01668,P0045,3,15
O01066,P0069,4,25
O01156,P0014,4,25
O00737,P0052,3,10
O03633,P0065,2,0
O01311,P0088,3,15
O04174,P0060,3,25
O02343,P0031,4,15
O04345,P0027,2,20
O03121,P0024,3,10
O00538,P0046,4,20
O02422,P0027,3,10
O02187,P0041,2,0
O00465,P0066,2,20
O01528,P0022,2,0
O03950,P0066,1,5
O04901,P0002,1,15
O02002,P0072,1,10
O00035,P0077,4,25
O03029,P0052,2,20
O00812,P0088,3,25
O03965,P0039,2,5
O04041,P0096,3,10
O00146,P0006,4,20
O01510,P0093,4,0
O00437,P0056,4,0
O01085,P0041,2,20
O02581,P0025,1,5
O00331,P0015,2,0
O02503,P0087,1,15
O03027,P0042,4,20
O01727,P0025,2,25
O01942,P0047,1,5
O02870,P0081,3,5
O04413,P0072,3,5
O01569,P0098,3,25
O04723,P0033,3,5
O02164,P0058,2,10
O04061,P0078,4,15
O01225,P0051,2,20
O01208,P0077,2,20
O02013,P0007,3,20
O01900,P0087,1,20
O00757,P0017,2,20
O00219,P0080,3,25
O01365,P0056,3,0
O04085,P0090,3,5
O04893,P0003,2,0
O04163,P0078,2,5
O04596,P0056,1,0
O00906,P0058,2,25
O04583,P0040,2,20
O02620,P0076,3,20
O03232,P0033,4,10
O04152,P0076,1,15
O03025,P0092,2,5
O01899,P0063,1,20
O04164,P0060,3,20
O02850,P0003,3,20
O00475,P0012,1,15
O04033,P0045,3,20
O02855,P0072,2,10
O03010,P0063,4,15
O01152,P0064,2,10
O02538,P0082,3,25
O04917,P0002,1,15
O00878,P0019,4,15
O00037,P0041,1,10
O04876,P0082,2,25
O01150,P0044,3,20
O02443,P0031,4,20
O03013,P0067,4,25
O01084,P0100,2,10
O00149,P0039,3,10
O03386,P0011,3,15
O01864,P0092,2,5
O03324,P0042,2,20
O02506,P0076,1,10
O02106,P0057,3,0
O00547,P0035,4,20
O00676,P0044,4,10
O00976,P0009,1,25
O03251,P0083,2,15
O03897,P0036,1,0
O02812,P0026,2,5
O01666,P0021,4,0
O03705,P0057,3,5
O04958,P0017,4,5
O00191,P0082,4,0
O01964,P0039,2,20
O00498,P0014,1,5
O00269,P0072,1,15
O02027,P0056,2,0
O00621,P0034,1,5
O04637,P0081,3,25
O02280,P0057,2,25
O01764,P0095,1,15
O01007,P0033,3,15
O04395,P0099,3,20
O03908,P0095,2,15
O01054,P0024,2,20
O00404,P0031,3,0
O04989,P0087,2,5
O03940,P0094,4,0
O02914,P0006,3,20
O04531,P0005,4,25
O00666,P0004,4,25
O02883,P0029,3,25
O02762,P0030,3,5
O00456,P0088,1,0
O02543,P0038,4,20
O01990,P0016,2,20
O02518,P0089,1,0
O04615,P0015,4,20
O00426,P0026,2,20
O00577,P0054,1,10
O01495,P0037,2,15
O02095,P0025,2,10
O01392,P0001,4,15
O00523,P0011,4,5
O01240,P0029,3,20
O04485,P0081,4,20
O03184,P0002,3,5
O04658,P0011,3,0
O01901,P0089,4,10
O04191,P0033,4,15
O00353,P0070,2,25
O04849,P0024,4,20
O00150,P0099,3,5
O00322,P0059,3,20
O01942,P0093,4,5
O03752,P0072,1,15
O04737,P0014,1,25
O03693,P0052,4,10
O03287,P0025,1,15
O02224,P0043,3,0
O03134,P0029,3,10
O03555,P0070,3,5
O03707,P0074,1,10
O04490,P0007,2,25
O03473,P0017,1,25
O03891,P0074,3,25
O00002,P0096,1,20
O00421,P0023,2,20
O02519,P0041,1,5
O04943,P0055,3,20
O00217,P0069,4,15
O00191,P0086,4,0
O01809,P0059,3,0
O02431,P0003,4,0
O04615,P0017,4,10
O02370,P0088,1,20
O03800,P0074,1,5
O03472,P0056,1,5
O03751,P0022,2,20
O00347,P0018,2,15
O03446,P0021,2,25
O03742,P0034,1,5
O00260,P0053,1,20
O02463,P0082,3,25
O04851,P0067,3,0
O01736,P0071,2,20
O00158,P0072,1,20
O02088,P0011,4,0
O01254,P0025,1,15
O04327,P0017,4,5
O01220,P0046,1,10
O01445,P0036,3,5
O00347,P0075,2,15
O00174,P0035,2,25
O01700,P0044,3,20
O01546,P0085,2,15
O00018,P0043,4,20
O00856,P0047,1,25
O02764,P0017,3,20
O04477,P0025,2,20
O02895,P0092,2,10
O02974,P0041,1,15
O04076,P0005,2,20
O01070,P0090,2,20
O00933,P0072,2,25
O00315,P0025,3,10
O00090,P0016,3,10
O00242,P0048,1,10
O01021,P0021,3,15
O02531,P0038,3,10
O01696,P0038,1,25
O04324,P0035,2,10
O03862,P0095,4,0
O02301,P0058,1,0
O00034,P0001,1,0
O00285,P0067,1,10
O00642,P0093,4,10
O01067,P0015,2,5
O00929,P0042,1,5
O04013,P0004,4,20
O00440,P0075,1,25
O01525,P0049,1,25
O01852,P0021,3,20
O01151,P0043,2,25
O01183,P0095,3,10
O00431,P0097,3,25
O02371,P0026,1,5
O03769,P0043,2,0
O01469,P0021,4,0
O03138,P0086,4,15
O04317,P0032,3,10
O01098,P0088,3,5
O01023,P0058,2,15
O02397,P0070,4,0
O02636,P0069,2,25
O03479,P0053,3,10
O04424,P0069,4,25
O04813,P0054,4,20
O04269,P0045,4,20
O01039,P0008,4,10
O02065,P0040,2,20
O02315,P0090,2,20
O03059,P0006,4,5
O00369,P0041,3,15
O02031,P0033,3,15
O00991,P0002,3,20
O00484,P0046,3,10
O04462,P0049,3,20
O02086,P0026,4,20
O03671,P0036,3,5
O03348,P0090,4,15
O04337,P0083,4,15
O03436,P0079,4,5
O01339,P0037,2,10
O02225,P0060,4,20
O02709,P0029,1,20
O01838,P0002,1,5
O02157,P0044,3,15
O00497,P0059,2,10
O00029,P0023,3,5
O00247,P0032,4,20
O03543,P0072,3,10
O01884,P0058,1,10
O02418,P0044,4,10
O01711,P0080,4,15
O03093,P0041,4,0
O02931,P0054,2,20
O03697,P0036,2,5
O01435,P0030,3,5
O03356,P0096,4,5
O03475,P0094,3,10
O04448,P0082,4,0
O01371,P0092,2,15
O02383,P0088,3,15
O00906,P0033,1,0
O00339,P0060,4,5
O04000,P0098,2,0
O04057,P0027,2,5
O04328,P0032,4,20
O03489,P0042,2,25
O03983,P0054,1,20
O04155,P0080,1,15
O01134,P0019,4,0
O00901,P0077,4,5
O00566,P0048,3,25
O00873,P0036,3,5
O04211,P0045,2,25
O04294,P0007,1,15
O02847,P0007,2,25
O04974,P0029,1,25
O03960,P0008,1,25
O04671,P0061,2,25
O00464,P0065,2,0
O01034,P0063,3,5
O04347,P0049,1,25
O00858,P0085,4,5
O04579,P0032,4,25
O01721,P0046,4,20
O01892,P0002,3,10
O04762,P0087,2,25
O00249,P0076,1,20
O01405,P0010,3,20
O01789,P0083,3,10
O03218,P0076,1,0
O01086,P0059,2,5
O02556,P0066,1,15
O00176,P0026,3,0
O01962,P0083,1,25
O02622,P0087,1,0
O00745,P0098,2,15
O03301,P0063,1,15
O04267,P0029,2,25
O04061,P0078,2,10
O01937,P0097,4,20
O01883,P0060,4,0
O04571,P0039,4,10
O01536,P0013,3,15
O00366,P0060,1,25
O03024,P0009,2,15
O01991,P0017,1,25
O01401,P0081,3,10
O01536,P0056,2,15
O04613,P0047,1,20
O01177,P0083,2,0
O00177,P0002,1,25
O03103,P0091,2,20
O03901,P0059,3,5
O02779,P0092,2,5
O02758,P0068,2,15
O01843,P0045,4,15
O04423,P0004,4,20
O03693,P0017,2,25
O02520,P0021,4,20
O02946,P0059,3,15
O00532,P0043,4,15
O03703,P0026,2,10
O03341,P0010,1,15
O02994,P0065,3,25
O02290,P0059,4,25
O03629,P0012,2,0
O01888,P0054,4,0
O03670,P0089,4,5
O00001,P0025,1,0
O00376,P0068,4,0
O03353,P0040,2,0
O00003,P0060,1,25
O04086,P0023,1,0
O04189,P0021,2,10
O01018,P0031,3,15
O04919,P0009,3,10
O01301,P0076,3,25
O00593,P0076,1,10
O02052,P0076,2,15
O03118,P0002,4,25
O01451,P0085,2,15
O02158,P0097,4,20
O02890,P0029,4,15
O02125,P0100,4,0
O02777,P0023,4,5
O00956,P0093,4,0
O00953,P0096,3,0
O01444,P0064,1,5
O00369,P0008,3,25
O00922,P0088,1,20
O04193,P0070,3,0
O04819,P0089,1,25
O00365,P0030,3,15
O03635,P0093,2,0
O01263,P0045,1,0
O01479,P0048,3,0
O02694,P0057,1,10
O04527,P0082,4,10
O00535,P0044,2,15
O03716,P0047,2,10
O04192,P0056,1,15
O02692,P0097,4,15
O02357,P0031,4,25
O03110,P0013,1,25
O03925,P0051,1,0
O01801,P0081,1,10
O03973,P0083,1,10
O00142,P0029,3,10
O03021,P0031,3,15
O02856,P0073,3,0
O01327,P0054,2,25
O00557,P0080,2,15
O04350,P0047,3,10
O01056,P0074,2,10
O00733,P0032,3,25
O00608,P0066,1,25
O01390,P0097,2,0
O00186,P0030,1,25
O03247,P0030,2,0
O03670,P0023,4,15
O00996,P0030,4,25
O00173,P0068,2,20
O02045,P0081,1,5
O00471,P0057,2,25
O02302,P0027,2,10
O03852,P0032,2,10
O01716,P0016,4,0
O01976,P0041,1,0
O03538,P0090,3,0
O01016,P0007,3,15
O04635,P0025,1,25
O02377,P0061,1,0
O04476,P0037,2,15
O03079,P0032,4,25
O01943,P0022,2,20
O02391,P0069,1,25
O01388,P0042,2,20
O04201,P0098,4,0
O04060,P0039,1,15
O03532,P0038,3,15
O01109,P0078,2,10
O03237,P0052,3,20
O00380,P0043,2,20
O03557,P0056,4,15
O02478,P0013,3,25
O01066,P0046,1,25
O02966,P0065,3,10
O04898,P0011,3,5
O00952,P0089,4,0
O02250,P0076,1,25
O04377,P0099,4,10
O02044,P0028,4,5
O01572,P0087,3,15
O00153,P0015,3,5
O02877,P0025,1,25
O03326,P0057,4,25
O02807,P0048,1,10
O01862,P0097,1,20
O02034,P0016,3,10
O00489,P0091,3,0
O03397,P0016,1,0
O03480,P0100,2,5
O00217,P0081,3,20
O03048,P0018,2,5
O04654,P0033,4,15
O01287,P0008,3,0
O02714,P0076,2,15
O01188,P0010,1,0
O02139,P0006,3,10
O01805,P0095,4,25
O03268,P0014,2,15
O04985,P0018,4,0
O01729,P0057,3,10
O01023,P0092,1,25
O01414,P0015,4,25
O04430,P0064,3,0
O03022,P0062,1,5
O02591,P0032,3,0
O00206,P0086,4,25
O04066,P0006,3,25
O03537,P0022,1,15
O04775,P0087,3,15
O00628,P0052,3,20
O00389,P0071,2,5
O04558,P0065,2,5
O01759,P0011,3,5
O01491,P0025,2,5
O00105,P0042,3,5
O00055,P0050,4,5
O04656,P0066,4,0
O00367,P0007,3,25
O01318,P0034,3,25
O03729,P0072,3,5
O02083,P0079,2,20
O03869,P0072,2,5
O03175,P0047,3,25
O01694,P0070,2,20
O01020,P0049,3,5
O04300,P0095,3,10
O03762,P0046,2,25
O03668,P0011,3,10
O02168,P0022,2,20
O00346,P0028,2,10
O00975,P0038,4,20
O03653,P0078,2,5
O01001,P0015,3,25
O02340,P0087,3,10
O00454,P0028,2,25
O02292,P0089,2,25
O03207,P0039,4,20
O00790,P0096,4,10
O02879,P0068,2,5
O00294,P0092,3,0
O01828,P0099,1,10
O03173,P0004,4,0
O03848,P0100,1,5
O04195,P0062,2,15
O00929,P0023,3,5
O01614,P0064,4,5
O00308,P0013,1,25
O03679,P0074,1,5
O04545,P0011,4,0
O00746,P0098,3,5
O04182,P0014,1,10
O01708,P0080,1,25
O01112,P0073,4,15
O02471,P0031,1,25
O04790,P0091,2,25
O03850,P0078,3,25
O04789,P0097,1,20
O04395,P0051,1,10
O00519,P0091,3,20
O04398,P0027,2,15
O04390,P0070,3,10
O00601,P0047,4,25
O00206,P0088,4,0
O03560,P0060,4,20
O00853,P0100,4,25
O00522,P0053,4,15
O04291,P0088,2,5
O03860,P0029,1,25
O04485,P0022,2,25
O01779,P0047,3,25
O04137,P0049,4,0
O02660,P0088,1,5
O00410,P0090,4,15
O00013,P0014,3,0
O02960,P0042,4,15
O03775,P0041,4,15
O01902,P0091,1,20
O04444,P0012,3,0
O04825,P0012,1,25
O01184,P0020,4,20
O01084,P0066,1,25
O04205,P0005,1,15
O00085,P0004,2,10
O00553,P0089,1,0
O02913,P0046,1,5
O02492,P0039,3,25
O03185,P0080,1,15
O04363,P0090,4,25
O00175,P0095,4,10
O00113,P0029,4,10
O02949,P0004,3,15
O04989,P0065,1,0
O04302,P0076,3,25
O04674,P0002,2,10
O00467,P0012,3,10
O01600,P0013,1,0
O01317,P0040,1,15
O03649,P0032,4,0
O03570,P0086,2,0
O00916,P0001,3,5
O00839,P0039,3,0
O03094,P0027,4,10
O01615,P0006,4,5
O04130,P0087,1,5
O02340,P0055,4,20
O00995,P0009,3,5
O03538,P0078,3,10
O03591,P0076,2,10
O02651,P0018,1,20
O04605,P0026,4,0
O01217,P0074,4,20
O00208,P0071,1,20
O04294,P0070,1,15
O01250,P0098,3,25
O01449,P0096,1,25
O02148,P0048,2,5
O03645,P0020,4,15
O01706,P0021,4,5
O04548,P0083,3,25
O03653,P0084,1,0
O04923,P0099,1,10
O01076,P0086,2,10
O04566,P0058,4,5
O00215,P0056,2,10
O01515,P0001,1,20
O02724,P0053,2,10
O02036,P0091,3,20
O02254,P0090,4,20
O01852,P0053,1,20
O00657,P0012,3,5
O04434,P0028,1,10
O01842,P0099,3,25
O03239,P0030,4,10
O00572,P0033,1,10
O01506,P0017,2,10
O00987,P0033,2,10
O00949,P0075,2,15
O03797,P0085,4,25
O01491,P0030,3,10
O01044,P0021,3,20
O01429,P0031,1,0
O03524,P0082,1,0
O02877,P0073,4,25
O02130,P0052,4,10
O03286,P0015,2,0
O02314,P0013,2,25
O04756,P0029,2,10
O01038,P0031,3,10
O01169,P0011,2,15
O02716,P0035,2,25
O01225,P0021,2,10
O03895,P0028,2,10
O01427,P0099,2,5
O02356,P0097,3,5
O02678,P0002,4,20
O04851,P0069,3,5
O01556,P0028,3,15
O04485,P0092,4,25
O04659,P0072,4,5
O03090,P0083,4,0
O01810,P0056,2,10
O00158,P0072,2,20
O04534,P0094,4,0
O01879,P0052,3,25
O01495,P0048,2,10
O01440,P0015,1,20
O02898,P0087,3,20
O04187,P0082,3,5
O04687,P0090,4,25
O00065,P0012,4,25
O02940,P0041,4,10
O02139,P0082,1,5
O03692,P0020,4,5
O02807,P0095,4,15
O00501,P0062,3,15
O02383,P0003,2,15
O02941,P0037,1,5
O02715,P0019,1,15
O03614,P0006,4,5
O00638,P0016,3,15
O01043,P0017,3,0
O02659,P0077,2,0
O01781,P0100,3,25
O00824,P0048,3,5
O04341,P0075,3,20
O04891,P0093,4,20
O04572,P0003,2,5
O00580,P0076,1,10
O00844,P0091,2,0
O02616,P0033,2,25
O00053,P0084,2,15
O00644,P0059,3,0
O00677,P0053,1,25
O01132,P0057,2,0
O01039,P0005,2,5
O03990,P0057,4,15
O04035,P0030,1,15
O01171,P0087,2,15
O00838,P0022,3,15
O04900,P0048,3,0
O00208,P0094,4,5
O00971,P0011,3,25
O01117,P0069,1,25
O04312,P0035,3,10
O00137,P0093,4,15
O02529,P0025,1,10
O01797,P0053,1,20
O01200,P0039,2,20
O03509,P0043,4,5
O01056,P0039,2,25
O03324,P0024,3,20
O02629,P0034,3,15
O00140,P0093,4,15
O04622,P0012,2,0
O04199,P0002,2,0
O00077,P0045,3,20
O02153,P0004,4,0
O01977,P0080,4,15
O00932,P0003,2,5
O04129,P0025,3,10
O04002,P0003,1,15
O02411,P0063,2,25
O02768,P0083,2,20
O03630,P0082,1,25
O01333,P0011,2,15
O03014,P0050,4,20
O00030,P0055,3,20
O02022,P0100,2,25
O02879,P0032,1,20
O03014,P0085,3,25
O03640,P0074,4,15
O04228,P0090,1,10
O02625,P0015,3,5
O01439,P0002,1,25
O01937,P0039,1,10
O01461,P0022,1,5
O04526,P0076,4,15
O00275,P0081,4,25
O02050,P0024,2,20
O04199,P0037,2,10
O00451,P0015,4,15
O04212,P0019,1,10
O02787,P0030,2,20
O04431,P0050,3,15
O02185,P0094,2,10
O03177,P0084,3,5
O01890,P0001,1,10
O04310,P0020,4,10
O02612,P0033,3,5
O00998,P0019,3,5
O02608,P0043,1,20
O03235,P0048,1,20
O02432,P0013,1,25
O03447,P0042,1,5
O02993,P0066,3,10
O03700,P0045,3,25
O00899,P0088,1,15
O01226,P0024,2,0
O03137,P0083,2,20
O01456,P0025,4,5
O01071,P0064,4,5
O03171,P0006,3,5
O03767,P0098,4,15
O00530,P0042,1,0
O01754,P0017,4,15
O02199,P0084,3,0
O01263,P0048,3,25
O01757,P0010,3,5
O04904,P0079,3,20
O02892,P0012,2,15
O00871,P0080,1,5
O01317,P0006,3,15
O04861,P0042,4,0
O00726,P0061,3,15
O03409,P0089,2,10
O02778,P0075,3,20
O01242,P0053,2,10
O02548,P0087,3,25
O03842,P0002,4,20
O00249,P0039,1,25
O04513,P0084,3,0
O03258,P0093,4,10
O04097,P0081,2,0
O02432,P0092,3,0
O03449,P0024,3,25
O04882,P0075,2,20
O00332,P0055,2,15
O02397,P0094,3,15
O02154,P0076,2,0
O00338,P0035,2,15
O02964,P0073,1,15
O00545,P0044,4,15
O01839,P0082,1,25
O02323,P0027,2,20
O03206,P0078,1,15
O01114,P0030,2,15
O04921,P0100,4,20
O04556,P0093,1,20
O03895,P0040,2,10
O00819,P0078,1,15
O02886,P0093,2,15
O04728,P0038,1,0
O00134,P0069,2,15
O03922,P0062,2,25
O04190,P0085,4,0
O00125,P0081,2,20
O00155,P0037,2,15
O02180,P0080,3,0
O03897,P0036,2,10
O02556,P0098,4,0
O02238,P0010,2,0
O03774,P0054,2,5
O03904,P0035,1,10
O03431,P0083,1,15
O00336,P0026,4,20
O02121,P0075,1,20
O01535,P0040,4,25
O01235,P0005,1,15
O01858,P0075,1,5
O00415,P0088,4,15
O01472,P0050,1,5
O00514,P0078,2,20
O03200,P0047,3,5
O03402,P0079,4,0
O03210,P0023,3,10
O02802,P0090,2,10
O01124,P0032,4,5
O04607,P0007,3,10
O02197,P0054,4,5
O00334,P0046,1,20
O01057,P0001,3,0
O04895,P0027,2,15
O01748,P0005,1,25
O04485,P0042,1,0
O02881,P0068,2,20
O02050,P0019,3,10
O04822,P0084,4,15
O04021,P0066,2,15
O02161,P0035,4,20
O00200,P0060,3,25
O03729,P0068,1,25
O00505,P0052,4,15
O04995,P0097,1,5
O04447,P0010,1,15
O00060,P0052,2,20
O01377,P0024,1,15
O01487,P0008,2,15
O04600,P0001,1,20
O00530,P0046,4,20
O00159,P0009,3,5
O02709,P0085,3,25
O01327,P0009,3,25
O03012,P0017,2,5
O01147,P0018,1,20
O04415,P0027,4,5
O01847,P0041,3,10
O04142,P0045,1,15
O00967,P0004,3,20
O03938,P0009,2,15
O03559,P0008,2,10
O03409,P0038,3,10
O04852,P0027,2,5
O01894,P0001,2,15
O01556,P0003,2,0
O00398,P0017,1,25
O04983,P0032,3,15
O00630,P0084,3,15
O02636,P0059,2,20
O01933,P0024,2,10
O03772,P0061,4,10
O04986,P0024,1,10
O03234,P0085,2,15
O03786,P0010,2,25
O04822,P0038,1,20
O02700,P0071,1,20
O01421,P0073,3,10
O03116,P0051,2,5
O03521,P0016,1,15
O02318,P0003,3,25
O02781,P0050,3,15
O03417,P0012,3,25
O01100,P0019,2,25
O01601,P0072,2,10
O04653,P0064,3,5
O00455,P0035,4,15
O00061,P0044,2,10
O04897,P0039,4,20
O04713,P0045,3,10
O02169,P0054,2,20
O00613,P0005,4,25
O00688,P0047,3,15
O01057,P0048,2,15
O03322,P0073,3,10
O03732,P0097,2,20
O01246,P0042,2,20
O02869,P0100,4,0
O04094,P0029,4,5
O00707,P0049,3,5
O00039,P0100,4,5
O03994,P0008,1,0
O00211,P0011,4,15
O04416,P0020,1,0
O01181,P0060,3,20
O01795,P0079,4,15
O00070,P0045,2,5
O03773,P0096,1,25
O03642,P0036,4,5
O01664,P0068,3,15
O00696,P0026,1,20
O00970,P0087,4,20
O01888,P0053,4,25
O03838,P0091,3,5
O00075,P0047,4,5
O00023,P0018,3,5
O02181,P0084,3,20
O04151,P0084,3,20
O01641,P0099,1,0
O00433,P0009,2,25
O03291,P0082,1,5
O04951,P0032,3,20
O00654,P0015,3,10
O00899,P0078,1,5
O02708,P0032,2,20
O02963,P0021,4,5
O04315,P0033,1,20
O03322,P0066,3,20
O03325,P0027,4,15
O02914,P0014,2,15
O02898,P0019,1,0
O02848,P0011,2,5
O04632,P0062,3,10
O04591,P0007,3,0
O02730,P0002,2,15
O04854,P0096,1,10
O03688,P0047,1,25
O03341,P0092,4,15
O02830,P0081,3,5
O02216,P0008,4,25
O03272,P0081,2,10
O01260,P0059,1,0
O03502,P0084,4,25
O02375,P0053,2,10
O01718,P0002,2,20
O00813,P0013,3,10
O03529,P0073,2,25
O03979,P0060,2,5
O04278,P0100,4,25
O02378,P0067,2,5
O00773,P0064,4,15
O03692,P0077,1,5
O03151,P0055,3,15
O01979,P0099,3,25
O04316,P0064,4,5
O04642,P0058,3,25
O03009,P0089,3,20
O04640,P0076,4,0
O02611,P0067,3,20
O01714,P0077,1,15
O00846,P0081,4,25
O03657,P0021,3,10
O03535,P0013,3,10
O04622,P0049,1,15
O00082,P0017,3,10
O00260,P0031,3,10
O03349,P0045,1,25
O00020,P0003,4,5
O00818,P0003,2,15
O04842,P0014,3,15
O02836,P0065,3,0
O03248,P0080,2,20
O00132,P0029,3,25
O00187,P0054,3,25
O02262,P0078,4,25
O02117,P0071,3,20
O02011,P0042,4,25
O02623,P0032,4,5
O04194,P0029,1,0
O01145,P0058,2,0
O02160,P0018,4,0
O01234,P0009,1,15
O02817,P0076,3,20
O00546,P0035,1,0
O02289,P0092,3,0
O00321,P0082,2,5
O03110,P0055,2,0
O00498,P0011,3,20
O04305,P0022,4,10
O01456,P0099,2,0
O01694,P0084,4,5
O02435,P0017,2,20
O03305,P0049,3,25
O02107,P0064,2,15
O00357,P0037,3,0
O02401,P0003,3,0
O01578,P0070,3,25
O02288,P0003,3,15
O04571,P0036,2,15
O04002,P0062,2,15
O00508,P0019,1,15
O03822,P0040,3,15
O04108,P0040,3,10
O00606,P0046,1,20
O03892,P0007,3,5
O00244,P0047,4,25
O03554,P0052,4,20
O00594,P0039,4,5
O01360,P0072,2,10
O03422,P0021,1,20
O01746,P0029,2,15
O04559,P0048,4,20
O00897,P0043,2,20
O02136,P0006,4,25
O03981,P0047,3,15
O03455,P0044,4,20
O04775,P0060,3,5
O01878,P0068,1,20
O02132,P0086,1,5
O02362,P0043,4,5
O03347,P0069,3,15
O01926,P0092,3,0
O04078,P0010,3,20
O01509,P0023,4,25
O00777,P0067,4,5
O01905,P0024,4,20
O04565,P0039,2,5
O03070,P0072,1,10
O01124,P0095,2,10
O03840,P0020,3,5
O02562,P0026,1,20
O02534,P0065,3,10
O01806,P0059,3,20
O03627,P0062,3,5
O00509,P0079,3,5
O00710,P0004,4,5
O01938,P0018,3,10
O01779,P0088,2,25
O02628,P0087,1,25
O03758,P0059,3,5
O01705,P0066,1,5
O00722,P0005,2,5
O02498,P0095,4,20
O00787,P0099,4,5
O03050,P0084,1,5
O04045,P0084,1,25
O04761,P0015,1,25
O04025,P0002,4,0
O03435,P0037,2,15
O01330,P0025,4,0
O03763,P0024,3,0
O03525,P0005,1,5
O03277,P0004,1,15
O00947,P0071,3,25
O01986,P0034,3,5
O02149,P0051,2,10
O00408,P0082,1,25
O02538,P0051,4,0
O04413,P0033,1,15
O01666,P0023,1,15
O01131,P0020,2,0
O04957,P0098,3,25
O04489,P0033,3,5
O02051,P0098,3,20
O03157,P0002,3,15
O04223,P0040,4,20
O00969,P0075,1,5
O03955,P0009,1,0
O00824,P0078,3,20
O01990,P0079,4,10
O00077,P0046,4,5
O02644,P0004,1,5
O04851,P0016,4,5
O03297,P0027,4,25
O03748,P0073,4,5
O02339,P0008,1,10
O02614,P0053,4,5
O04547,P0011,4,20
O01247,P0041,1,5
O02920,P0007,3,5
O03477,P0049,1,0
O00225,P0033,1,10
O04155,P0012,2,10
O01779,P0076,4,5
O01841,P0041,3,15
O02914,P0047,4,5
O04962,P0080,3,0
O04994,P0072,3,25
O00061,P0021,1,20
O00587,P0033,3,20
O02683,P0050,1,5
O04690,P0051,2,25
O02287,P0072,4,20
O04172,P0006,4,10
O04645,P0045,2,15
O03118,P0046,3,5
O00150,P0001,4,15
O02026,P0009,1,15
O02677,P0004,2,15
O01928,P0048,1,10
O01443,P0045,2,15
O01670,P0087,1,15
O03237,P0048,2,15
O02068,P0052,2,15
O01684,P0060,2,20
O01538,P0034,3,25
O01690,P0059,2,5
O02711,P0063,1,10
O02534,P0088,3,20
O03538,P0084,3,10
O01371,P0049,2,10
O00777,P0028,4,10
O04772,P0011,2,5
O02039,P0028,2,10
O02793,P0054,3,0
O00561,P0020,3,5
O00731,P0083,2,10
O01929,P0064,3,10
O01978,P0095,3,25
O03284,P0099,1,5
O04975,P0086,2,25
O01718,P0020,1,5
O03915,P0068,2,25
O01101,P0089,1,10
O02662,P0059,4,0
O01949,P0093,3,5
O01822,P0011,2,10
O00549,P0053,1,10
O04944,P0066,3,20
O00467,P0020,1,20
O00140,P0037,4,20
O04347,P0084,4,10
O00436,P0013,2,0
O00781,P0007,4,5
O00105,P0051,1,20
O02996,P0086,2,20
O00338,P0065,4,5
O03536,P0020,4,25
O01531,P0061,2,5
O00388,P0020,2,0
O04069,P0024,1,10
O02923,P0061,3,20
O01632,P0094,4,15
O04657,P0035,2,20
O01251,P0036,3,10
O02114,P0053,4,25
O04155,P0023,4,20
O02989,P0023,4,5
O03539,P0058,3,15
O00879,P0023,2,0
O03156,P0059,4,15
O04058,P0064,2,10
O04685,P0068,1,0
O03706,P0054,1,5
O03382,P0055,4,15
O04669,P0057,1,0
O02052,P0075,1,15
O02256,P0090,3,0
O01078,P0024,2,20
O03650,P0061,4,15
O02281,P0097,2,10
O04833,P0054,1,10
O04848,P0043,4,15
O02233,P0071,4,0
O03581,P0093,4,10
O01486,P0071,4,15
O02163,P0018,1,0
O02090,P0015,4,10
O00292,P0001,4,15
O00703,P0077,3,25
O04213,P0085,4,15
O01443,P0089,2,20
O02701,P0073,4,25
O01954,P0007,1,20
O04435,P0073,4,25
O03179,P0005,2,15
O01310,P0024,3,25
O04687,P0039,3,25
O01403,P0092,4,0
O04557,P0077,2,10
O00844,P0003,2,5
O00659,P0013,3,20
O00700,P0018,4,25
O04284,P0084,3,20
O03581,P0021,1,20
O04680,P0026,3,20
O03417,P0068,1,25
O02864,P0020,1,10
O03685,P0009,1,10
O03422,P0063,3,0
O02043,P0004,2,10
O02859,P0095,4,10
O02657,P0095,4,20
O00651,P0043,3,0
O01627,P0015,1,5
O00138,P0002,2,5
O04545,P0022,4,20
O00846,P0034,3,15
O04068,P0078,4,25
O04630,P0012,4,15
O00792,P0063,4,25
O00277,P0070,2,20
O03331,P0095,1,20
O03434,P0097,1,25
O00223,P0010,3,25
O01554,P0018,1,25
O03401,P0035,3,0
O03877,P0029,1,0
O00366,P0008,4,20
O03839,P0031,4,0
O04941,P0069,2,10
O03717,P0060,2,20
O02826,P0050,4,25
O02927,P0068,3,25
O04529,P0078,2,5
O01823,P0047,2,5
O01986,P0069,2,10
O02046,P0027,1,10
O03502,P0060,2,10
O01302,P0057,4,0
O03472,P0071,4,25
O01107,P0017,4,0
O02919,P0018,2,10
O01650,P0048,1,25
O02939,P0082,4,25
O01650,P0036,2,25
O01556,P0091,3,25
O04841,P0048,4,5
O03185,P0091,4,10
O04992,P0075,1,0
O03544,P0019,2,10
O02116,P0017,1,0
O03336,P0009,3,15
O01153,P0073,4,5
O04246,P0089,3,15
O00187,P0017,3,20
O04109,P0028,3,20
O03410,P0086,3,5
O02685,P0044,1,0
O01373,P0016,2,0
O03380,P0014,4,5
O03843,P0066,4,25
O03561,P0081,1,25
O04179,P0098,4,15
O02686,P0027,1,25
O04692,P0090,4,25
O00842,P0062,4,10
O01503,P0085,4,15
O02278,P0031,3,5
O03141,P0019,2,10
O01990,P0043,1,5
O00464,P0038,3,10
O03331,P0072,1,0
O04864,P0037,3,10
O02210,P0009,3,0
O04484,P0034,1,25
O02442,P0031,2,0
O01397,P0068,1,5
O01155,P0002,1,20
O00151,P0018,4,5
O02605,P0062,2,0
O01033,P0038,1,10
O01469,P0013,4,20
O01391,P0059,1,10
O03985,P0020,2,0
O02978,P0025,2,10
O00967,P0011,3,10
O03474,P0072,1,20
O04936,P0062,2,10
O04869,P0047,1,15
O02545,P0100,3,0
O04663,P0082,4,0
O04696,P0008,3,15
O01157,P0068,4,20
O01567,P0017,1,10
O01969,P0004,4,5
O02570,P0009,2,10
O00279,P0004,1,5
O03366,P0057,3,0
O01201,P0060,3,5
O03635,P0087,1,0
O01519,P0079,1,20
O02219,P0081,4,25
O03643,P0001,3,20
O02542,P0089,1,5
O02784,P0061,3,15
O03195,P0006,1,0
O04788,P0041,1,20
O04439,P0081,4,10
O02871,P0082,4,25
O00318,P0083,4,10
O01374,P0001,1,5
O01654,P0050,1,15
O03033,P0081,4,20
O02184,P0046,4,5
O03596,P0055,3,20
O00290,P0094,1,20
O04647,P0003,1,0
O04561,P0024,3,15
O02670,P0020,1,15
O00157,P0047,1,20
O02383,P0047,3,25
O02343,P0037,4,5
O01203,P0060,4,25
O01393,P0044,2,5
O02460,P0054,1,10
O03860,P0075,4,10
O01872,P0041,1,20
O00560,P0090,3,25
O04805,P0024,4,20
O00456,P0017,1,5
O01212,P0001,1,20
O00097,P0017,2,15
O04481,P0084,4,0
O00455,P0032,3,25
O01683,P0068,1,20
O01296,P0094,1,25
O00540,P0036,2,25
O00266,P0054,1,5
O02374,P0037,3,25
O03196,P0064,4,25
O02501,P0041,2,5
O03341,P0018,1,0
O00588,P0097,2,0
O00908,P0082,2,20
O03157,P0071,1,25
O01515,P0002,3,25
O04242,P0025,3,20
O02132,P0098,4,10
O04404,P0085,1,5
O04681,P0026,4,15
O01644,P0010,2,15
O03481,P0043,4,0
O02718,P0058,3,15
O00684,P0012,3,20
O02035,P0005,2,20
O02254,P0077,1,20
O03730,P0066,4,20
O00167,P0079,2,25
O02162,P0086,4,0
O04804,P0019,1,10
O02947,P0068,2,25
O04598,P0090,2,15
O01745,P0026,2,15
O03373,P0056,1,20
O04322,P0039,1,15
O01771,P0100,1,10
O02381,P0021,4,10
O02394,P0086,1,15
O03818,P0043,2,20
O02370,P0093,1,10
O04575,P0038,2,20
O01592,P0032,1,20
O02852,P0039,2,20
O00252,P0076,1,20
O03970,P0086,4,10
O02145,P0045,3,0
O01202,P0006,1,0
O02688,P0074,2,20
O03795,P0018,4,5
O02499,P0046,3,25
O02240,P0018,3,5
O00063,P0037,2,10
O01686,P0021,4,10
O04009,P0078,2,15
O02455,P0084,3,25
O03406,P0019,4,0
O04770,P0026,3,15
O00200,P0093,1,0
O00217,P0040,2,5
O04429,P0009,4,5
O01153,P0062,1,10
O03454,P0059,4,25
O03124,P0043,3,20
O01900,P0028,3,15
O03108,P0042,1,5
O01613,P0099,2,5
O01741,P0033,1,25
O00785,P0013,3,15
O01728,P0092,4,20
O00777,P0053,4,5
O04787,P0091,4,0
O00420,P0006,1,25
O02268,P0040,4,25
O03135,P0066,1,25
O04732,P0048,2,10
O02781,P0046,3,0
O01897,P0080,1,5
O00795,P0067,1,20
O04114,P0029,1,20
O04820,P0080,2,5
O04053,P0021,3,15
O01320,P0063,2,10
O04074,P0074,3,10
O03385,P0002,1,15
O03016,P0022,4,25
O00410,P0002,1,5
O04980,P0009,3,0
O01976,P0009,3,10
O04806,P0065,3,15
O00597,P0057,3,10
O00828,P0030,3,15
O02700,P0079,1,10
O04132,P0039,1,10
O03573,P0067,2,10
O02723,P0083,1,0
O03040,P0037,1,25
O04665,P0014,3,10
O01421,P0069,2,15
O04780,P0082,2,25
O03123,P0086,1,5
O04351,P0066,1,20
O04738,P0024,4,15
O02714,P0016,4,5
O03837,P0086,2,0
O01820,P0055,2,0
O02442,P0033,2,0
O03210,P0095,2,5
O04586,P0015,2,20
O02548,P0082,4,25
O02834,P0011,3,25
O04521,P0039,2,0
O00530,P0040,3,0
O04576,P0024,4,5
O02428,P0063,3,10
O00132,P0015,4,15
O02098,P0013,2,25
O00688,P0046,4,25
O03224,P0071,3,15
O01956,P0035,1,10
O01422,P0061,4,0
O03850,P0055,2,25
O01388,P0071,1,10
O04677,P0080,1,10
O00657,P0073,3,5
O03456,P0005,3,15
O03061,P0082,4,5
O02594,P0045,3,20
O01127,P0056,3,25
O00849,P0057,4,20
O03611,P0014,2,15
O00487,P0023,4,0
O01411,P0019,1,25
O03890,P0100,4,20
O03971,P0001,1,15
O02467,P0044,1,10
O02056,P0095,2,0
O02922,P0064,3,20
O00229,P0041,1,0
O01591,P0036,4,20
O04433,P0016,1,15
O00166,P0003,3,20
O00610,P0068,2,25
O00014,P0037,2,5
O04114,P0064,3,25
O04008,P0033,4,25
O02240,P0040,4,15
O00920,P0079,1,0
O01563,P0066,2,25
O01342,P0069,2,0
O00589,P0035,3,20
O00401,P0042,2,0
O02663,P0040,4,0
O00059,P0071,1,25
O04442,P0037,2,15
O01900,P0042,1,5
O04437,P0004,1,15
O00789,P0087,2,20
O04595,P0049,4,20
O03753,P0087,3,15
O00615,P0090,2,5
O04180,P0025,2,10
O00854,P0028,1,15
O02352,P0060,1,5
O04930,P0067,1,5
O00167,P0022,1,25
O02692,P0074,3,25
O03689,P0070,2,25
O03269,P0040,4,25
O00390,P0080,1,15
O04737,P0099,4,10
O01789,P0073,3,5
O01060,P0025,2,10
O02727,P0061,1,0
O01328,P0080,4,10
O03414,P0003,1,15
O02793,P0023,3,0
O00770,P0009,3,5
O03759,P0092,1,15
O04986,P0013,2,0
O03484,P0023,2,5
O01360,P0031,4,5
O02586,P0012,3,15
O01972,P0049,3,5
O04248,P0075,2,15
O01257,P0018,2,5
O00610,P0079,3,10
O03496,P0098,1,25
O04188,P0024,4,25
O04070,P0039,1,5
O04823,P0082,2,0
O01254,P0076,2,0
O03817,P0043,1,5
O01749,P0062,3,0
O00610,P0037,2,15
O04264,P0073,4,25
O02481,P0032,1,15
O03850,P0077,1,10
O00399,P0041,2,5
O03734,P0033,3,5
O03454,P0042,3,20
O02693,P0065,2,10
O04893,P0028,4,25
O00214,P0004,4,5
O02857,P0039,2,5
O02569,P0036,4,15
O04391,P0090,2,15
O00985,P0039,2,10
O01439,P0039,3,15
O02933,P0069,2,5
O00298,P0011,4,5
O01578,P0076,4,10
O01353,P0075,2,20
O00776,P0014,2,0
O04183,P0097,2,20
O02043,P0086,1,5
O01731,P0078,2,25
O04260,P0065,3,5
O04283,P0076,3,15
O04490,P0008,2,0
O02329,P0092,4,15
O03499,P0087,2,5
O02948,P0059,4,0
O04680,P0015,1,5
O00648,P0042,2,20
O02803,P0033,3,0
O02487,P0025,1,15
O00640,P0064,1,25
O02566,P0093,4,20
O04813,P0074,1,25
O04447,P0093,2,5
O00375,P0025,2,0
O02605,P0037,2,15
O04906,P0057,1,15
O01588,P0039,2,25
O02882,P0026,1,15
O00705,P0072,4,5
O02162,P0039,2,5
O00416,P0020,4,0
O01134,P0042,1,15
O03618,P0004,2,0
O02646,P0008,3,10
O04854,P0059,4,5
O04976,P0092,2,10
O00583,P0020,1,0
O02780,P0074,2,10
O00002,P0092,2,10
O00092,P0064,3,5
O01581,P0063,3,20
O02549,P0012,3,5
O02606,P0084,3,10
O04556,P0013,3,15
O02922,P0061,2,5
O04847,P0089,1,25
O00280,P0072,4,25
O04214,P0095,4,20
O00725,P0024,2,25
O01596,P0048,2,10
O01658,P0077,2,25
O04082,P0060,4,0
O00999,P0006,1,25
O03203,P0021,3,15
O01493,P0076,3,0
O03264,P0045,3,0
O00669,P0074,1,10
O02113,P0039,1,25
O03376,P0064,4,10
O02037,P0030,1,25
O00619,P0072,4,20
O04588,P0030,3,15
O03917,P0078,2,25
O01357,P0033,1,15
O04726,P0087,2,5
O03888,P0055,3,0
O01982,P0079,2,0
O03183,P0068,4,10
O02025,P0099,4,25
O04546,P0047,2,25
O00396,P0071,3,15
O01719,P0066,3,20
O00819,P0022,2,15
O04367,P0089,2,15
O02324,P0036,2,10
O01923,P0011,3,0
O03311,P0100,4,15
O02893,P0045,4,15
O01202,P0095,2,5
O03420,P0066,3,5
O01836,P0062,2,25
O00985,P0093,2,20
O00460,P0003,4,0
O01437,P0001,4,25
O04796,P0029,2,25
O00223,P0054,3,20
O01538,P0031,2,0
O03906,P0015,4,20
O02138,P0018,4,0
O01208,P0013,2,15
O01804,P0078,1,5
O02468,P0001,2,10
O04125,P0043,1,5
O03437,P0004,1,0
O01751,P0018,4,5
O04495,P0023,1,5
O03740,P0058,3,20
O00451,P0053,4,10
O03496,P0078,4,15
O02566,P0080,1,10
O03440,P0095,4,15
O03463,P0063,3,25
O01914,P0028,3,5
O01266,P0078,4,0
O02269,P0072,3,0
O00588,P0026,1,5
O01255,P0028,3,10
O01056,P0048,1,0
O04978,P0064,2,15
O02735,P0061,4,5
O03149,P0038,1,15
O00083,P0097,1,10
O00954,P0051,4,5
O01093,P0063,2,15
O02287,P0036,1,15
O02083,P0029,2,5
O04151,P0015,1,20
O00855,P0044,4,15
O01376,P0063,4,10
O03910,P0094,1,25
O02732,P0090,3,5
O02434,P0050,3,20
O00025,P0085,4,5
O02247,P0049,3,5
O03032,P0069,1,20
O02725,P0084,1,25
O04227,P0030,1,15
O00781,P0034,3,25
O01658,P0060,2,20
O03404,P0031,4,25
O01773,P0027,4,0
O04178,P0057,2,20
O01165,P0005,1,0
O00742,P0079,3,10
O03446,P0036,4,5
O00260,P0074,3,15
O02393,P0087,3,0
O03195,P0089,3,15
O04090,P0055,1,20
O04597,P0097,2,15
O04817,P0075,4,15
O02785,P0085,3,5
O00729,P0019,3,15
O03947,P0047,1,20
O00699,P0057,1,10
O04094,P0021,2,5
O04184,P0042,1,20
O04852,P0073,2,20
O04315,P0091,4,5
O02400,P0100,2,0
O00779,P0023,4,25
O04418,P0047,2,0
O03616,P0091,1,25
O03639,P0017,1,0
O03348,P0085,1,20
O00848,P0054,3,20
O02851,P0098,1,0
O02083,P0088,4,5
O01540,P0098,4,0
O00172,P0028,1,25
O04966,P0095,4,20
O01607,P0017,1,15
O00338,P0091,1,15
O01288,P0046,1,0
O01585,P0016,2,10
O02659,P0026,3,20
O03802,P0067,3,10
O04293,P0090,4,10
O03835,P0093,2,0
O04301,P0044,4,10
O02807,P0026,3,5
O00413,P0038,2,15
O00407,P0010,2,15
O03280,P0023,4,15
O00912,P0011,3,0
O03087,P0073,1,20
O01112,P0027,1,15
O04883,P0025,2,0
O03244,P0100,3,0
O04652,P0002,1,5
O00167,P0096,3,5
O03890,P0093,3,20
O02805,P0025,1,10
O02219,P0072,1,10
O03203,P0051,3,20
O04749,P0043,3,20
O01663,P0073,3,20
O04804,P0045,3,5
O04823,P0082,1,0
O02949,P0100,4,20
O04468,P0055,1,5
O00127,P0084,3,5
O01519,P0017,1,15
O00224,P0006,4,10
O00486,P0002,4,20
O00334,P0031,4,0
O00531,P0063,3,20
O04564,P0081,4,5
O03225,P0014,1,5
O01724,P0064,4,10
O02461,P0083,1,5
O00409,P0070,4,5
O03213,P0051,3,10
O02484,P0036,3,15
O03618,P0080,2,0
O01343,P0027,1,0
O03412,P0099,2,10
O03789,P0089,3,15
O01904,P0070,3,25
O01011,P0072,2,15
O01962,P0035,1,15
O00498,P0024,4,15
O01885,P0053,1,15
O00016,P0071,4,15
O01285,P0036,1,10
O00875,P0059,2,10
O04957,P0094,3,5
O00193,P0040,1,20
O00657,P0007,4,25
O03673,P0041,3,25
O03972,P0011,4,25
O03311,P0010,1,25
O00642,P0051,1,10
O04491,P0029,2,5
O04157,P0021,1,10
O03062,P0037,4,10
O00304,P0095,3,5
O03133,P0051,4,0
O00192,P0087,2,0
O03942,P0064,4,10
O04313,P0031,2,0
O04471,P0053,3,20
O02789,P0028,2,10
O04248,P0089,4,10
O01682,P0043,1,5
O01866,P0030,2,20
O04364,P0065,1,10
O02345,P0058,4,25
O02596,P0015,4,15
O02795,P0043,3,5
O01785,P0084,2,15
O00184,P0074,3,5
O03374,P0022,4,25
O02084,P0051,2,25
O00736,P0075,1,15
O00667,P0029,1,5
O01272,P0100,4,15
O01202,P0008,4,5
O01068,P0042,1,25
O04644,P0074,4,5
O04072,P0039,3,5
O03209,P0019,1,0
O00154,P0043,4,15
O03511,P0085,3,25
O01996,P0077,4,10
O01537,P0055,1,20
O04229,P0012,3,10
O04033,P0052,1,10
O04426,P0086,1,15
O00220,P0062,3,0
O02563,P0073,4,20
O02388,P0050,1,10
O00940,P0039,4,20
O02361,P0045,2,25
O01886,P0063,1,25
O01008,P0061,2,25
O00415,P0044,1,25
O03635,P0007,3,0
O04928,P0052,2,20
O02892,P0083,1,25
O02701,P0064,3,5
O04570,P0046,4,5
O01198,P0009,3,15
O01630,P0077,3,25
O02629,P0092,2,10
O00783,P0004,4,15
O01474,P0056,3,5
O00508,P0044,2,15
O04225,P0008,3,15
O01036,P0058,1,5
O01955,P0047,3,25
O02524,P0014,2,0
O03808,P0032,2,25
O02015,P0050,2,0
O01181,P0057,3,25
O02903,P0100,4,15
O04525,P0002,1,20
O04042,P0012,1,15
O03301,P0071,1,25
O02003,P0031,3,15
O03863,P0092,3,15
O04251,P0058,3,25
O03654,P0076,4,20
O01563,P0016,2,0
O02561,P0087,4,0
O04514,P0010,1,10
O02210,P0074,3,15
O01064,P0019,3,10
O03214,P0032,2,0
O00448,P0023,2,20
O01090,P0075,3,20
O02501,P0048,2,10
O04748,P0038,3,10
O04145,P0092,1,10
O00275,P0068,4,20
O01864,P0092,2,20
O03724,P0093,4,5
O04219,P0035,4,0
O00967,P0096,2,20
O04703,P0025,1,0
O04530,P0026,2,0
O04743,P0020,4,20
O03562,P0036,1,10
O03830,P0091,1,25
O02222,P0078,4,10
O03236,P0077,4,5
O04829,P0015,1,10
O01714,P0024,4,5
O00679,P0060,2,10
O00796,P0083,2,20
O00400,P0075,2,25
O01798,P0089,4,15
O04130,P0047,3,15
O00673,P0065,1,0
O00006,P0005,3,5
O00473,P0024,3,25
O02108,P0006,1,20
O04980,P0028,3,0
O00308,P0096,3,10
O03768,P0012,4,0
O03780,P0089,3,10
O03595,P0006,2,0
O04171,P0074,1,25
O01520,P0056,4,15
O00158,P0065,2,10
O04698,P0019,2,0
O04752,P0074,1,0
O00980,P0042,4,10
O01304,P0067,4,10
O00321,P0034,4,10
O01733,P0091,4,20
O02401,P0014,2,5
O02594,P0018,4,25
O00775,P0099,3,10
O01500,P0003,1,15
O02001,P0058,3,0
O00707,P0028,1,0
O02729,P0081,1,0
O03671,P0078,1,20
O04477,P0015,4,0
O03986,P0098,2,20
O03404,P0001,4,25
O00122,P0062,3,20
O00289,P0039,4,10
O01717,P0006,4,15
O04859,P0041,1,20
O04558,P0097,2,20
O04622,P0087,3,20
O02059,P0099,2,0
O00382,P0059,4,25
O02394,P0060,3,10
O02512,P0053,1,25
O02121,P0030,4,5
O04595,P0088,1,0
O03944,P0034,1,20
O00023,P0001,4,20
O03888,P0053,1,0
O02645,P0008,3,0
O00177,P0043,3,15
O04632,P0060,3,25
O03020,P0012,1,10
O03383,P0082,3,10
O00642,P0081,4,10
O02118,P0014,1,0
O04355,P0058,2,10
O01187,P0058,1,15
O02372,P0087,1,25
O00684,P0096,1,10
O04546,P0081,2,5
O02648,P0010,3,0
O03178,P0069,1,10
O01758,P0030,3,20
O04446,P0091,1,0
O03078,P0088,3,15
O04426,P0091,3,15
O04126,P0025,4,10
O04126,P0062,4,10
O03157,P0013,2,15
O02188,P0031,3,15
O04066,P0081,4,15
O04154,P0080,2,25
O02536,P0013,3,0
O01551,P0034,2,5
O04915,P0012,3,20
O04724,P0007,2,15
O04239,P0011,4,15
O00939,P0080,1,10
O03189,P0027,1,5
O00631,P0037,1,10
O04184,P0014,2,0
O02637,P0069,2,25
O02533,P0083,2,15
O00563,P0001,3,0
O01158,P0028,3,25
O04194,P0098,4,10
O03524,P0021,3,15
O01653,P0042,1,5
O02966,P0034,1,20
O04069,P0017,1,5
O00237,P0050,1,20
O00858,P0086,2,0
O04586,P0080,2,0
O03948,P0027,4,0
O03867,P0057,4,20
O04211,P0016,4,25
O04445,P0099,2,15
O03943,P0097,3,25
O00088,P0048,2,25
O04636,P0013,1,10
O02816,P0097,3,25
O03966,P0031,4,25
O04525,P0098,2,15
O03700,P0086,2,10
O01212,P0011,1,5
O02303,P0040,4,10
O01604,P0060,1,0
O01604,P0035,3,5
O03093,P0064,1,15
O02689,P0075,3,15
O01908,P0048,4,20
O02647,P0061,4,25
O00851,P0069,2,15
O00934,P0085,3,20
O02044,P0048,2,5
O04766,P0040,4,20
O02825,P0017,3,20
O01366,P0091,1,20
O00376,P0018,2,15
O00068,P0026,2,15
O02652,P0046,2,10
O00649,P0039,4,0
O04324,P0046,3,5
O04784,P0001,2,5
O00986,P0082,1,20
O04465,P0003,4,0
O04410,P0097,4,25
O00937,P0087,2,0
O04577,P0071,2,25
O02357,P0093,1,0
O01017,P0095,1,5
O02521,P0015,4,15
O04122,P0010,1,0
O04764,P0099,3,15
O01144,P0077,1,5
O03309,P0004,1,15
O02796,P0023,2,5
O01147,P0091,2,20
O04470,P0083,1,20
O00656,P0007,3,20
O04026,P0042,1,5
O00426,P0075,1,0
O00947,P0033,3,20
O00404,P0062,2,25
O02395,P0019,2,5
O04518,P0068,3,5
O00586,P0035,3,25
O04657,P0010,3,0
O01292,P0066,3,10
O01387,P0040,2,5
O02607,P0004,2,5
O03772,P0079,4,15
O00501,P0080,3,5
O04047,P0095,4,5
O03614,P0050,2,15
O03923,P0052,1,25
O04470,P0082,3,5
O00473,P0047,3,0
O02300,P0076,1,20
O04740,P0052,3,25
O03592,P0075,3,25
O04711,P0036,3,20
O01182,P0028,4,5
O04557,P0014,2,5
O04711,P0024,4,15
O00404,P0061,4,5
O02190,P0046,2,15
O01369,P0016,1,10
O03976,P0007,3,15
O04676,P0077,3,25
O03466,P0083,2,0
O00986,P0083,2,15
O01618,P0030,3,0
O01477,P0012,4,10
O04723,P0024,4,20
O00532,P0086,4,10
O02847,P0026,2,10
O02382,P0068,4,5
O04399,P0003,1,20
O01550,P0076,4,0
O02949,P0096,4,25
O03408,P0048,2,0
O01494,P0090,2,10
O02108,P0037,4,10
O00010,P0029,1,0
O01395,P0064,4,25
O03216,P0027,3,10
O02254,P0027,2,25
O01301,P0070,4,25
O03346,P0032,3,25
O00293,P0024,1,10
O01186,P0004,2,10
O03102,P0043,4,10
O01103,P0079,1,0
O02778,P0064,1,5
O03378,P0055,1,25
O01355,P0044,1,0
O02255,P0071,1,20
O03348,P0086,2,20
O04648,P0100,2,0
O00462,P0006,3,25
O02730,P0004,4,15
O03197,P0088,2,0
O01672,P0001,4,10
O02330,P0078,1,15
O01081,P0097,2,20
O04116,P0042,3,25
O04019,P0095,4,20
O01751,P0054,2,5
O01685,P0065,4,5
O00850,P0041,3,5
O03181,P0038,2,25
O03945,P0076,1,20
O02517,P0051,2,20
O03627,P0030,2,10
O04702,P0100,2,15
O04268,P0085,2,5
O04631,P0060,4,5
O03728,P0024,2,0
O01642,P0065,1,5
O04550,P0100,2,0
O01622,P0020,3,10
O04469,P0003,3,25
O02431,P0043,4,15
O02672,P0031,1,10
O00667,P0002,4,5
O02321,P0017,4,5
O04465,P0047,3,25
O01459,P0100,4,15
O03804,P0052,1,10
O02239,P0027,1,25
O02620,P0091,2,25
O00600,P0017,3,0
O00427,P0084,2,20
O02991,P0061,4,10
O02136,P0057,1,15
O01281,P0072,4,15
O01262,P0046,1,15
O04596,P0013,4,0
O04456,P0098,1,15
O04869,P0057,3,25
O00207,P0033,3,10
O02803,P0056,4,10
O00176,P0004,4,25
O04302,P0045,3,5
O02345,P0060,2,15
O00793,P0049,1,5
O01718,P0091,1,10
O01474,P0015,4,25
O02087,P0065,1,10
O02971,P0036,2,0
O03747,P0030,2,5
O00487,P0015,4,20
O03392,P0016,2,0
O04611,P0014,3,10
O00898,P0037,2,0
O04447,P0051,3,5
O02255,P0070,3,10
O01264,P0062,4,10
O03947,P0003,4,10
O00242,P0002,3,20
O00531,P0024,1,20
O01593,P0062,2,15
O03280,P0055,1,10
O01012,P0032,1,25
O00291,P0022,1,15
O02168,P0003,3,10
O02851,P0014,4,10
O02782,P0058,4,10
O04240,P0087,1,15
O01074,P0100,3,5
O00482,P0018,4,20
O02669,P0021,2,5
O03999,P0021,2,15
O02938,P0033,4,0
O04022,P0089,3,0
O01101,P0009,3,20
O02857,P0074,4,10
O04659,P0001,3,5
O02838,P0066,1,0
O03073,P0078,4,10
O03858,P0076,1,10
O01510,P0070,4,5
O04498,P0036,3,5
O00144,P0037,4,25
O04640,P0060,3,20
O03281,P0009,1,0
O04659,P0006,3,15
O01643,P0021,2,10
O00713,P0059,4,15
O03815,P0035,3,10
O01019,P0025,1,20
O04473,P0098,3,5
O04154,P0094,1,20
O02052,P0014,3,20
O04403,P0016,3,5
O03617,P0071,4,15
O02220,P0037,2,10
O02964,P0062,3,5
O02263,P0094,4,0
O01874,P0001,4,25
O04123,P0087,2,0
O00847,P0090,4,25
O01095,P0042,2,15
O00981,P0079,1,20
O01169,P0023,2,5
O03252,P0038,1,20
O04068,P0042,4,5
O03738,P0060,2,20
O03141,P0031,2,25
O04934,P0089,1,0
O02724,P0032,4,20
O01943,P0076,3,5
O04145,P0012,1,20
O01085,P0100,4,0
O02290,P0053,3,10
O01200,P0039,4,15
O02859,P0071,4,10
O00716,P0035,1,25
O03042,P0084,3,15
O04870,P0100,3,0
O03013,P0092,4,0
O03257,P0077,1,15
O00306,P0008,3,25
O01818,P0051,1,15
O03648,P0067,1,25
O01202,P0075,2,15
O00217,P0027,2,5
O03633,P0094,4,5
O02736,P0047,4,0
O00809,P0010,1,5
O02695,P0073,4,20
O03196,P0064,2,20
O01491,P0038,4,20
O02309,P0035,4,0
O00096,P0026,1,15
O04779,P0089,1,10
O02505,P0097,3,0
O00186,P0025,3,25
O03650,P0025,2,25
O03674,P0057,3,0
O00162,P0087,4,0
O02652,P0014,1,0
O00449,P0033,4,15
O01103,P0067,4,15
O00053,P0051,3,0
O02950,P0088,1,20
O03737,P0003,2,15
O03108,P0020,2,25
O01246,P0036,2,0
O00794,P0083,1,10
O01024,P0020,1,25
O02369,P0046,2,10
O01658,P0086,1,10
O04966,P0086,3,0
O02294,P0003,1,15
O01679,P0037,1,0
O03223,P0055,2,10
O00114,P0047,4,10
O02322,P0012,4,5
O01823,P0028,3,20
O00348,P0011,4,15
O04821,P0017,4,20
O03639,P0077,3,10
O01637,P0028,4,20
O01265,P0003,4,10
O00075,P0037,1,0
O01230,P0029,2,0
O04281,P0066,3,15
O02873,P0058,3,25
O03029,P0023,1,5
O04294,P0065,2,5
O01249,P0050,1,10
O02413,P0011,1,5
O01687,P0020,4,25
O00108,P0037,4,0
O04109,P0055,2,5
O04158,P0020,4,0
O03522,P0016,3,0
O04412,P0082,1,15
O03334,P0061,1,15
O03958,P0097,3,0
O03615,P0010,3,5
O01955,P0027,2,20
O00963,P0041,3,20
O02472,P0068,4,15
O04793,P0036,2,25
O00754,P0043,1,20
O01379,P0099,2,20
O03519,P0008,3,15
O03416,P0077,2,5
O04466,P0005,2,25
O03157,P0061,3,20
O04109,P0005,1,10
O04388,P0099,1,0
O00787,P0007,2,0
O02384,P0024,1,20
O02198,P0096,2,5
O02216,P0020,4,20
O00271,P0042,4,5
O02670,P0014,4,15
O02141,P0099,4,25
O01352,P0038,4,5
O00596,P0033,4,20
O03105,P0033,2,0
O01101,P0066,2,20
O01681,P0085,2,25
O00960,P0085,2,25
O02218,P0088,1,25
O01345,P0037,4,20
O02644,P0010,2,15
O04302,P0073,2,20
O03009,P0060,4,10
O02497,P0064,1,25
O01167,P0002,2,20
O03224,P0014,3,25
O00921,P0068,2,5
O04018,P0011,1,25
O01477,P0059,2,15
O00223,P0085,2,10
O00319,P0082,2,10
O03633,P0021,4,25
O01960,P0019,3,0
O03635,P0085,3,15
O02329,P0006,3,0
O04121,P0097,1,15
O03542,P0075,4,15
O03887,P0064,2,20
O00070,P0086,4,25
O02199,P0055,2,25
O00959,P0029,1,25
O03367,P0085,2,0
O04123,P0033,3,25
O04558,P0057,1,25
O03290,P0071,3,15
O04953,P0034,4,20
O03214,P0039,4,25
O04438,P0038,3,25
O00740,P0015,4,5
O01553,P0073,4,15
O04111,P0086,2,15
O04271,P0025,1,10
O01213,P0001,1,20
O02180,P0030,4,0
O00817,P0082,4,10
O01364,P0060,4,15
O04735,P0059,2,10
O04616,P0082,2,25
O02142,P0046,3,0
O00134,P0042,1,10
O00892,P0012,4,0
O00837,P0030,1,20
O00969,P0100,4,10
O02840,P0086,2,25
O02998,P0006,2,5
O00993,P0012,4,25
O02219,P0061,1,0
O03170,P0014,4,0
O04801,P0090,1,15
O04650,P0078,1,20
O03979,P0038,4,10
O04499,P0051,3,20
O00426,P0029,2,0
O00704,P0076,4,10
O03270,P0040,3,25
O04437,P0051,1,0
O04758,P0024,2,5
O02532,P0030,3,10
O04079,P0083,1,15
O00061,P0041,1,15
O03989,P0054,2,5
O02723,P0098,2,20
O01180,P0037,2,25
O01126,P0069,4,15
O03419,P0027,4,0
O04476,P0069,4,5
O00199,P0041,4,5
O02530,P0020,4,25
O03016,P0030,1,10
O01696,P0085,3,10
O01836,P0065,3,15
O04839,P0028,3,10
O00322,P0046,2,5
O01896,P0083,2,25
O04039,P0008,3,25
O04147,P0098,1,0
O02436,P0052,2,25
O04134,P0090,2,15
O02766,P0004,3,5
O02210,P0034,4,25
O00952,P0027,1,10
O02052,P0084,2,25
O04622,P0003,1,0
O01943,P0088,4,25
O01865,P0044,2,0
O01084,P0023,3,15
O04571,P0046,1,25
O00508,P0024,3,15
O04702,P0022,4,0
O02705,P0063,3,0
O01095,P0045,2,15
O01445,P0092,3,15
O02885,P0088,1,10
O03681,P0081,4,25
O00263,P0100,1,15
O04113,P0091,2,0
O00589,P0071,3,0
O03296,P0010,4,20
O00474,P0056,1,25
O00412,P0024,2,0
O04532,P0028,1,20
O03310,P0030,1,25
O00539,P0034,2,15
O00490,P0053,1,0
O00732,P0025,3,20
O02705,P0026,1,10
O04267,P0026,2,15
O03979,P0093,4,10
O03868,P0075,3,25
O00239,P0079,4,10
O02113,P0064,3,20
O04949,P0079,2,20
O01921,P0017,1,5
O00463,P0054,1,15
O01089,P0086,1,25
O02056,P0097,2,0
O00712,P0085,2,5
O00996,P0010,1,0
O01845,P0029,2,20
O04304,P0076,2,25
O02421,P0093,3,5
O04644,P0071,2,20
O03190,P0037,1,5
O00289,P0008,4,5
O03043,P0008,2,10
O03977,P0048,3,0
O03654,P0098,4,15
O02697,P0037,1,0
O02911,P0073,3,5
O00815,P0078,2,15
O02226,P0053,1,10
O03188,P0069,2,25
O00519,P0002,3,10
O00814,P0096,1,0
O02964,P0087,2,25
O04613,P0030,3,10
O04662,P0060,1,20
O00672,P0087,1,20
O03550,P0002,2,25
O04699,P0054,4,0
O01926,P0090,4,5
O03624,P0048,1,20
O04494,P0042,1,10
O02060,P0058,4,0
O01881,P0024,3,15
O00438,P0014,2,15
O03760,P0081,2,10
O02673,P0034,2,0
O00422,P0029,4,15
O03275,P0031,4,0
O04745,P0039,3,25
O03406,P0068,1,0
O02396,P0032,3,0
O02834,P0066,3,25
O00501,P0032,3,15
O00191,P0031,3,15
O02363,P0002,1,5
O04225,P0099,2,15
O03748,P0061,1,20
O03284,P0072,2,10
O04641,P0019,3,5
O03074,P0059,1,20
O03513,P0059,3,25
O03496,P0046,2,10
O01058,P0043,4,0
O00960,P0067,3,5
O01050,P0045,1,10
O04106,P0071,3,0
O02912,P0073,3,5
O04019,P0053,2,15
O03656,P0038,4,0
O04621,P0068,2,5
O04228,P0057,1,15
O01048,P0038,3,5
O00420,P0064,4,25
O00067,P0065,4,0
O03770,P0042,1,10
O00683,P0048,3,10
O00200,P0038,3,20
O04753,P0041,2,0
O04740,P0078,2,20
O04555,P0004,3,25
O04005,P0039,2,10
O02814,P0047,4,0
O04786,P0071,1,0
O01235,P0030,3,10
O00516,P0036,3,5
O03250,P0088,2,25
O00942,P0054,1,5
O04632,P0046,2,25
O01972,P0038,1,0
O03877,P0065,4,20
O01079,P0023,3,25
O00954,P0097,2,15
O04706,P0058,1,15
O02059,P0037,4,10
O02047,P0086,4,15
O03468,P0053,4,10
O04303,P0080,3,15
O02899,P0052,2,10
O03325,P0027,2,15
O00318,P0004,2,20
O02701,P0082,2,25
O04876,P0083,3,20
O04594,P0030,4,0
O03189,P0018,3,5
O00971,P0008,1,20
O04282,P0058,1,25
O02659,P0018,4,20
O03093,P0045,4,25
O00837,P0080,4,15
O02881,P0015,2,15
O02700,P0047,3,15
O04094,P0029,2,10
O04473,P0028,3,20
O02441,P0054,2,20
O03433,P0052,2,25
O03573,P0100,3,10
O01548,P0023,3,25
O01116,P0087,4,15
O04499,P0035,3,20
O03846,P0047,1,25
O04029,P0088,4,5
O04943,P0052,2,0
O00914,P0022,1,25
O04572,P0044,4,0
O02013,P0047,3,20
O00936,P0017,2,0
O03871,P0016,3,25
O03989,P0028,4,10
O01753,P0008,3,25
O00610,P0089,1,20
O01176,P0018,3,5
O01764,P0027,4,15
O02196,P0046,1,20
O03036,P0059,2,25
O02008,P0031,3,5
O04778,P0002,4,5
O02517,P0072,2,5
O02812,P0097,2,25
O02201,P0030,2,25
O02575,P0073,4,15
O02283,P0076,2,15
O04782,P0001,2,15
O04321,P0076,1,20
O00200,P0016,2,20
O03427,P0038,1,20
O01919,P0072,3,0
O03021,P0019,3,20
O01988,P0024,4,5
O01937,P0069,3,5
O04542,P0061,4,5
O04099,P0068,4,20
O03202,P0024,2,25
O03476,P0007,4,5
O00608,P0089,2,20
O01029,P0029,1,0
O02003,P0048,2,25
O01590,P0087,3,10
O01397,P0005,4,10
O00585,P0002,2,15
O03101,P0092,2,15
O03408,P0026,1,20
O00253,P0067,3,15
O01534,P0096,4,5
O02239,P0064,3,15
O02274,P0021,3,25
O02769,P0038,4,20
O03853,P0078,1,0
O04397,P0001,2,20
O00480,P0013,2,0
O04938,P0085,4,25
O04102,P0010,2,20
O00501,P0075,4,5
O03098,P0017,1,15
O00218,P0089,2,15
O04451,P0008,4,20
O01853,P0085,2,5
O01765,P0038,2,15
O01789,P0008,2,10
O01190,P0051,3,15
O00427,P0019,2,5
O00828,P0056,3,20
O04269,P0090,1,5
O04297,P0071,1,15
O00349,P0046,3,0
O02580,P0091,1,0
O01448,P0058,3,25
O04247,P0023,4,25
O01231,P0053,2,25
O02492,P0093,4,25
O01865,P0095,2,15
O03801,P0075,2,15
O04957,P0020,2,0
O02345,P0073,3,25
O01453,P0082,3,15
O00943,P0064,1,5
O00454,P0053,2,0
O03160,P0005,1,25
O03760,P0025,3,15
O01081,P0026,3,20
O02915,P0017,2,25
O02276,P0008,4,10
O04369,P0027,4,25
O04565,P0079,4,0
O04786,P0019,1,5
O02586,P0032,2,5
O00197,P0094,1,5
O04071,P0054,4,0
O04539,P0049,2,15
O04708,P0034,4,20
O04900,P0074,4,15
O04909,P0062,4,10
O01327,P0013,3,20
O03470,P0064,2,25
O01438,P0019,1,15
O02977,P0061,4,5
O00797,P0029,4,20
O04387,P0094,4,25
O04831,P0025,1,20
O00073,P0097,1,10
O02475,P0047,3,5
O00007,P0030,3,10
O01532,P0047,3,15
O03908,P0036,1,10
O02517,P0012,3,0
O01012,P0074,4,5
O04605,P0032,3,0
O04465,P0083,3,0
O00193,P0052,2,15
O02182,P0046,3,0
O00132,P0031,2,25
O01973,P0091,4,5
O04256,P0037,3,15
O01307,P0065,2,15
O00783,P0076,2,10
O04441,P0028,2,20
O01034,P0015,2,5
O02300,P0027,3,20
O02336,P0074,1,0
O00748,P0026,1,5
O01961,P0060,1,5
O02320,P0090,4,10
O03316,P0005,3,0
O02142,P0074,1,10
O04310,P0080,2,10
O00426,P0009,3,15
O04089,P0061,2,10
O01920,P0020,1,5
O04827,P0041,2,15
O00287,P0067,3,20
O02211,P0067,1,0
O02739,P0003,3,0
O04681,P0087,2,20
O02569,P0038,3,15
O01403,P0065,2,5
O00266,P0012,1,10
O04354,P0057,4,15
O04517,P0095,2,0
O00563,P0068,3,5
O02687,P0085,4,0
O00858,P0087,3,10
O04440,P0008,2,5
O04195,P0088,1,20
O04249,P0088,1,0
O02558,P0051,4,25
O04655,P0080,2,10
O01308,P0051,1,10
O02107,P0092,2,20
O04979,P0041,2,5
O01238,P0092,3,5
O00395,P0071,2,0
O00241,P0055,4,25
O03790,P0038,3,10
O00214,P0065,4,15
O04418,P0058,2,20
O00082,P0083,4,25
O01981,P0097,3,10
O01510,P0057,4,5
O02462,P0094,4,25
O00988,P0054,3,25
O00416,P0072,2,5
O01440,P0025,1,0
O03932,P0027,2,20
O02487,P0033,2,20
O00029,P0063,1,0
O02067,P0045,3,25
O03659,P0011,1,10
O02268,P0084,4,5
O04766,P0029,1,25
O03921,P0027,2,10
O02446,P0062,4,10
O00771,P0036,3,25
O00505,P0066,4,0
O02006,P0036,4,15
O02165,P0074,3,0
O02975,P0012,1,15
O01560,P0022,3,15
O03970,P0090,4,25
O02161,P0048,2,15
O00980,P0046,4,0
O01655,P0062,1,20
O00810,P0045,2,5
O04684,P0075,3,20
O04893,P0024,2,10
O02143,P0021,1,5
O01910,P0057,1,0
O02869,P0024,3,0
O01845,P0019,2,0
O00112,P0008,4,20
O00076,P0080,1,20
O04338,P0084,1,0
O02262,P0063,3,15
O02549,P0093,3,5
O03785,P0052,1,10
O01310,P0012,1,15
O04599,P0001,1,5
O04403,P0021,4,5
O03315,P0042,1,15
O03734,P0003,1,0
O03944,P0050,3,0
O01603,P0042,1,5
O02062,P0002,4,15
O00894,P0054,2,5
O00862,P0032,4,25
O04874,P0017,4,20
O04636,P0012,2,0
O02792,P0066,4,15
O02980,P0063,2,0
O02277,P0032,3,15
O02655,P0018,4,15
O02493,P0064,3,0
O02074,P0009,3,5
O03582,P0001,1,10
O00355,P0009,4,15
O01670,P0014,4,25
O01236,P0026,4,25
O00666,P0016,1,15
O04225,P0026,3,0
O02657,P0033,4,15
O01191,P0044,1,25
O01421,P0038,1,25
O02464,P0057,2,15
O03179,P0099,4,25
O02729,P0061,3,5
O00673,P0069,1,25
O01648,P0095,3,10
O03953,P0093,2,15
O02651,P0068,1,5
O01075,P0082,2,20
O01671,P0007,4,0
O04758,P0046,3,20
O02768,P0061,1,10
O01736,P0026,1,0
O02703,P0063,3,15
O00003,P0051,3,0
O04037,P0088,4,5
O03291,P0055,2,15
O02018,P0004,4,5
O02859,P0056,4,0
O01854,P0082,3,25
O02101,P0066,2,10
O00388,P0058,3,15
O04023,P0009,2,15
O02423,P0028,4,5
O02628,P0098,1,20
O03776,P0051,4,0
O03170,P0065,4,10
O00942,P0098,4,10
O00766,P0089,2,15
O00727,P0094,1,15
O03006,P0001,3,25
O01137,P0004,1,5
O04270,P0054,2,20
O04230,P0018,4,20
O04600,P0091,1,5
O03644,P0085,1,0
O02743,P0040,4,15
O03717,P0042,2,25
O03467,P0094,1,15
O01441,P0081,3,20
O04056,P0071,4,25
O02102,P0023,1,15
O04113,P0048,2,0
O03698,P0047,4,10
O04744,P0056,1,15
O03583,P0090,1,5
O02035,P0024,3,20
O04463,P0084,2,0
O02515,P0089,3,10
O02511,P0001,4,5
O00961,P0031,1,0
O00714,P0020,3,15
O01999,P0051,4,5
O03382,P0027,4,5
O01718,P0022,1,10
O03905,P0047,3,20
O02422,P0030,3,20
O00965,P0100,4,15
O02954,P0065,3,0
O02418,P0053,2,10
O00957,P0078,3,10
O00963,P0023,4,0
O03792,P0099,3,10
O01371,P0078,2,15
O04423,P0084,3,15
O03834,P0056,3,20
O02387,P0091,2,20
O03907,P0046,3,25
O03424,P0053,2,20
O00747,P0079,3,5
O04369,P0028,3,25
O01142,P0042,2,5
O02123,P0047,3,10
O00706,P0086,4,0
O00359,P0051,2,25
O03750,P0074,4,25
O02096,P0063,2,25
O04702,P0035,2,10
O03476,P0010,1,20
O00554,P0007,4,25
O00651,P0017,1,20
O00203,P0009,1,0
O03223,P0069,2,0
O00543,P0095,4,5
O01430,P0017,2,0
O00520,P0015,2,20
O01503,P0082,3,10
O00908,P0086,1,20
O00301,P0041,2,0
O01788,P0003,1,20
O03282,P0047,4,10
O04020,P0030,4,25
O02936,P0078,2,25
O02432,P0046,2,10
O03320,P0011,4,10
O02463,P0099,4,10
O00164,P0046,1,20
O04160,P0087,1,10
O03788,P0039,1,25
O03207,P0052,3,5
O00359,P0035,2,25
O04291,P0023,2,25
O02293,P0081,2,25
O02695,P0096,2,25
O00691,P0059,4,20
O01896,P0083,2,0
O00479,P0075,1,0
O01541,P0096,1,10
O00163,P0022,4,25
O04320,P0021,1,5
O00102,P0003,2,5
O04111,P0068,3,5
O03527,P0100,3,0
O01458,P0093,4,20
O00807,P0096,4,25
O03203,P0024,4,20
O04516,P0026,3,5
O03983,P0023,4,15
O03810,P0041,3,0
O01631,P0094,1,10
O02917,P0020,1,0
O04795,P0082,4,5
O04397,P0002,4,20
O03039,P0026,2,25
O04191,P0097,2,0
O01475,P0055,3,20
O04746,P0005,2,25
O00325,P0049,2,5
O03982,P0022,2,10
O02164,P0042,2,20
O01183,P0026,2,0
O04049,P0075,3,10
O00523,P0086,4,20
O00005,P0021,2,10
O02573,P0058,1,10
O00178,P0095,4,15
O03491,P0056,4,20
O03246,P0076,1,0
O01297,P0053,2,20
O02443,P0075,3,10
O03314,P0099,1,0
O00909,P0055,1,15
O01928,P0036,3,0
O01094,P0004,3,5
O01241,P0005,2,10
O02224,P0008,1,10
O03791,P0028,3,10
O02651,P0037,1,10
O04032,P0020,4,0
O02091,P0060,4,5
O04844,P0031,1,10
O00782,P0047,3,5
O00772,P0008,4,25
O00530,P0100,2,20
O03115,P0043,3,0
O02803,P0004,2,0
O02430,P0078,2,25
O01072,P0040,2,5
O04418,P0061,3,10
O04714,P0031,2,5
O03011,P0072,1,10
O00466,P0072,4,20
O03899,P0096,2,10
O03604,P0076,3,15
O02325,P0077,2,20
O03777,P0090,3,5
O02605,P0089,3,5
O00213,P0014,4,0
O00265,P0002,2,15
O01410,P0013,2,15
O00419,P0089,4,0
O02448,P0067,4,25
O02458,P0012,4,25
O04500,P0042,1,0
O00577,P0074,4,25
O02496,P0089,1,10
O02898,P0034,1,15
O01553,P0072,1,0
O02702,P0086,2,0
O02104,P0036,3,20
O02673,P0012,2,15
O04835,P0045,4,10
O04808,P0093,2,0
O01743,P0097,3,5
O00519,P0038,2,0
O04272,P0051,3,5
O03981,P0043,3,10
O00260,P0049,4,0
O03451,P0003,3,25
O03462,P0057,4,5
O04300,P0006,2,0
O01095,P0087,4,25
O01754,P0079,4,20
O02411,P0008,4,5
O02219,P0010,4,20
O03260,P0041,1,0
O03707,P0018,1,10
O02412,P0033,2,0
O03745,P0020,3,20
O02882,P0021,3,10
O00535,P0035,3,5
O04978,P0018,1,0
O00577,P0040,2,25
O04572,P0091,2,5
O04988,P0031,4,5
O02016,P0035,2,0
O03968,P0007,1,20
O01860,P0076,3,0
O04108,P0052,2,15
O03233,P0002,1,25
O04472,P0045,4,15
O04022,P0070,3,10
O00822,P0074,2,5
O01314,P0044,2,5
O04920,P0088,2,15
O01288,P0038,1,5
O01167,P0047,3,5
O03826,P0033,2,5
O00997,P0065,1,5
O00232,P0061,4,20
O00167,P0081,1,15
O04960,P0037,4,25
O01592,P0004,3,15
O00658,P0037,1,20
O01174,P0015,4,15
O00292,P0066,4,20
O04515,P0028,3,20
O01304,P0015,4,25
O04480,P0022,3,20
O04217,P0023,3,15
O02521,P0058,1,0
O04503,P0068,2,25
O04159,P0066,2,25
O04958,P0067,1,10
O03216,P0081,2,5
O03412,P0091,2,10
O02776,P0074,3,10
O04394,P0013,2,0
O04926,P0017,4,5
O03833,P0047,3,5
O02331,P0058,4,25
O01051,P0066,4,25
O02154,P0042,1,10
O03714,P0015,4,25
O00243,P0055,3,5
O03209,P0023,1,0
O02433,P0097,3,20
O04108,P0013,3,25
O02803,P0096,2,15
O01876,P0082,3,0
O01584,P0079,3,25
O01811,P0096,4,0
O02944,P0017,1,0
O04211,P0016,1,25
O03515,P0074,4,10
O02385,P0050,4,25
O03438,P0090,3,25
O03306,P0045,4,5
O03998,P0092,4,0
O02150,P0063,3,15
O00279,P0081,1,10
O00122,P0013,4,5
O02398,P0003,3,5
O03593,P0046,4,5
O01736,P0043,4,5
O03057,P0002,1,5
O01637,P0028,2,10
O01243,P0082,4,10
O00096,P0028,2,5
O03261,P0050,1,5
O00805,P0022,2,20
O01937,P0054,3,10
O01173,P0066,1,20
O03588,P0008,2,25
O01545,P0096,1,10
O01713,P0024,3,20
O02907,P0005,4,20
O00448,P0016,2,15
O04655,P0080,4,0
O02116,P0001,1,10
O03639,P0096,3,5
O04435,P0061,1,5
O03784,P0094,3,15
O00001,P0016,3,15
O01404,P0018,3,5
O00930,P0037,3,10
O03982,P0031,2,10
O04195,P0011,1,0
O01799,P0034,3,15
O04843,P0024,3,25
O00984,P0048,4,10
O04276,P0013,1,20
O02755,P0045,2,25
O02039,P0009,3,10
O04352,P0013,3,20
O04777,P0026,2,5
O01386,P0084,3,5
O04976,P0060,3,10
O00080,P0053,3,0
O02041,P0083,3,25
O04837,P0047,3,5
O01334,P0023,4,15
O02352,P0048,1,15
O03949,P0076,2,5
O02498,P0061,3,0
O04591,P0077,4,0
O01167,P0076,4,20
O04383,P0051,4,20
O04954,P0090,2,0
O01808,P0053,3,0
O04207,P0037,1,5
O04066,P0062,2,15
O02727,P0060,4,5
O01463,P0094,3,10
O02498,P0076,3,0
O00676,P0009,3,5
O04437,P0008,1,5
O04918,P0015,2,20
O01074,P0076,2,0
O03231,P0015,2,10
O00010,P0030,2,15
O02351,P0008,3,5
O03446,P0030,3,20
O03272,P0037,3,20
O00214,P0032,2,25
O01036,P0038,1,5
O01886,P0034,4,10
O04638,P0070,2,25
O00770,P0083,2,5
O01841,P0012,3,0
O04001,P0047,1,0
O04182,P0057,2,10
O00781,P0053,3,15
O04124,P0045,3,25
O03806,P0002,2,20
O00060,P0001,3,20
O03909,P0051,4,5
O00026,P0003,4,10
O03773,P0095,2,25
O04938,P0045,2,0
O00942,P0003,4,15
O02515,P0088,2,20
O00629,P0024,1,0
O02026,P0031,3,10
O00628,P0097,1,10
O00463,P0015,4,15
O03539,P0009,2,10
O00224,P0001,3,10
O04455,P0094,3,25
O02174,P0018,4,25
O03116,P0083,3,0
O03444,P0097,4,20
O04260,P0069,2,10
O00666,P0085,3,15
O01653,P0020,4,20
O02112,P0082,3,0
O03773,P0091,3,15
O01353,P0017,4,0
O00794,P0018,1,0
O00899,P0099,4,15
O03364,P0037,3,15
O00548,P0038,3,5
O00449,P0086,4,20
O04999,P0004,2,5
O02512,P0020,4,15
O04792,P0047,4,10
O03081,P0038,1,5
O00919,P0062,2,10
O01695,P0098,1,10
O02395,P0033,4,0
O02204,P0089,2,5
O03406,P0051,2,10
O04747,P0062,2,5
O03972,P0008,3,15
O04461,P0038,4,10
O02312,P0088,2,25
O04236,P0029,1,10
O00217,P0015,1,20
O03187,P0067,4,20
O00066,P0013,2,25
O03706,P0052,4,20
O04501,P0022,3,0
O02342,P0030,1,5
O03352,P0028,1,5
O01572,P0055,3,5
O00038,P0100,2,25
O02169,P0024,1,20
O01558,P0082,2,5
O04382,P0018,4,10
O00969,P0042,1,25
O02719,P0091,2,5
O00595,P0062,2,0
O04090,P0095,3,25
O02391,P0023,3,10
O03563,P0058,1,10
O00668,P0028,1,5
O04703,P0052,4,10
O03057,P0009,4,10
O00154,P0037,1,0
O04998,P0073,1,15
O04384,P0078,4,10
O00999,P0016,1,25
O04073,P0012,4,5
O02465,P0008,3,10
O03237,P0096,3,25
O03736,P0001,4,25
O00383,P0100,1,25
O00706,P0021,1,25
O00374,P0070,4,5
O03144,P0041,2,25
O03243,P0099,1,10
O00109,P0010,3,20
O04051,P0034,1,10
O03402,P0058,4,10
O01173,P0046,2,20
O01945,P0055,4,20
O00787,P0075,2,25
O00685,P0097,3,20
O03550,P0070,2,0
O04720,P0076,2,0
O04653,P0038,4,0
O03734,P0018,1,5
O02400,P0048,4,20
O00244,P0045,4,20
O02661,P0073,1,5
O04711,P0081,3,10
O03729,P0035,2,5
O00540,P0039,4,20
O01009,P0059,4,10
O00183,P0023,1,20
O01339,P0079,3,0
O01626,P0020,1,25
O03760,P0020,1,15
O02099,P0088,3,15
O00346,P0083,3,10
O03273,P0002,3,0
O03285,P0029,4,10
O02373,P0014,3,10
O01622,P0011,2,5
