order_id,customer_id,order_date,payment_method,order_status
O00001,C0139,2025-01-25,Debit Card,Delivered
O00002,C0893,2025-01-25,UPI,Delivered
O00003,C0250,2025-08-18,Credit Card,Cancelled
O00004,C0863,2025-06-06,Debit Card,Delivered
O00005,C0291,2025-03-05,UPI,Delivered
O00006,C0692,2025-04-25,Cash on Delivery,Delivered
O00007,C0701,2025-07-25,Credit Card,Delivered
O00008,C0623,2025-05-30,Credit Card,Delivered
O00009,C0906,2025-09-09,Cash on Delivery,Delivered
O00010,C0323,2025-02-19,UPI,Delivered
O00011,C0788,2025-11-22,Credit Card,Cancelled
O00012,C0815,2025-03-11,Credit Card,Delivered
O00013,C0683,2025-06-17,UPI,Delivered
O00014,C0286,2025-01-20,UPI,Returned
O00015,C0349,2025-10-11,Cash on Delivery,Delivered
O00016,C0219,2025-07-28,Credit Card,Delivered
O00017,C0441,2025-09-08,Debit Card,Delivered
O00018,C0328,2025-05-15,Debit Card,Delivered
O00019,C0018,2025-08-06,Debit Card,Delivered
O00020,C0515,2025-10-12,UPI,Cancelled
O00021,C0785,2025-11-18,Credit Card,Returned
O00022,C0579,2025-01-16,UPI,Returned
O00023,C0265,2025-02-21,UPI,Delivered
O00024,C0143,2025-10-16,UPI,Cancelled
O00025,C0389,2025-08-27,Credit Card,Delivered
O00026,C0926,2025-05-05,UPI,Delivered
O00027,C0235,2025-03-30,Credit Card,Delivered
O00028,C0826,2025-10-23,Debit Card,Cancelled
O00029,C0713,2025-06-24,Debit Card,Returned
O00030,C0769,2025-07-17,UPI,Delivered
O00031,C0202,2025-03-24,Debit Card,Delivered
O00032,C0477,2025-09-11,Debit Card,Delivered
O00033,C0837,2025-06-20,Credit Card,Delivered
O00034,C0241,2025-06-29,Cash on Delivery,Delivered
O00035,C0607,2025-10-03,Debit Card,Delivered
O00036,C0725,2025-07-10,Credit Card,Delivered
O00037,C0936,2025-05-04,Debit Card,Delivered
O00038,C0824,2025-08-09,Cash on Delivery,Delivered
O00039,C0804,2025-03-10,Cash on Delivery,Delivered
O00040,C0869,2025-11-05,Credit Card,Delivered
O00041,C0945,2025-06-22,UPI,Delivered
O00042,C0267,2025-06-07,Cash on Delivery,Delivered
O00043,C0074,2025-01-23,Cash on Delivery,Returned
O00044,C0739,2025-02-02,Debit Card,Cancelled
O00045,C0536,2025-10-14,UPI,Delivered
O00046,C0087,2025-09-02,Debit Card,Delivered
O00047,C0535,2025-11-14,Cash on Delivery,Cancelled
O00048,C0445,2025-04-20,Debit Card,Returned
O00049,C0239,2025-09-01,Credit Card,Delivered
O00050,C0396,2025-12-16,Debit Card,Delivered
O00051,C0605,2025-08-13,Credit Card,Delivered
O00052,C0168,2025-04-02,Debit Card,Delivered
O00053,C0043,2025-05-02,UPI,Cancelled
O00054,C0857,2025-12-24,Credit Card,Delivered
O00055,C0002,2025-03-19,Cash on Delivery,Cancelled
O00056,C0576,2025-08-11,Debit Card,Delivered
O00057,C0939,2025-02-23,Credit Card,Delivered
O00058,C0786,2025-10-25,Cash on Delivery,Delivered
O00059,C0132,2025-12-23,Credit Card,Delivered
O00060,C0226,2025-07-14,Debit Card,Delivered
O00061,C0450,2025-05-23,Credit Card,Delivered
O00062,C0937,2025-05-05,Debit Card,Delivered
O00063,C0218,2025-11-17,Debit Card,Delivered
O00064,C0855,2025-10-26,Credit Card,Delivered
O00065,C0308,2025-09-25,Credit Card,Delivered
O00066,C0248,2025-08-06,Credit Card,Delivered
O00067,C0324,2025-08-31,Cash on Delivery,Delivered
O00068,C0710,2025-03-04,Cash on Delivery,Delivered
O00069,C0700,2025-06-20,Cash on Delivery,Delivered
O00070,C0474,2025-11-04,Debit Card,Delivered
O00071,C0275,2025-09-24,Credit Card,Cancelled
O00072,C0892,2025-04-09,UPI,Delivered
O00073,C0809,2025-10-08,Debit Card,Delivered
O00074,C0358,2025-03-17,UPI,Delivered
O00075,C0204,2025-07-18,Credit Card,Delivered
O00076,C0087,2025-11-23,Credit Card,Delivered
O00077,C0214,2025-03-28,Debit Card,Delivered
O00078,C0872,2025-08-15,Debit Card,Returned
O00079,C0867,2025-04-16,Credit Card,Delivered
O00080,C0151,2025-08-29,UPI,Delivered
O00081,C0172,2025-11-30,Debit Card,Delivered
O00082,C0208,2025-01-04,UPI,Delivered
O00083,C0784,2025-04-19,Credit Card,Returned
O00084,C0216,2025-01-13,Credit Card,Cancelled
O00085,C0374,2025-04-06,Cash on Delivery,Returned
O00086,C0995,2025-07-10,UPI,Delivered
O00087,C0352,2025-08-12,Cash on Delivery,Delivered
O00088,C0293,2025-12-08,Cash on Delivery,Delivered
O00089,C0177,2025-07-02,Cash on Delivery,Returned
O00090,C0259,2025-03-17,UPI,Returned
O00091,C0840,2025-02-24,Cash on Delivery,Delivered
O00092,C0253,2025-11-19,Credit Card,Delivered
O00093,C0964,2025-10-20,Debit Card,Delivered
O00094,C0107,2025-04-29,Debit Card,Delivered
O00095,C0623,2025-09-11,Cash on Delivery,Delivered
O00096,C0552,2025-11-22,UPI,Delivered
O00097,C0006,2025-11-11,Cash on Delivery,Delivered
O00098,C0039,2025-02-17,Cash on Delivery,Delivered
O00099,C0972,2025-02-03,Cash on Delivery,Delivered
O00100,C0018,2025-01-27,UPI,Delivered
O00101,C0623,2025-12-29,UPI,Delivered
O00102,C0392,2025-06-21,Cash on Delivery,Delivered
O00103,C0272,2025-02-03,Credit Card,Delivered
O00104,C0064,2025-09-23,Cash on Delivery,Delivered
O00105,C0058,2025-01-13,UPI,Cancelled
O00106,C0303,2025-11-12,Credit Card,Delivered
O00107,C0569,2025-12-23,Cash on Delivery,Cancelled
O00108,C0466,2025-11-13,Debit Card,Delivered
O00109,C0110,2025-05-06,Debit Card,Delivered
O00110,C0192,2025-10-09,UPI,Delivered
O00111,C0703,2025-07-16,Cash on Delivery,Cancelled
O00112,C0861,2025-01-09,Credit Card,Delivered
O00113,C0144,2025-05-17,Credit Card,Delivered
O00114,C0664,2025-07-20,Debit Card,Delivered
O00115,C0150,2025-02-13,UPI,Delivered
O00116,C0795,2025-02-23,Cash on Delivery,Delivered
O00117,C0793,2025-01-28,Credit Card,Delivered
O00118,C0919,2025-10-26,Credit Card,Returned
O00119,C0853,2025-09-21,UPI,Delivered
O00120,C0197,2025-10-06,Cash on Delivery,Delivered
O00121,C0449,2025-09-28,Cash on Delivery,Delivered
O00122,C0655,2025-02-15,Credit Card,Delivered
O00123,C0237,2025-02-11,UPI,Cancelled
O00124,C0668,2025-01-18,UPI,Delivered
O00125,C0981,2025-10-08,Cash on Delivery,Delivered
O00126,C0777,2025-11-14,Debit Card,Delivered
O00127,C0731,2025-07-14,Cash on Delivery,Delivered
O00128,C0328,2025-01-06,UPI,Delivered
O00129,C0193,2025-07-25,Debit Card,Returned
O00130,C0457,2025-11-24,Credit Card,Delivered
O00131,C0918,2025-07-31,Debit Card,Delivered
O00132,C0161,2025-05-31,Credit Card,Returned
O00133,C0523,2025-01-13,UPI,Delivered
O00134,C0304,2025-01-18,Cash on Delivery,Returned
O00135,C0812,2025-09-04,Credit Card,Delivered
O00136,C0935,2025-06-13,UPI,Delivered
O00137,C0917,2025-06-08,UPI,Delivered
O00138,C0817,2025-01-15,Debit Card,Delivered
O00139,C0355,2025-08-05,Cash on Delivery,Delivered
O00140,C0526,2025-07-21,Debit Card,Returned
O00141,C0253,2025-10-16,Cash on Delivery,Delivered
O00142,C0935,2025-02-02,UPI,Delivered
O00143,C0446,2025-06-13,Credit Card,Delivered
O00144,C0155,2025-04-10,Debit Card,Delivered
O00145,C0708,2025-03-16,Credit Card,Delivered
O00146,C0975,2025-10-28,UPI,Cancelled
O00147,C0687,2025-05-06,Credit Card,Cancelled
O00148,C0709,2025-11-14,UPI,Delivered
O00149,C0729,2025-04-18,Cash on Delivery,Delivered
O00150,C0561,2025-10-12,Debit Card,Delivered
O00151,C0956,2025-02-09,UPI,Delivered
O00152,C0872,2025-10-06,Credit Card,Delivered
O00153,C0351,2025-02-05,Cash on Delivery,Delivered
O00154,C0125,2025-02-07,Debit Card,Delivered
O00155,C0672,2025-11-15,UPI,Returned
O00156,C0824,2025-12-18,Credit Card,Delivered
O00157,C0060,2025-11-29,Debit Card,Delivered
O00158,C0899,2025-11-08,Cash on Delivery,Delivered
O00159,C0523,2025-02-10,Cash on Delivery,Cancelled
O00160,C0057,2025-01-14,Credit Card,Returned
O00161,C0892,2025-11-22,Debit Card,Delivered
O00162,C0990,2025-12-18,Debit Card,Delivered
O00163,C0206,2025-07-18,UPI,Delivered
O00164,C0562,2025-08-05,Cash on Delivery,Delivered
O00165,C0358,2025-06-01,UPI,Delivered
O00166,C0255,2025-10-22,Credit Card,Cancelled
O00167,C0217,2025-07-01,UPI,Delivered
O00168,C0013,2025-01-30,Debit Card,Returned
O00169,C0272,2025-04-22,Cash on Delivery,Delivered
O00170,C0403,2025-03-10,Cash on Delivery,Cancelled
O00171,C0658,2025-11-10,UPI,Returned
O00172,C0039,2025-10-27,Credit Card,Delivered
O00173,C0229,2025-03-19,Cash on Delivery,Delivered
O00174,C0218,2025-07-04,Credit Card,Returned
O00175,C0944,2025-06-04,Cash on Delivery,Delivered
O00176,C0535,2025-01-28,Debit Card,Delivered
O00177,C0338,2025-11-09,Debit Card,Delivered
O00178,C0574,2025-06-17,Credit Card,Delivered
O00179,C0598,2025-11-15,Cash on Delivery,Delivered
O00180,C0409,2025-04-27,Debit Card,Delivered
O00181,C0723,2025-04-15,Debit Card,Cancelled
O00182,C0415,2025-04-05,UPI,Delivered
O00183,C0370,2025-11-16,UPI,Delivered
O00184,C0721,2025-10-05,UPI,Delivered
O00185,C0884,2025-09-29,Cash on Delivery,Delivered
O00186,C0907,2025-09-15,Credit Card,Delivered
O00187,C0614,2025-07-08,UPI,Delivered
O00188,C0250,2025-12-24,UPI,Returned
O00189,C0801,2025-08-13,Debit Card,Delivered
O00190,C0073,2025-09-08,Cash on Delivery,Delivered
O00191,C0787,2025-05-21,UPI,Delivered
O00192,C0737,2025-03-06,UPI,Delivered
O00193,C0310,2025-06-11,UPI,Delivered
O00194,C0310,2025-06-17,Cash on Delivery,Returned
O00195,C0026,2025-04-30,Credit Card,Delivered
O00196,C0610,2025-08-14,Debit Card,Returned
O00197,C0966,2025-11-02,Credit Card,Delivered
O00198,C0905,2025-09-29,Cash on Delivery,Delivered
O00199,C0103,2025-12-12,Cash on Delivery,Delivered
O00200,C0079,2025-04-12,Cash on Delivery,Cancelled
O00201,C0899,2025-12-20,Credit Card,Delivered
O00202,C0185,2025-07-26,Cash on Delivery,Delivered
O00203,C0063,2025-10-30,UPI,Delivered
O00204,C0652,2025-03-07,Cash on Delivery,Delivered
O00205,C0188,2025-04-13,Credit Card,Delivered
O00206,C0878,2025-07-04,Cash on Delivery,Delivered
O00207,C0104,2025-12-25,Cash on Delivery,Returned
O00208,C0734,2025-10-07,Credit Card,Delivered
O00209,C0411,2025-07-05,Credit Card,Cancelled
O00210,C0449,2025-07-07,Cash on Delivery,Delivered
O00211,C0650,2025-09-28,UPI,Cancelled
O00212,C0037,2025-03-08,UPI,Delivered
O00213,C0966,2025-01-07,Credit Card,Delivered
O00214,C0269,2025-08-03,Cash on Delivery,Delivered
O00215,C0613,2025-10-06,Credit Card,Delivered
O00216,C0779,2025-11-19,Credit Card,Returned
O00217,C0775,2025-08-12,Cash on Delivery,Delivered
O00218,C0258,2025-03-16,Cash on Delivery,Delivered
O00219,C0077,2025-05-01,Debit Card,Cancelled
O00220,C0959,2025-05-12,Debit Card,Delivered
O00221,C0620,2025-01-05,Cash on Delivery,Delivered
O00222,C0055,2025-01-17,Cash on Delivery,Delivered
O00223,C0522,2025-11-19,Cash on Delivery,Delivered
O00224,C0872,2025-08-26,Debit Card,Delivered
O00225,C0093,2025-06-17,Cash on Delivery,Returned
O00226,C0636,2025-05-27,UPI,Delivered
O00227,C0630,2025-08-03,UPI,Delivered
O00228,C0213,2025-11-27,UPI,Delivered
O00229,C0306,2025-07-15,UPI,Delivered
O00230,C0080,2025-12-10,UPI,Delivered
O00231,C0260,2025-10-10,UPI,Delivered
O00232,C0992,2025-07-01,Debit Card,Returned
O00233,C0151,2025-10-07,Credit Card,Cancelled
O00234,C0598,2025-03-10,Debit Card,Delivered
O00235,C0719,2025-01-06,Debit Card,Delivered
O00236,C0586,2025-04-03,Credit Card,Delivered
O00237,C0391,2025-04-08,Debit Card,Delivered
O00238,C0822,2025-08-13,Credit Card,Delivered
O00239,C0427,2025-03-25,Debit Card,Returned
O00240,C0703,2025-02-01,Cash on Delivery,Delivered
O00241,C0002,2025-07-29,Debit Card,Delivered
O00242,C0732,2025-02-16,UPI,Cancelled
O00243,C0387,2025-04-11,Credit Card,Delivered
O00244,C0998,2025-03-27,Cash on Delivery,Delivered
O00245,C0580,2025-10-31,Cash on Delivery,Delivered
O00246,C0458,2025-07-06,Credit Card,Delivered
O00247,C0329,2025-10-15,Cash on Delivery,Delivered
O00248,C0471,2025-08-05,Debit Card,Delivered
O00249,C0674,2025-01-22,Cash on Delivery,Cancelled
O00250,C0725,2025-04-22,Credit Card,Delivered
O00251,C0280,2025-11-22,Credit Card,Delivered
O00252,C0632,2025-07-08,Debit Card,Delivered
O00253,C0372,2025-06-11,Cash on Delivery,Delivered
O00254,C0301,2025-11-20,Cash on Delivery,Delivered
O00255,C0653,2025-02-19,UPI,Delivered
O00256,C0723,2025-04-09,Cash on Delivery,Returned
O00257,C0509,2025-02-27,Debit Card,Delivered
O00258,C0012,2025-07-12,Credit Card,Delivered
O00259,C0345,2025-10-06,UPI,Delivered
O00260,C0329,2025-06-24,Debit Card,Delivered
O00261,C0244,2025-01-03,UPI,Delivered
O00262,C0052,2025-10-25,Credit Card,Delivered
O00263,C0937,2025-12-21,UPI,Delivered
O00264,C0224,2025-10-29,Debit Card,Delivered
O00265,C0332,2025-06-25,Debit Card,Delivered
O00266,C0592,2025-05-01,Credit Card,Delivered
O00267,C0645,2025-06-02,UPI,Delivered
O00268,C0947,2025-05-27,UPI,Cancelled
O00269,C0619,2025-02-08,Cash on Delivery,Delivered
O00270,C0198,2025-12-09,Credit Card,Delivered
O00271,C0395,2025-08-09,Credit Card,Delivered
O00272,C1000,2025-04-24,Cash on Delivery,Returned
O00273,C0609,2025-11-02,Credit Card,Delivered
O00274,C0256,2025-06-07,Credit Card,Cancelled
O00275,C0239,2025-11-14,Debit Card,Delivered
O00276,C0717,2025-12-29,Cash on Delivery,Delivered
O00277,C0827,2025-02-19,Cash on Delivery,Delivered
O00278,C0460,2025-08-18,Debit Card,Delivered
O00279,C0071,2025-12-02,Debit Card,Returned
O00280,C0620,2025-07-04,Cash on Delivery,Delivered
O00281,C0101,2025-09-05,Cash on Delivery,Delivered
O00282,C0610,2025-04-13,UPI,Delivered
O00283,C0159,2025-12-14,Credit Card,Delivered
O00284,C0578,2025-04-22,Debit Card,Delivered
O00285,C0967,2025-09-09,Cash on Delivery,Delivered
O00286,C0041,2025-01-28,Cash on Delivery,Delivered
O00287,C0235,2025-07-29,Credit Card,Delivered
O00288,C0168,2025-04-21,UPI,Delivered
O00289,C0836,2025-06-02,Debit Card,Delivered
O00290,C0807,2025-12-14,Debit Card,Delivered
O00291,C0565,2025-08-12,Cash on Delivery,Delivered
O00292,C0708,2025-02-19,Debit Card,Delivered
O00293,C0603,2025-11-18,UPI,Cancelled
O00294,C0015,2025-08-04,Credit Card,Delivered
O00295,C0762,2025-02-11,Cash on Delivery,Delivered
O00296,C0414,2025-11-10,UPI,Delivered
O00297,C0901,2025-09-21,Debit Card,Returned
O00298,C0617,2025-10-26,Debit Card,Delivered
O00299,C0841,2025-02-15,Credit Card,Delivered
O00300,C0414,2025-08-15,Debit Card,Delivered
O00301,C0554,2025-09-30,Debit Card,Delivered
O00302,C0640,2025-11-30,Debit Card,Cancelled
O00303,C0842,2025-09-03,Cash on Delivery,Delivered
O00304,C0753,2025-10-29,Credit Card,Delivered
O00305,C0095,2025-02-26,Credit Card,Delivered
O00306,C0410,2025-03-08,UPI,Delivered
O00307,C0711,2025-11-02,Credit Card,Delivered
O00308,C0567,2025-05-02,Cash on Delivery,Delivered
O00309,C0840,2025-05-01,Credit Card,Delivered
O00310,C0208,2025-12-30,Cash on Delivery,Cancelled
O00311,C0845,2025-08-15,Credit Card,Delivered
O00312,C0762,2025-11-22,Credit Card,Delivered
O00313,C0902,2025-11-28,UPI,Delivered
O00314,C0247,2025-01-22,UPI,Cancelled
O00315,C0420,2025-01-10,Cash on Delivery,Delivered
O00316,C0176,2025-12-19,Debit Card,Delivered
O00317,C0825,2025-05-01,UPI,Cancelled
O00318,C0611,2025-06-25,Debit Card,Returned
O00319,C0387,2025-10-08,Credit Card,Delivered
O00320,C0248,2025-03-30,Debit Card,Delivered
O00321,C0584,2025-11-16,Credit Card,Delivered
O00322,C0654,2025-03-20,Debit Card,Delivered
O00323,C0938,2025-06-28,Cash on Delivery,Delivered
O00324,C0457,2025-01-03,Debit Card,Delivered
O00325,C0060,2025-07-04,UPI,Delivered
O00326,C0048,2025-08-11,Cash on Delivery,Delivered
O00327,C0279,2025-10-10,Credit Card,Delivered
O00328,C0914,2025-12-18,UPI,Delivered
O00329,C0343,2025-11-18,Cash on Delivery,Delivered
O00330,C0127,2025-09-01,Credit Card,Delivered
O00331,C0505,2025-11-14,UPI,Delivered
O00332,C0854,2025-11-18,Cash on Delivery,Cancelled
O00333,C0726,2025-10-09,UPI,Cancelled
O00334,C0046,2025-10-19,UPI,Delivered
O00335,C0693,2025-04-15,Credit Card,Delivered
O00336,C0952,2025-04-09,Credit Card,Delivered
O00337,C0134,2025-11-04,Cash on Delivery,Delivered
O00338,C0655,2025-08-03,Debit Card,Returned
O00339,C0676,2025-11-18,Credit Card,Cancelled
O00340,C0576,2025-03-20,Debit Card,Delivered
O00341,C0850,2025-11-04,UPI,Delivered
O00342,C0007,2025-07-26,Cash on Delivery,Delivered
O00343,C0174,2025-08-04,Cash on Delivery,Returned
O00344,C0008,2025-06-03,Credit Card,Delivered
O00345,C0761,2025-05-13,Cash on Delivery,Delivered
O00346,C0677,2025-09-12,Credit Card,Delivered
O00347,C0326,2025-04-11,Credit Card,Delivered
O00348,C0730,2025-06-24,UPI,Delivered
O00349,C0104,2025-06-01,Credit Card,Delivered
O00350,C0801,2025-07-01,Credit Card,Delivered
O00351,C0735,2025-06-30,Credit Card,Delivered
O00352,C0582,2025-10-22,Debit Card,Delivered
O00353,C0775,2025-01-10,Cash on Delivery,Delivered
O00354,C0856,2025-07-06,UPI,Returned
O00355,C0314,2025-03-31,Cash on Delivery,Delivered
O00356,C0908,2025-05-30,Debit Card,Returned
O00357,C0821,2025-11-05,Cash on Delivery,Delivered
O00358,C0689,2025-12-20,Debit Card,Cancelled
O00359,C0337,2025-05-22,UPI,Delivered
O00360,C0315,2025-08-08,Cash on Delivery,Delivered
O00361,C0753,2025-12-05,Cash on Delivery,Delivered
O00362,C0532,2025-02-11,UPI,Delivered
O00363,C0106,2025-04-30,Credit Card,Delivered
O00364,C0552,2025-09-18,Cash on Delivery,Delivered
O00365,C0246,2025-09-16,Cash on Delivery,Delivered
O00366,C0929,2025-12-19,UPI,Cancelled
O00367,C0030,2025-09-27,Cash on Delivery,Cancelled
O00368,C0601,2025-04-13,Debit Card,Delivered
O00369,C0145,2025-08-06,Cash on Delivery,Delivered
O00370,C0222,2025-03-03,Cash on Delivery,Delivered
O00371,C0843,2025-05-29,Credit Card,Delivered
O00372,C0632,2025-10-08,UPI,Delivered
O00373,C0731,2025-05-08,Debit Card,Returned
O00374,C0920,2025-04-12,Debit Card,Delivered
O00375,C0135,2025-09-16,Cash on Delivery,Delivered
O00376,C0696,2025-11-08,UPI,Returned
O00377,C0467,2025-04-14,UPI,Delivered
O00378,C0497,2025-06-16,Cash on Delivery,Delivered
O00379,C0205,2025-05-21,Cash on Delivery,Delivered
O00380,C0411,2025-08-08,Cash on Delivery,Delivered
O00381,C0870,2025-01-09,Credit Card,Delivered
O00382,C0697,2025-09-25,UPI,Delivered
O00383,C0086,2025-09-09,Cash on Delivery,Returned
O00384,C0767,2025-06-20,Credit Card,Delivered
O00385,C0678,2025-08-19,Cash on Delivery,Delivered
O00386,C0328,2025-08-21,Cash on Delivery,Delivered
O00387,C0150,2025-11-23,UPI,Delivered
O00388,C0412,2025-11-09,Cash on Delivery,Delivered
O00389,C0877,2025-09-27,Cash on Delivery,Delivered
O00390,C0055,2025-09-27,Debit Card,Delivered
O00391,C0460,2025-01-02,UPI,Delivered
O00392,C0151,2025-04-24,Credit Card,Delivered
O00393,C0329,2025-11-27,Cash on Delivery,Delivered
O00394,C0314,2025-06-06,UPI,Delivered
O00395,C0666,2025-12-09,Debit Card,Delivered
O00396,C0435,2025-12-28,Debit Card,Delivered
O00397,C0061,2025-09-04,Debit Card,Delivered
O00398,C0420,2025-12-25,UPI,Returned
O00399,C0484,2025-10-26,Credit Card,Delivered
O00400,C0227,2025-07-06,UPI,Delivered
O00401,C0009,2025-04-23,Cash on Delivery,Delivered
O00402,C0180,2025-05-02,Cash on Delivery,Delivered
O00403,C0158,2025-09-11,Cash on Delivery,Delivered
O00404,C0279,2025-12-25,Debit Card,Delivered
O00405,C0114,2025-05-28,Debit Card,Delivered
O00406,C0932,2025-02-22,UPI,Delivered
O00407,C0865,2025-08-08,Cash on Delivery,Delivered
O00408,C0711,2025-05-27,Debit Card,Delivered
O00409,C0525,2025-08-08,Credit Card,Delivered
O00410,C0377,2025-06-01,UPI,Delivered
O00411,C0453,2025-12-07,Cash on Delivery,Delivered
O00412,C0016,2025-05-05,Debit Card,Delivered
O00413,C0144,2025-10-01,Credit Card,Delivered
O00414,C0645,2025-01-21,Credit Card,Delivered
O00415,C0822,2025-01-30,Credit Card,Cancelled
O00416,C0425,2025-03-29,Credit Card,Cancelled
O00417,C0444,2025-01-02,Credit Card,Delivered
O00418,C0126,2025-03-29,Debit Card,Delivered
O00419,C0948,2025-06-29,Debit Card,Delivered
O00420,C0729,2025-02-11,Cash on Delivery,Delivered
O00421,C0312,2025-06-16,UPI,Returned
O00422,C0784,2025-06-05,Credit Card,Delivered
O00423,C0477,2025-01-29,Cash on Delivery,Cancelled
O00424,C0631,2025-11-28,Cash on Delivery,Delivered
O00425,C0873,2025-02-16,Credit Card,Delivered
O00426,C0463,2025-10-05,Debit Card,Delivered
O00427,C0558,2025-01-15,Debit Card,Delivered
O00428,C0759,2025-03-30,UPI,Delivered
O00429,C0132,2025-09-04,UPI,Delivered
O00430,C0999,2025-12-10,Credit Card,Delivered
O00431,C0287,2025-09-02,UPI,Delivered
O00432,C0484,2025-07-24,Debit Card,Delivered
O00433,C0226,2025-11-30,Credit Card,Delivered
O00434,C0134,2025-03-25,Credit Card,Delivered
O00435,C0105,2025-03-06,Credit Card,Delivered
O00436,C0096,2025-10-19,Debit Card,Delivered
O00437,C0347,2025-01-13,Debit Card,Delivered
O00438,C0576,2025-06-18,Debit Card,Delivered
O00439,C0253,2025-03-26,UPI,Delivered
O00440,C0723,2025-07-28,UPI,Delivered
O00441,C0617,2025-09-06,UPI,Returned
O00442,C0653,2025-07-17,Cash on Delivery,Delivered
O00443,C0464,2025-12-29,UPI,Delivered
O00444,C0321,2025-05-31,Debit Card,Delivered
O00445,C0170,2025-09-21,UPI,Cancelled
O00446,C0983,2025-10-23,UPI,Delivered
O00447,C0510,2025-02-16,Cash on Delivery,Delivered
O00448,C0718,2025-12-27,Cash on Delivery,Delivered
O00449,C0835,2025-12-09,Cash on Delivery,Delivered
O00450,C0936,2025-06-05,UPI,Delivered
O00451,C0738,2025-08-28,Cash on Delivery,Returned
O00452,C0007,2025-11-01,Credit Card,Delivered
O00453,C0001,2025-06-11,Cash on Delivery,Delivered
O00454,C0262,2025-02-09,Cash on Delivery,Cancelled
O00455,C0395,2025-05-11,Cash on Delivery,Cancelled
O00456,C0275,2025-06-26,Debit Card,Delivered
O00457,C0664,2025-03-31,Cash on Delivery,Returned
O00458,C0388,2025-01-26,Credit Card,Delivered
O00459,C0668,2025-01-06,UPI,Delivered
O00460,C0810,2025-05-31,Cash on Delivery,Delivered
O00461,C0261,2025-04-24,UPI,Delivered
O00462,C0866,2025-11-19,Debit Card,Delivered
O00463,C0950,2025-03-16,UPI,Delivered
O00464,C0780,2025-05-17,Debit Card,Delivered
O00465,C0277,2025-01-26,Credit Card,Delivered
O00466,C0135,2025-07-22,Credit Card,Delivered
O00467,C0069,2025-10-13,UPI,Delivered
O00468,C0924,2025-07-15,Debit Card,Delivered
O00469,C0187,2025-08-22,Cash on Delivery,Returned
O00470,C0363,2025-06-19,Debit Card,Delivered
O00471,C0394,2025-09-18,Credit Card,Delivered
O00472,C0120,2025-03-28,UPI,Returned
O00473,C0211,2025-09-14,UPI,Delivered
O00474,C0093,2025-06-17,UPI,Delivered
O00475,C0965,2025-05-20,UPI,Delivered
O00476,C0268,2025-12-18,UPI,Delivered
O00477,C0469,2025-02-01,Cash on Delivery,Delivered
O00478,C0995,2025-10-21,UPI,Delivered
O00479,C0637,2025-05-29,Debit Card,Delivered
O00480,C0405,2025-01-18,UPI,Delivered
O00481,C0252,2025-07-27,Debit Card,Delivered
O00482,C0488,2025-04-06,Debit Card,Delivered
O00483,C0700,2025-07-06,UPI,Delivered
O00484,C0438,2025-10-16,Credit Card,Cancelled
O00485,C0717,2025-03-27,UPI,Delivered
O00486,C0436,2025-03-05,UPI,Delivered
O00487,C0932,2025-07-17,UPI,Delivered
O00488,C0193,2025-04-21,Credit Card,Returned
O00489,C0209,2025-01-11,Debit Card,Delivered
O00490,C0953,2025-06-22,Debit Card,Delivered
O00491,C0478,2025-11-29,Cash on Delivery,Delivered
O00492,C0809,2025-01-12,Debit Card,Delivered
O00493,C0279,2025-10-02,UPI,Delivered
O00494,C0650,2025-04-17,Credit Card,Delivered
O00495,C0768,2025-07-06,Debit Card,Delivered
O00496,C0745,2025-01-23,Credit Card,Delivered
O00497,C0904,2025-08-17,Debit Card,Delivered
O00498,C0597,2025-07-11,Credit Card,Delivered
O00499,C0327,2025-11-02,Cash on Delivery,Returned
O00500,C0652,2025-09-20,UPI,Delivered
O00501,C0916,2025-04-29,UPI,Delivered
O00502,C0662,2025-03-23,Credit Card,Delivered
O00503,C0242,2025-07-23,Debit Card,Delivered
O00504,C0904,2025-01-13,Credit Card,Delivered
O00505,C0537,2025-03-10,Credit Card,Delivered
O00506,C0679,2025-08-14,Cash on Delivery,Delivered
O00507,C0383,2025-01-31,UPI,Delivered
O00508,C0675,2025-10-20,Debit Card,Delivered
O00509,C0065,2025-05-19,Debit Card,Delivered
O00510,C0295,2025-02-18,Debit Card,Delivered
O00511,C0565,2025-01-09,Debit Card,Cancelled
O00512,C0992,2025-05-08,UPI,Delivered
O00513,C0963,2025-07-12,Credit Card,Cancelled
O00514,C0055,2025-06-13,Cash on Delivery,Delivered
O00515,C0069,2025-04-08,Cash on Delivery,Delivered
O00516,C0104,2025-01-01,Debit Card,Delivered
O00517,C0144,2025-09-08,Cash on Delivery,Delivered
O00518,C0448,2025-01-27,Credit Card,Delivered
O00519,C0599,2025-04-06,Credit Card,Delivered
O00520,C0805,2025-12-06,UPI,Delivered
O00521,C0305,2025-01-26,Cash on Delivery,Delivered
O00522,C0067,2025-08-22,UPI,Delivered
O00523,C0122,2025-04-30,Cash on Delivery,Cancelled
O00524,C0527,2025-08-17,UPI,Delivered
O00525,C0448,2025-01-12,Credit Card,Returned
O00526,C0688,2025-07-15,Cash on Delivery,Delivered
O00527,C0123,2025-10-20,Cash on Delivery,Cancelled
O00528,C0598,2025-09-29,Cash on Delivery,Delivered
O00529,C0694,2025-10-18,UPI,Delivered
O00530,C0900,2025-06-23,UPI,Delivered
O00531,C0337,2025-07-26,Debit Card,Delivered
O00532,C0811,2025-02-15,Cash on Delivery,Returned
O00533,C0511,2025-03-20,Credit Card,Delivered
O00534,C0410,2025-10-11,Credit Card,Delivered
O00535,C0074,2025-03-17,UPI,Cancelled
O00536,C0186,2025-02-03,Cash on Delivery,Delivered
O00537,C0232,2025-12-29,UPI,Delivered
O00538,C0448,2025-06-04,Debit Card,Delivered
O00539,C0845,2025-10-17,UPI,Returned
O00540,C0454,2025-01-18,Credit Card,Delivered
O00541,C0457,2025-06-05,Credit Card,Delivered
O00542,C0054,2025-11-03,Cash on Delivery,Delivered
O00543,C0231,2025-06-18,UPI,Delivered
O00544,C0954,2025-10-07,Cash on Delivery,Delivered
O00545,C0310,2025-10-20,UPI,Delivered
O00546,C0185,2025-10-30,Debit Card,Delivered
O00547,C0324,2025-05-04,UPI,Delivered
O00548,C0888,2025-03-27,Credit Card,Delivered
O00549,C0547,2025-08-18,Debit Card,Delivered
O00550,C0993,2025-11-01,UPI,Delivered
O00551,C0973,2025-07-21,Credit Card,Delivered
O00552,C0247,2025-01-07,UPI,Cancelled
O00553,C0130,2025-11-21,UPI,Delivered
O00554,C0705,2025-01-04,Credit Card,Delivered
O00555,C0092,2025-06-14,Cash on Delivery,Delivered
O00556,C0093,2025-08-30,Cash on Delivery,Delivered
O00557,C0343,2025-04-29,Credit Card,Delivered
O00558,C0445,2025-10-24,Cash on Delivery,Delivered
O00559,C0280,2025-02-15,Cash on Delivery,Delivered
O00560,C0132,2025-12-10,Credit Card,Delivered
O00561,C0747,2025-04-06,Cash on Delivery,Delivered
O00562,C0282,2025-03-02,Debit Card,Delivered
O00563,C0109,2025-07-25,UPI,Cancelled
O00564,C0245,2025-12-22,UPI,Delivered
O00565,C0544,2025-02-01,Credit Card,Delivered
O00566,C0930,2025-10-07,UPI,Delivered
O00567,C0654,2025-01-18,Debit Card,Delivered
O00568,C0154,2025-03-31,UPI,Delivered
O00569,C0810,2025-09-14,Cash on Delivery,Delivered
O00570,C0191,2025-06-25,Credit Card,Delivered
O00571,C0199,2025-08-07,UPI,Delivered
O00572,C0125,2025-03-26,UPI,Delivered
O00573,C0689,2025-05-22,Credit Card,Delivered
O00574,C0468,2025-02-19,UPI,Delivered
O00575,C0059,2025-06-01,Debit Card,Delivered
O00576,C0248,2025-02-01,UPI,Delivered
O00577,C0616,2025-11-13,Credit Card,Delivered
O00578,C0001,2025-12-13,UPI,Delivered
O00579,C0121,2025-04-24,Credit Card,Delivered
O00580,C0248,2025-05-12,Credit Card,Cancelled
O00581,C0193,2025-09-16,Credit Card,Delivered
O00582,C0210,2025-01-28,Cash on Delivery,Delivered
O00583,C0232,2025-10-17,Credit Card,Delivered
O00584,C0502,2025-06-25,Cash on Delivery,Delivered
O00585,C0757,2025-02-06,Debit Card,Cancelled
O00586,C0216,2025-07-14,UPI,Delivered
O00587,C0026,2025-11-17,Cash on Delivery,Delivered
O00588,C0737,2025-12-06,Credit Card,Delivered
O00589,C0846,2025-12-04,Credit Card,Delivered
O00590,C0496,2025-01-01,UPI,Delivered
O00591,C0320,2025-01-02,Credit Card,Delivered
O00592,C0688,2025-03-17,Debit Card,Delivered
O00593,C0545,2025-03-01,Debit Card,Delivered
O00594,C0190,2025-03-14,Cash on Delivery,Delivered
O00595,C0882,2025-03-31,Cash on Delivery,Delivered
O00596,C0588,2025-07-30,Cash on Delivery,Delivered
O00597,C0080,2025-03-22,Debit Card,Cancelled
O00598,C0424,2025-11-16,Cash on Delivery,Delivered
O00599,C0546,2025-10-18,Debit Card,Delivered
O00600,C0827,2025-02-15,Credit Card,Delivered
O00601,C0211,2025-09-26,Cash on Delivery,Returned
O00602,C0585,2025-06-11,UPI,Returned
O00603,C0019,2025-08-28,Cash on Delivery,Delivered
O00604,C0287,2025-05-18,Cash on Delivery,Delivered
O00605,C0115,2025-07-23,UPI,Delivered
O00606,C0004,2025-10-22,Debit Card,Delivered
O00607,C0538,2025-05-26,Cash on Delivery,Cancelled
O00608,C0280,2025-09-23,Cash on Delivery,Delivered
O00609,C0763,2025-09-04,Credit Card,Delivered
O00610,C0246,2025-03-24,Cash on Delivery,Delivered
O00611,C0478,2025-12-24,UPI,Delivered
O00612,C0270,2025-09-09,Debit Card,Delivered
O00613,C0127,2025-08-28,Debit Card,Returned
O00614,C0088,2025-09-21,Credit Card,Delivered
O00615,C0679,2025-04-18,Debit Card,Delivered
O00616,C0250,2025-02-07,Credit Card,Delivered
O00617,C0155,2025-12-01,Credit Card,Delivered
O00618,C0302,2025-10-01,Cash on Delivery,Delivered
O00619,C0702,2025-02-20,Cash on Delivery,Delivered
O00620,C0339,2025-02-20,Debit Card,Delivered
O00621,C0450,2025-12-29,Credit Card,Returned
O00622,C0769,2025-12-30,Debit Card,Returned
O00623,C0270,2025-05-17,Debit Card,Delivered
O00624,C0300,2025-01-14,UPI,Delivered
O00625,C0656,2025-01-10,Cash on Delivery,Delivered
O00626,C0538,2025-06-25,Debit Card,Delivered
O00627,C0136,2025-07-31,Credit Card,Cancelled
O00628,C0212,2025-08-23,Credit Card,Delivered
O00629,C0941,2025-08-07,Cash on Delivery,Delivered
O00630,C0859,2025-07-05,Cash on Delivery,Delivered
O00631,C0529,2025-08-26,Cash on Delivery,Delivered
O00632,C0030,2025-01-04,Debit Card,Delivered
O00633,C0315,2025-11-28,Cash on Delivery,Returned
O00634,C0675,2025-02-04,UPI,Returned
O00635,C0961,2025-08-09,Credit Card,Delivered
O00636,C0567,2025-11-25,Credit Card,Delivered
O00637,C0935,2025-03-16,UPI,Delivered
O00638,C0062,2025-03-10,Cash on Delivery,Delivered
O00639,C0204,2025-10-13,UPI,Delivered
O00640,C0260,2025-04-07,Cash on Delivery,Delivered
O00641,C0419,2025-04-19,UPI,Delivered
O00642,C0025,2025-07-06,Cash on Delivery,Cancelled
O00643,C0755,2025-06-25,UPI,Delivered
O00644,C0393,2025-03-01,Debit Card,Delivered
O00645,C0201,2025-12-16,Debit Card,Delivered
O00646,C0983,2025-04-16,Debit Card,Delivered
O00647,C0883,2025-06-10,Debit Card,Delivered
O00648,C0105,2025-01-29,Debit Card,Delivered
O00649,C0554,2025-05-10,Credit Card,Returned
O00650,C0539,2025-05-28,Cash on Delivery,Delivered
O00651,C0499,2025-12-26,Credit Card,Delivered
O00652,C0900,2025-12-13,Credit Card,Delivered
O00653,C0964,2025-09-09,Cash on Delivery,Delivered
O00654,C0081,2025-06-03,Debit Card,Delivered
O00655,C0804,2025-12-23,Cash on Delivery,Cancelled
O00656,C0476,2025-02-09,Cash on Delivery,Delivered
O00657,C0979,2025-12-30,UPI,Delivered
O00658,C0299,2025-08-08,Debit Card,Delivered
O00659,C0009,2025-04-16,Cash on Delivery,Cancelled
O00660,C0334,2025-07-07,Cash on Delivery,Returned
O00661,C0033,2025-07-14,UPI,Delivered
O00662,C0168,2025-07-29,Credit Card,Delivered
O00663,C0454,2025-06-07,Cash on Delivery,Delivered
O00664,C0955,2025-05-26,Cash on Delivery,Delivered
O00665,C0184,2025-02-27,UPI,Delivered
O00666,C0654,2025-07-12,Credit Card,Delivered
O00667,C0010,2025-06-30,Cash on Delivery,Delivered
O00668,C0861,2025-11-17,UPI,Cancelled
O00669,C0173,2025-07-28,Credit Card,Delivered
O00670,C0790,2025-06-15,UPI,Delivered
O00671,C0237,2025-01-12,UPI,Delivered
O00672,C0105,2025-02-23,Cash on Delivery,Delivered
O00673,C0532,2025-03-08,UPI,Delivered
O00674,C0291,2025-07-04,Debit Card,Returned
O00675,C0320,2025-06-28,Cash on Delivery,Returned
O00676,C0107,2025-10-31,Cash on Delivery,Delivered
O00677,C0658,2025-11-18,Debit Card,Cancelled
O00678,C0108,2025-04-12,Debit Card,Returned
O00679,C0974,2025-08-27,UPI,Delivered
O00680,C0289,2025-10-11,Credit Card,Delivered
O00681,C0907,2025-01-08,Cash on Delivery,Delivered
O00682,C0541,2025-06-19,UPI,Delivered
O00683,C0284,2025-05-18,Credit Card,Delivered
O00684,C0988,2025-05-04,UPI,Delivered
O00685,C0124,2025-06-22,Credit Card,Delivered
O00686,C0433,2025-12-18,Credit Card,Delivered
O00687,C0108,2025-06-08,Cash on Delivery,Delivered
O00688,C0214,2025-08-05,Debit Card,Cancelled
O00689,C0262,2025-06-26,Debit Card,Delivered
O00690,C0449,2025-08-09,Cash on Delivery,Delivered
O00691,C0422,2025-04-17,Credit Card,Delivered
O00692,C0069,2025-01-12,Credit Card,Delivered
O00693,C0439,2025-09-24,Cash on Delivery,Cancelled
O00694,C0144,2025-02-14,UPI,Delivered
O00695,C0257,2025-08-17,Debit Card,Delivered
O00696,C0048,2025-06-25,Credit Card,Delivered
O00697,C0541,2025-04-10,Debit Card,Delivered
O00698,C0538,2025-01-20,UPI,Cancelled
O00699,C0896,2025-02-03,UPI,Delivered
O00700,C0085,2025-01-12,Debit Card,Delivered
O00701,C0856,2025-07-05,Credit Card,Delivered
O00702,C0457,2025-04-28,UPI,Delivered
O00703,C0669,2025-11-10,Credit Card,Delivered
O00704,C0590,2025-06-26,UPI,Delivered
O00705,C0356,2025-01-19,Debit Card,Delivered
O00706,C0686,2025-05-31,Debit Card,Delivered
O00707,C0138,2025-06-15,UPI,Returned
O00708,C0550,2025-12-20,Cash on Delivery,Delivered
O00709,C0791,2025-05-26,UPI,Delivered
O00710,C0435,2025-10-05,Debit Card,Cancelled
O00711,C0167,2025-04-18,Cash on Delivery,Returned
O00712,C0271,2025-04-12,Debit Card,Returned
O00713,C0443,2025-08-05,Cash on Delivery,Cancelled
O00714,C0374,2025-06-05,Cash on Delivery,Delivered
O00715,C0243,2025-04-04,Credit Card,Delivered
O00716,C0712,2025-02-19,Debit Card,Delivered
O00717,C0693,2025-12-21,Cash on Delivery,Delivered
O00718,C0447,2025-09-18,Debit Card,Delivered
O00719,C0405,2025-08-18,Credit Card,Delivered
O00720,C0073,2025-03-29,Debit Card,Delivered
O00721,C0485,2025-01-03,Debit Card,Delivered
O00722,C0113,2025-06-06,UPI,Returned
O00723,C0937,2025-11-13,Debit Card,Cancelled
O00724,C0976,2025-12-19,Debit Card,Delivered
O00725,C0711,2025-07-29,UPI,Delivered
O00726,C0330,2025-03-31,Cash on Delivery,Delivered
O00727,C0320,2025-10-05,Cash on Delivery,Delivered
O00728,C0445,2025-09-20,Debit Card,Delivered
O00729,C0552,2025-05-24,Debit Card,Delivered
O00730,C0656,2025-05-08,Credit Card,Delivered
O00731,C0018,2025-08-15,Cash on Delivery,Cancelled
O00732,C0693,2025-10-17,Credit Card,Delivered
O00733,C0655,2025-10-28,Debit Card,Delivered
O00734,C0113,2025-07-05,UPI,Delivered
O00735,C0094,2025-12-08,Cash on Delivery,Delivered
O00736,C0108,2025-01-31,UPI,Returned
O00737,C0830,2025-09-12,Cash on Delivery,Delivered
O00738,C0531,2025-11-23,Credit Card,Delivered
O00739,C0914,2025-07-08,Cash on Delivery,Cancelled
O00740,C0357,2025-01-03,Credit Card,Delivered
O00741,C0426,2025-07-07,UPI,Cancelled
O00742,C0560,2025-04-03,Debit Card,Returned
O00743,C0338,2025-06-08,Debit Card,Cancelled
O00744,C0884,2025-02-25,UPI,Delivered
O00745,C0834,2025-10-04,Debit Card,Delivered
O00746,C0902,2025-05-31,Cash on Delivery,Delivered
O00747,C0034,2025-10-20,UPI,Delivered
O00748,C0382,2025-07-04,Debit Card,Delivered
O00749,C0607,2025-12-21,Credit Card,Delivered
O00750,C0243,2025-02-23,Debit Card,Delivered
O00751,C0760,2025-09-10,Cash on Delivery,Delivered
O00752,C0728,2025-11-10,UPI,Delivered
O00753,C0283,2025-09-27,UPI,Delivered
O00754,C0095,2025-12-19,Debit Card,Delivered
O00755,C0790,2025-01-09,UPI,Delivered
O00756,C0810,2025-08-18,Debit Card,Delivered
O00757,C0492,2025-12-29,Credit Card,Delivered
O00758,C0668,2025-09-25,Cash on Delivery,Delivered
O00759,C0957,2025-03-16,UPI,Returned
O00760,C0571,2025-04-08,Credit Card,Delivered
O00761,C0083,2025-10-16,UPI,Delivered
O00762,C0561,2025-02-05,UPI,Delivered
O00763,C0838,2025-07-15,Cash on Delivery,Delivered
O00764,C0793,2025-12-03,Credit Card,Returned
O00765,C0275,2025-01-09,Cash on Delivery,Cancelled
O00766,C0091,2025-10-17,Cash on Delivery,Cancelled
O00767,C0108,2025-07-24,UPI,Delivered
O00768,C0554,2025-04-29,UPI,Delivered
O00769,C0286,2025-05-31,UPI,Delivered
O00770,C0673,2025-07-30,Cash on Delivery,Delivered
O00771,C0388,2025-05-08,Debit Card,Delivered
O00772,C0079,2025-01-30,Debit Card,Delivered
O00773,C0212,2025-12-11,Credit Card,Delivered
O00774,C0931,2025-05-15,Debit Card,Delivered
O00775,C0208,2025-07-24,Cash on Delivery,Delivered
O00776,C0690,2025-04-09,Debit Card,Delivered
O00777,C0666,2025-01-25,Credit Card,Delivered
O00778,C0275,2025-03-26,Credit Card,Delivered
O00779,C0161,2025-08-09,Credit Card,Delivered
O00780,C0759,2025-09-26,Cash on Delivery,Delivered
O00781,C0060,2025-04-24,Cash on Delivery,Delivered
O00782,C0624,2025-06-27,Debit Card,Delivered
O00783,C0627,2025-02-15,Cash on Delivery,Delivered
O00784,C0371,2025-11-02,Debit Card,Delivered
O00785,C0296,2025-10-15,Credit Card,Delivered
O00786,C0231,2025-11-07,UPI,Delivered
O00787,C0341,2025-04-25,Debit Card,Delivered
O00788,C0154,2025-12-15,Cash on Delivery,Delivered
O00789,C0416,2025-02-12,UPI,Delivered
O00790,C0371,2025-04-08,Cash on Delivery,Delivered
O00791,C0807,2025-04-29,Cash on Delivery,Delivered
O00792,C0907,2025-10-27,Debit Card,Delivered
O00793,C0484,2025-12-10,Cash on Delivery,Returned
O00794,C0018,2025-01-04,UPI,Returned
O00795,C0164,2025-10-18,Debit Card,Delivered
O00796,C0430,2025-05-06,UPI,Delivered
O00797,C0368,2025-11-13,Cash on Delivery,Delivered
O00798,C0413,2025-10-26,Debit Card,Delivered
O00799,C0550,2025-02-04,Credit Card,Delivered
O00800,C0811,2025-07-25,Cash on Delivery,Cancelled
O00801,C0609,2025-11-16,Debit Card,Delivered
O00802,C0545,2025-10-06,Credit Card,Delivered
O00803,C0804,2025-08-02,UPI,Delivered
O00804,C0424,2025-11-13,Cash on Delivery,Returned
O00805,C0970,2025-12-27,UPI,Delivered
O00806,C0115,2025-08-15,UPI,Delivered
O00807,C0996,2025-01-10,Cash on Delivery,Delivered
O00808,C0104,2025-02-15,Cash on Delivery,Delivered
O00809,C0400,2025-01-30,Debit Card,Delivered
O00810,C0468,2025-02-26,Cash on Delivery,Delivered
O00811,C0540,2025-08-09,Debit Card,Delivered
O00812,C0229,2025-10-11,Credit Card,Delivered
O00813,C0997,2025-11-30,Credit Card,Cancelled
O00814,C0647,2025-10-22,UPI,Delivered
O00815,C0595,2025-02-01,Debit Card,Delivered
O00816,C0214,2025-06-23,Credit Card,Delivered
O00817,C0247,2025-09-03,Credit Card,Returned
O00818,C0026,2025-03-28,Cash on Delivery,Cancelled
O00819,C0448,2025-01-30,UPI,Delivered
O00820,C0581,2025-06-13,Credit Card,Delivered
O00821,C0123,2025-08-12,Debit Card,Delivered
O00822,C0167,2025-11-11,UPI,Delivered
O00823,C0256,2025-06-03,Cash on Delivery,Delivered
O00824,C0063,2025-06-03,Credit Card,Delivered
O00825,C0161,2025-09-06,Cash on Delivery,Returned
O00826,C0960,2025-11-13,Cash on Delivery,Returned
O00827,C0042,2025-06-17,Credit Card,Delivered
O00828,C0014,2025-08-19,UPI,Delivered
O00829,C0829,2025-04-30,Cash on Delivery,Delivered
O00830,C0499,2025-06-18,Credit Card,Returned
O00831,C0523,2025-10-05,Cash on Delivery,Delivered
O00832,C0048,2025-01-15,Credit Card,Delivered
O00833,C0175,2025-07-06,Credit Card,Delivered
O00834,C0182,2025-09-20,UPI,Returned
O00835,C0394,2025-12-04,Credit Card,Delivered
O00836,C0925,2025-10-19,Cash on Delivery,Delivered
O00837,C0838,2025-06-05,Credit Card,Cancelled
O00838,C0155,2025-01-21,Debit Card,Delivered
O00839,C0048,2025-10-17,Debit Card,Delivered
O00840,C0689,2025-01-16,Cash on Delivery,Delivered
O00841,C0923,2025-05-25,Debit Card,Delivered
O00842,C0383,2025-03-03,UPI,Returned
O00843,C0994,2025-11-04,Credit Card,Delivered
O00844,C0116,2025-05-21,Credit Card,Delivered
O00845,C0861,2025-02-04,Credit Card,Returned
O00846,C0420,2025-05-26,Debit Card,Delivered
O00847,C0297,2025-12-08,Credit Card,Delivered
O00848,C0441,2025-02-05,UPI,Delivered
O00849,C0890,2025-07-18,Cash on Delivery,Delivered
O00850,C0765,2025-04-23,Cash on Delivery,Delivered
O00851,C0414,2025-03-20,Credit Card,Delivered
O00852,C0462,2025-09-15,UPI,Delivered
O00853,C0016,2025-05-03,UPI,Cancelled
O00854,C0195,2025-01-08,Cash on Delivery,Delivered
O00855,C0933,2025-09-21,UPI,Delivered
O00856,C0524,2025-01-25,Debit Card,Delivered
O00857,C0802,2025-06-03,UPI,Delivered
O00858,C0594,2025-12-07,UPI,Returned
O00859,C0762,2025-11-27,UPI,Cancelled
O00860,C0969,2025-11-24,Credit Card,Delivered
O00861,C0993,2025-07-12,UPI,Delivered
O00862,C0474,2025-01-03,Debit Card,Delivered
O00863,C0396,2025-09-19,UPI,Delivered
O00864,C0928,2025-04-20,UPI,Delivered
O00865,C0661,2025-03-25,UPI,Delivered
O00866,C0279,2025-08-06,UPI,Delivered
O00867,C0028,2025-12-06,Cash on Delivery,Delivered
O00868,C0430,2025-08-23,Debit Card,Delivered
O00869,C0192,2025-08-26,Debit Card,Delivered
O00870,C0947,2025-07-03,Cash on Delivery,Delivered
O00871,C0189,2025-12-21,Credit Card,Returned
O00872,C0045,2025-07-09,Debit Card,Delivered
O00873,C0145,2025-12-06,Cash on Delivery,Delivered
O00874,C0595,2025-01-21,Credit Card,Cancelled
O00875,C0376,2025-11-12,Debit Card,Delivered
O00876,C0884,2025-02-22,Debit Card,Delivered
O00877,C0984,2025-07-07,Credit Card,Delivered
O00878,C0892,2025-08-19,Debit Card,Delivered
O00879,C0657,2025-05-26,Debit Card,Delivered
O00880,C0649,2025-12-15,Debit Card,Delivered
O00881,C0528,2025-10-11,Credit Card,Delivered
O00882,C0289,2025-05-25,Cash on Delivery,Delivered
O00883,C0735,2025-07-07,UPI,Delivered
O00884,C0838,2025-02-20,UPI,Delivered
O00885,C0907,2025-02-21,Credit Card,Delivered
O00886,C0753,2025-05-14,Debit Card,Delivered
O00887,C0323,2025-03-07,UPI,Delivered
O00888,C0867,2025-01-26,Credit Card,Delivered
O00889,C0448,2025-06-23,Debit Card,Delivered
O00890,C0770,2025-10-12,UPI,Delivered
O00891,C0701,2025-11-19,Credit Card,Delivered
O00892,C0797,2025-02-06,UPI,Delivered
O00893,C0053,2025-03-02,Debit Card,Delivered
O00894,C0863,2025-06-04,Credit Card,Delivered
O00895,C0752,2025-09-14,Debit Card,Delivered
O00896,C0275,2025-06-17,Debit Card,Delivered
O00897,C0084,2025-09-29,Credit Card,Delivered
O00898,C0151,2025-06-11,Debit Card,Delivered
O00899,C0599,2025-03-17,Debit Card,Delivered
O00900,C0052,2025-04-09,Credit Card,Delivered
O00901,C0937,2025-05-17,UPI,Returned
O00902,C0498,2025-03-30,Cash on Delivery,Delivered
O00903,C0439,2025-04-24,Cash on Delivery,Returned
O00904,C0341,2025-07-07,Cash on Delivery,Delivered
O00905,C0049,2025-03-23,Cash on Delivery,Delivered
O00906,C0880,2025-04-15,Credit Card,Delivered
O00907,C0671,2025-06-04,UPI,Delivered
O00908,C0208,2025-09-17,Debit Card,Delivered
O00909,C0901,2025-04-15,Cash on Delivery,Delivered
O00910,C0526,2025-06-14,Debit Card,Delivered
O00911,C0391,2025-10-08,Debit Card,Delivered
O00912,C0886,2025-08-24,Debit Card,Returned
O00913,C0339,2025-02-06,Credit Card,Cancelled
O00914,C0840,2025-10-16,Cash on Delivery,Delivered
O00915,C0116,2025-01-24,Cash on Delivery,Delivered
O00916,C0855,2025-05-10,UPI,Delivered
O00917,C0106,2025-02-14,Credit Card,Delivered
O00918,C0009,2025-06-28,Debit Card,Delivered
O00919,C0683,2025-04-14,Cash on Delivery,Delivered
O00920,C0642,2025-09-11,Credit Card,Delivered
O00921,C0748,2025-06-01,Credit Card,Cancelled
O00922,C0213,2025-01-19,Cash on Delivery,Delivered
O00923,C0199,2025-05-06,Cash on Delivery,Delivered
O00924,C0083,2025-09-26,Cash on Delivery,Delivered
O00925,C0441,2025-09-26,UPI,Delivered
O00926,C0430,2025-06-02,Debit Card,Delivered
O00927,C0284,2025-09-11,Credit Card,Delivered
O00928,C0173,2025-12-11,Debit Card,Returned
O00929,C0181,2025-01-26,Cash on Delivery,Delivered
O00930,C0430,2025-07-11,Credit Card,Delivered
O00931,C0530,2025-07-03,UPI,Delivered
O00932,C0006,2025-03-24,Credit Card,Delivered
O00933,C0169,2025-06-16,Debit Card,Delivered
O00934,C0534,2025-10-08,Debit Card,Delivered
O00935,C0039,2025-08-07,Credit Card,Delivered
O00936,C0468,2025-10-05,Credit Card,Returned
O00937,C0655,2025-08-19,Credit Card,Delivered
O00938,C0368,2025-12-16,Credit Card,Delivered
O00939,C0513,2025-12-06,Cash on Delivery,Delivered
O00940,C0454,2025-04-15,UPI,Delivered
O00941,C0952,2025-06-26,UPI,Cancelled
O00942,C0512,2025-09-13,Cash on Delivery,Delivered
O00943,C0331,2025-03-12,Cash on Delivery,Returned
O00944,C0972,2025-10-24,Credit Card,Cancelled
O00945,C0260,2025-10-19,UPI,Cancelled
O00946,C0815,2025-06-17,Cash on Delivery,Delivered
O00947,C0906,2025-04-28,Credit Card,Cancelled
O00948,C0363,2025-09-30,Credit Card,Cancelled
O00949,C0305,2025-06-17,Cash on Delivery,Delivered
O00950,C0920,2025-08-25,Cash on Delivery,Delivered
O00951,C0904,2025-05-27,Credit Card,Delivered
O00952,C0578,2025-12-20,Cash on Delivery,Delivered
O00953,C0678,2025-11-17,Cash on Delivery,Delivered
O00954,C0700,2025-07-22,Cash on Delivery,Delivered
O00955,C0164,2025-05-28,Credit Card,Delivered
O00956,C0189,2025-12-24,Cash on Delivery,Delivered
O00957,C0256,2025-09-11,Debit Card,Cancelled
O00958,C0732,2025-02-20,Credit Card,Delivered
O00959,C0951,2025-10-15,Credit Card,Delivered
O00960,C0463,2025-01-09,Cash on Delivery,Delivered
O00961,C0190,2025-08-16,UPI,Delivered
O00962,C0159,2025-05-15,Cash on Delivery,Delivered
O00963,C0151,2025-05-18,Credit Card,Returned
O00964,C0861,2025-04-21,Cash on Delivery,Delivered
O00965,C0502,2025-02-05,Debit Card,Cancelled
O00966,C0629,2025-12-28,UPI,Delivered
O00967,C0733,2025-05-31,Debit Card,Delivered
O00968,C0445,2025-06-08,Cash on Delivery,Returned
O00969,C0851,2025-01-14,Debit Card,Delivered
O00970,C0226,2025-10-21,UPI,Delivered
O00971,C0867,2025-07-04,Cash on Delivery,Delivered
O00972,C0131,2025-02-17,Debit Card,Delivered
O00973,C0411,2025-07-02,Credit Card,Delivered
O00974,C0671,2025-09-30,Debit Card,Delivered
O00975,C0478,2025-10-21,Debit Card,Delivered
O00976,C0394,2025-02-08,Credit Card,Delivered
O00977,C0382,2025-06-15,Cash on Delivery,Returned
O00978,C0160,2025-01-28,Debit Card,Delivered
O00979,C0642,2025-10-31,UPI,Delivered
O00980,C0893,2025-09-12,UPI,Delivered
O00981,C0287,2025-06-13,Debit Card,Delivered
O00982,C0591,2025-02-19,UPI,Delivered
O00983,C0920,2025-12-06,Cash on Delivery,Delivered
O00984,C0094,2025-06-19,Debit Card,Delivered
O00985,C0426,2025-08-29,UPI,Delivered
O00986,C0749,2025-03-08,Debit Card,Delivered
O00987,C0475,2025-08-08,UPI,Delivered
O00988,C0520,2025-01-03,Cash on Delivery,Delivered
O00989,C0240,2025-03-25,Debit Card,Delivered
O00990,C0807,2025-09-27,Credit Card,Delivered
O00991,C0684,2025-11-06,Cash on Delivery,Returned
O00992,C0721,2025-08-13,Cash on Delivery,Delivered
O00993,C0987,2025-07-11,Debit Card,Delivered
O00994,C0211,2025-07-16,Credit Card,Returned
O00995,C0184,2025-02-07,Credit Card,Delivered
O00996,C0807,2025-07-17,UPI,Delivered
O00997,C0582,2025-05-15,Cash on Delivery,Delivered
O00998,C0501,2025-01-04,Debit Card,Delivered
O00999,C0099,2025-09-28,Cash on Delivery,Delivered
O01000,C0140,2025-05-08,Debit Card,Returned
O01001,C0938,2025-05-19,Credit Card,Delivered
O01002,C0894,2025-07-16,Cash on Delivery,Delivered
O01003,C0270,2025-03-12,Cash on Delivery,Delivered
O01004,C0159,2025-09-24,Debit Card,Returned
O01005,C0998,2025-11-22,UPI,Delivered
O01006,C0231,2025-02-14,Credit Card,Delivered
O01007,C0961,2025-12-23,UPI,Delivered
O01008,C0678,2025-12-26,UPI,Delivered
O01009,C0565,2025-09-17,UPI,Delivered
O01010,C0898,2025-08-14,Debit Card,Returned
O01011,C0584,2025-05-17,UPI,Delivered
O01012,C0790,2025-09-24,UPI,Delivered
O01013,C0549,2025-01-09,Cash on Delivery,Returned
O01014,C0763,2025-11-03,Cash on Delivery,Delivered
O01015,C0514,2025-11-04,Credit Card,Delivered
O01016,C0710,2025-10-01,Cash on Delivery,Cancelled
O01017,C0118,2025-02-21,Credit Card,Delivered
O01018,C0681,2025-08-18,Debit Card,Delivered
O01019,C0961,2025-06-16,UPI,Delivered
O01020,C0790,2025-09-13,UPI,Delivered
O01021,C0008,2025-11-07,Credit Card,Delivered
O01022,C0729,2025-01-05,Debit Card,Delivered
O01023,C0935,2025-01-24,UPI,Delivered
O01024,C0699,2025-10-29,Cash on Delivery,Delivered
O01025,C0841,2025-10-10,Cash on Delivery,Cancelled
O01026,C0983,2025-02-22,Debit Card,Delivered
O01027,C0804,2025-04-20,UPI,Delivered
O01028,C0600,2025-08-06,UPI,Delivered
O01029,C0936,2025-03-22,Credit Card,Returned
O01030,C0015,2025-12-07,Debit Card,Delivered
O01031,C0450,2025-06-19,Credit Card,Delivered
O01032,C0968,2025-06-03,UPI,Returned
O01033,C0702,2025-03-19,UPI,Delivered
O01034,C0931,2025-07-20,Debit Card,Delivered
O01035,C0693,2025-09-10,Debit Card,Delivered
O01036,C0039,2025-12-17,Debit Card,Delivered
O01037,C0686,2025-07-28,Credit Card,Delivered
O01038,C0097,2025-08-29,Credit Card,Delivered
O01039,C0649,2025-06-29,UPI,Delivered
O01040,C0175,2025-12-08,Debit Card,Delivered
O01041,C0035,2025-12-08,Credit Card,Returned
O01042,C0329,2025-08-17,Credit Card,Returned
O01043,C0957,2025-06-04,Credit Card,Delivered
O01044,C0811,2025-07-22,Cash on Delivery,Delivered
O01045,C0539,2025-09-27,Debit Card,Delivered
O01046,C0672,2025-08-30,Cash on Delivery,Delivered
O01047,C0123,2025-07-15,UPI,Delivered
O01048,C0637,2025-07-01,UPI,Delivered
O01049,C0361,2025-08-23,Debit Card,Cancelled
O01050,C0197,2025-11-06,Debit Card,Returned
O01051,C0148,2025-10-02,Credit Card,Delivered
O01052,C0172,2025-11-27,Debit Card,Delivered
O01053,C0930,2025-04-11,UPI,Cancelled
O01054,C0676,2025-11-14,Credit Card,Delivered
O01055,C0640,2025-09-04,UPI,Delivered
O01056,C0514,2025-08-20,Debit Card,Returned
O01057,C0088,2025-01-30,UPI,Returned
O01058,C0869,2025-01-08,Cash on Delivery,Delivered
O01059,C0476,2025-10-13,Credit Card,Returned
O01060,C0938,2025-04-09,Credit Card,Delivered
O01061,C0750,2025-07-02,Debit Card,Delivered
O01062,C0405,2025-04-16,Cash on Delivery,Delivered
O01063,C0749,2025-07-08,Credit Card,Returned
O01064,C0859,2025-02-10,UPI,Delivered
O01065,C0518,2025-01-11,UPI,Delivered
O01066,C0840,2025-08-21,Cash on Delivery,Cancelled
O01067,C0292,2025-01-07,Debit Card,Delivered
O01068,C0914,2025-09-15,Debit Card,Returned
O01069,C0559,2025-09-23,Credit Card,Delivered
O01070,C0486,2025-12-31,UPI,Cancelled
O01071,C0414,2025-08-09,Debit Card,Delivered
O01072,C0486,2025-11-23,Cash on Delivery,Delivered
O01073,C0550,2025-02-05,Debit Card,Delivered
O01074,C0017,2025-04-21,Debit Card,Returned
O01075,C0080,2025-01-08,Credit Card,Delivered
O01076,C0262,2025-03-15,Cash on Delivery,Delivered
O01077,C0859,2025-12-17,Cash on Delivery,Delivered
O01078,C0582,2025-03-08,Credit Card,Delivered
O01079,C0494,2025-06-07,Cash on Delivery,Delivered
O01080,C0230,2025-05-14,Cash on Delivery,Delivered
O01081,C0567,2025-02-10,UPI,Delivered
O01082,C0350,2025-11-06,Cash on Delivery,Delivered
O01083,C0982,2025-08-21,Cash on Delivery,Returned
O01084,C0760,2025-09-15,Cash on Delivery,Delivered
O01085,C0959,2025-05-19,Credit Card,Delivered
O01086,C0160,2025-12-26,UPI,Delivered
O01087,C0297,2025-07-12,Debit Card,Delivered
O01088,C0511,2025-05-23,Credit Card,Delivered
O01089,C0715,2025-01-08,Debit Card,Delivered
O01090,C0912,2025-08-29,Credit Card,Delivered
O01091,C0003,2025-09-25,Debit Card,Returned
O01092,C0687,2025-05-20,Debit Card,Returned
O01093,C0121,2025-11-01,Cash on Delivery,Delivered
O01094,C0597,2025-06-21,Debit Card,Delivered
O01095,C0577,2025-08-18,Debit Card,Delivered
O01096,C0556,2025-05-11,Debit Card,Delivered
O01097,C0902,2025-03-20,Debit Card,Returned
O01098,C0121,2025-08-20,UPI,Delivered
O01099,C0669,2025-11-10,Credit Card,Delivered
O01100,C0837,2025-02-25,UPI,Returned
O01101,C0123,2025-01-09,UPI,Cancelled
O01102,C0544,2025-09-21,Credit Card,Delivered
O01103,C0079,2025-05-07,Debit Card,Delivered
O01104,C0292,2025-01-25,Cash on Delivery,Delivered
O01105,C0706,2025-06-28,Credit Card,Cancelled
O01106,C0404,2025-11-25,Debit Card,Returned
O01107,C0469,2025-11-24,Credit Card,Cancelled
O01108,C0378,2025-05-13,Debit Card,Cancelled
O01109,C0964,2025-11-04,UPI,Delivered
O01110,C0257,2025-12-02,Credit Card,Delivered
O01111,C0840,2025-01-02,Debit Card,Returned
O01112,C0665,2025-01-08,UPI,Delivered
O01113,C0285,2025-12-17,UPI,Delivered
O01114,C0483,2025-03-03,Debit Card,Delivered
O01115,C0260,2025-06-22,Cash on Delivery,Returned
O01116,C0329,2025-08-16,UPI,Cancelled
O01117,C0496,2025-11-08,Credit Card,Delivered
O01118,C0308,2025-10-11,Cash on Delivery,Delivered
O01119,C0321,2025-03-15,UPI,Cancelled
O01120,C0038,2025-08-23,UPI,Cancelled
O01121,C0344,2025-05-05,UPI,Delivered
O01122,C0047,2025-11-03,Credit Card,Cancelled
O01123,C0967,2025-06-13,Debit Card,Delivered
O01124,C0040,2025-06-02,Credit Card,Delivered
O01125,C0310,2025-09-13,Credit Card,Delivered
O01126,C0824,2025-02-16,Debit Card,Returned
O01127,C0546,2025-07-18,UPI,Cancelled
O01128,C0732,2025-11-15,Cash on Delivery,Delivered
O01129,C0708,2025-01-04,Cash on Delivery,Delivered
O01130,C0167,2025-01-26,Credit Card,Delivered
O01131,C0996,2025-12-24,Debit Card,Delivered
O01132,C0795,2025-06-16,Credit Card,Delivered
O01133,C0648,2025-11-16,Debit Card,Delivered
O01134,C0095,2025-02-21,Cash on Delivery,Delivered
O01135,C0991,2025-07-02,Credit Card,Delivered
O01136,C0256,2025-07-03,Debit Card,Returned
O01137,C0918,2025-06-26,UPI,Delivered
O01138,C0628,2025-03-10,Debit Card,Delivered
O01139,C0678,2025-09-12,Debit Card,Delivered
O01140,C0126,2025-04-29,Cash on Delivery,Cancelled
O01141,C0030,2025-12-02,UPI,Delivered
O01142,C0614,2025-04-10,Debit Card,Delivered
O01143,C0295,2025-04-25,Credit Card,Delivered
O01144,C0770,2025-04-22,Debit Card,Delivered
O01145,C0743,2025-11-03,UPI,Delivered
O01146,C0851,2025-09-10,Cash on Delivery,Cancelled
O01147,C0824,2025-11-06,Credit Card,Delivered
O01148,C0726,2025-04-30,Credit Card,Delivered
O01149,C0645,2025-04-13,Debit Card,Delivered
O01150,C0527,2025-04-21,Credit Card,Delivered
O01151,C0834,2025-05-02,UPI,Delivered
O01152,C0200,2025-02-01,Debit Card,Delivered
O01153,C0679,2025-02-24,UPI,Delivered
O01154,C0152,2025-12-03,UPI,Cancelled
O01155,C0208,2025-02-27,Debit Card,Delivered
O01156,C0341,2025-09-03,Credit Card,Delivered
O01157,C0893,2025-10-26,Cash on Delivery,Delivered
O01158,C0775,2025-12-09,Debit Card,Cancelled
O01159,C0881,2025-11-21,Credit Card,Delivered
O01160,C0005,2025-11-27,UPI,Delivered
O01161,C0384,2025-02-22,Credit Card,Delivered
O01162,C0513,2025-03-27,Cash on Delivery,Delivered
O01163,C0097,2025-12-14,Cash on Delivery,Delivered
O01164,C0373,2025-12-31,UPI,Delivered
O01165,C0864,2025-05-14,UPI,Delivered
O01166,C0384,2025-01-22,UPI,Delivered
O01167,C0519,2025-06-07,Credit Card,Delivered
O01168,C0363,2025-06-20,Debit Card,Delivered
O01169,C0168,2025-08-04,Credit Card,Returned
O01170,C0653,2025-02-16,Debit Card,Delivered
O01171,C0938,2025-03-06,Credit Card,Delivered
O01172,C0815,2025-03-30,UPI,Cancelled
O01173,C0477,2025-04-27,Cash on Delivery,Delivered
O01174,C0443,2025-01-16,Cash on Delivery,Delivered
O01175,C0055,2025-01-13,Cash on Delivery,Delivered
O01176,C0680,2025-11-16,Cash on Delivery,Delivered
O01177,C0835,2025-02-02,Debit Card,Delivered
O01178,C0963,2025-04-22,Cash on Delivery,Returned
O01179,C0907,2025-10-22,Cash on Delivery,Delivered
O01180,C0775,2025-04-02,Debit Card,Delivered
O01181,C0914,2025-01-31,Credit Card,Delivered
O01182,C0703,2025-11-25,UPI,Delivered
O01183,C0167,2025-04-09,Debit Card,Delivered
O01184,C0513,2025-09-28,Cash on Delivery,Delivered
O01185,C0199,2025-10-19,Credit Card,Returned
O01186,C0519,2025-06-30,Credit Card,Delivered
O01187,C0785,2025-09-23,Debit Card,Delivered
O01188,C0305,2025-02-11,Credit Card,Cancelled
O01189,C0755,2025-08-24,Credit Card,Delivered
O01190,C0534,2025-01-02,Debit Card,Cancelled
O01191,C0632,2025-12-08,Credit Card,Delivered
O01192,C0048,2025-11-17,Debit Card,Delivered
O01193,C0214,2025-11-20,UPI,Delivered
O01194,C0947,2025-01-18,Debit Card,Delivered
O01195,C0809,2025-07-19,Credit Card,Delivered
O01196,C0943,2025-02-08,Cash on Delivery,Delivered
O01197,C0914,2025-03-29,Credit Card,Delivered
O01198,C0785,2025-09-19,UPI,Delivered
O01199,C0688,2025-07-16,Cash on Delivery,Delivered
O01200,C0548,2025-09-13,Debit Card,Delivered
O01201,C0796,2025-02-21,UPI,Delivered
O01202,C0349,2025-01-05,Debit Card,Delivered
O01203,C0693,2025-02-26,Credit Card,Delivered
O01204,C0546,2025-01-16,UPI,Delivered
O01205,C0969,2025-11-07,UPI,Returned
O01206,C0762,2025-06-11,Credit Card,Returned
O01207,C0960,2025-09-13,Debit Card,Delivered
O01208,C0969,2025-04-28,UPI,Returned
O01209,C0905,2025-04-09,UPI,Delivered
O01210,C0038,2025-11-30,UPI,Delivered
O01211,C0093,2025-05-14,Cash on Delivery,Cancelled
O01212,C0494,2025-12-04,UPI,Cancelled
O01213,C0152,2025-04-06,Debit Card,Returned
O01214,C0063,2025-01-22,UPI,Delivered
O01215,C0727,2025-10-19,Credit Card,Delivered
O01216,C0557,2025-04-28,UPI,Delivered
O01217,C0326,2025-02-22,Debit Card,Delivered
O01218,C0765,2025-09-11,Credit Card,Delivered
O01219,C0397,2025-12-31,Debit Card,Delivered
O01220,C0338,2025-01-01,UPI,Delivered
O01221,C0311,2025-03-13,Cash on Delivery,Delivered
O01222,C0645,2025-11-14,Credit Card,Delivered
O01223,C0311,2025-11-15,Cash on Delivery,Returned
O01224,C0199,2025-08-20,UPI,Delivered
O01225,C0658,2025-02-21,Credit Card,Returned
O01226,C0058,2025-06-02,Debit Card,Delivered
O01227,C0488,2025-11-04,UPI,Delivered
O01228,C0541,2025-01-28,Cash on Delivery,Delivered
O01229,C0952,2025-06-08,Credit Card,Returned
O01230,C0119,2025-05-17,Credit Card,Delivered
O01231,C0435,2025-07-21,UPI,Delivered
O01232,C0542,2025-02-01,Debit Card,Delivered
O01233,C0102,2025-11-04,Debit Card,Delivered
O01234,C0365,2025-10-08,UPI,Delivered
O01235,C0391,2025-02-15,UPI,Returned
O01236,C0696,2025-12-08,Cash on Delivery,Returned
O01237,C0429,2025-07-07,Cash on Delivery,Delivered
O01238,C0796,2025-07-25,Cash on Delivery,Delivered
O01239,C0847,2025-10-20,Debit Card,Cancelled
O01240,C0116,2025-01-17,Credit Card,Delivered
O01241,C0781,2025-07-07,Cash on Delivery,Delivered
O01242,C0465,2025-01-18,Cash on Delivery,Delivered
O01243,C0046,2025-10-23,Debit Card,Delivered
O01244,C0416,2025-03-17,Credit Card,Delivered
O01245,C0685,2025-07-30,Credit Card,Delivered
O01246,C0144,2025-09-06,Credit Card,Delivered
O01247,C0070,2025-03-01,Cash on Delivery,Delivered
O01248,C0774,2025-09-29,Cash on Delivery,Delivered
O01249,C0643,2025-12-13,UPI,Delivered
O01250,C0378,2025-03-27,Credit Card,Delivered
O01251,C0738,2025-09-25,Cash on Delivery,Cancelled
O01252,C0052,2025-01-29,Debit Card,Cancelled
O01253,C0517,2025-08-06,Credit Card,Delivered
O01254,C0090,2025-11-10,UPI,Delivered
O01255,C0132,2025-02-23,Cash on Delivery,Delivered
O01256,C0019,2025-08-31,Debit Card,Cancelled
O01257,C0169,2025-10-12,UPI,Delivered
O01258,C0972,2025-09-17,UPI,Delivered
O01259,C0801,2025-07-22,UPI,Delivered
O01260,C0004,2025-10-25,Debit Card,Returned
O01261,C0050,2025-10-16,UPI,Delivered
O01262,C0298,2025-05-05,Credit Card,Delivered
O01263,C0659,2025-01-22,UPI,Delivered
O01264,C0059,2025-09-26,Credit Card,Delivered
O01265,C0833,2025-09-04,UPI,Delivered
O01266,C0986,2025-04-11,Debit Card,Delivered
O01267,C0328,2025-04-30,Debit Card,Cancelled
O01268,C0545,2025-11-07,UPI,Returned
O01269,C0890,2025-12-14,Cash on Delivery,Delivered
O01270,C0765,2025-09-20,Credit Card,Returned
O01271,C0454,2025-01-14,Debit Card,Delivered
O01272,C0949,2025-09-18,UPI,Delivered
O01273,C0325,2025-07-01,Debit Card,Cancelled
O01274,C0160,2025-04-05,Cash on Delivery,Delivered
O01275,C0977,2025-05-16,UPI,Delivered
O01276,C0731,2025-10-10,Debit Card,Returned
O01277,C0580,2025-02-07,UPI,Delivered
O01278,C0593,2025-02-15,UPI,Delivered
O01279,C0418,2025-04-28,UPI,Delivered
O01280,C0940,2025-07-06,UPI,Delivered
O01281,C0420,2025-10-03,Debit Card,Returned
O01282,C0871,2025-02-13,UPI,Delivered
O01283,C0237,2025-04-23,UPI,Delivered
O01284,C0101,2025-06-27,UPI,Delivered
O01285,C0739,2025-11-03,UPI,Delivered
O01286,C0472,2025-09-28,UPI,Delivered
O01287,C0477,2025-04-26,UPI,Delivered
O01288,C0236,2025-05-01,Cash on Delivery,Delivered
O01289,C0857,2025-05-14,UPI,Returned
O01290,C0061,2025-09-07,Cash on Delivery,Delivered
O01291,C0176,2025-12-31,Credit Card,Cancelled
O01292,C0928,2025-09-27,Cash on Delivery,Delivered
O01293,C0445,2025-11-11,Cash on Delivery,Delivered
O01294,C0991,2025-08-19,Cash on Delivery,Delivered
O01295,C0099,2025-03-19,Cash on Delivery,Delivered
O01296,C0709,2025-06-11,UPI,Delivered
O01297,C0573,2025-10-22,Debit Card,Delivered
O01298,C0549,2025-05-30,UPI,Delivered
O01299,C0940,2025-08-16,Cash on Delivery,Delivered
O01300,C0665,2025-04-19,Credit Card,Cancelled
O01301,C0761,2025-09-25,Cash on Delivery,Delivered
O01302,C0614,2025-03-11,UPI,Delivered
O01303,C0062,2025-04-12,Credit Card,Delivered
O01304,C0684,2025-10-20,UPI,Delivered
O01305,C0998,2025-05-12,UPI,Delivered
O01306,C0232,2025-04-21,Credit Card,Delivered
O01307,C0271,2025-10-09,Credit Card,Delivered
O01308,C0511,2025-11-05,Credit Card,Delivered
O01309,C0208,2025-02-07,UPI,Delivered
O01310,C0609,2025-05-29,Debit Card,Delivered
O01311,C0373,2025-02-17,UPI,Returned
O01312,C0350,2025-05-14,UPI,Delivered
O01313,C0597,2025-12-28,Credit Card,Delivered
O01314,C0330,2025-11-09,UPI,Delivered
O01315,C0371,2025-12-11,Credit Card,Delivered
O01316,C0737,2025-06-07,Credit Card,Delivered
O01317,C0062,2025-01-24,Cash on Delivery,Delivered
O01318,C0855,2025-11-29,Credit Card,Delivered
O01319,C0453,2025-12-22,Debit Card,Delivered
O01320,C0831,2025-01-11,Debit Card,Delivered
O01321,C0315,2025-06-14,Cash on Delivery,Delivered
O01322,C0820,2025-09-19,Credit Card,Returned
O01323,C0359,2025-02-04,Debit Card,Cancelled
O01324,C0403,2025-10-31,Credit Card,Delivered
O01325,C0413,2025-04-18,Debit Card,Delivered
O01326,C0839,2025-03-09,UPI,Delivered
O01327,C0122,2025-04-21,UPI,Delivered
O01328,C0900,2025-12-12,Debit Card,Returned
O01329,C0557,2025-05-10,Cash on Delivery,Delivered
O01330,C0094,2025-12-10,UPI,Delivered
O01331,C0255,2025-05-12,UPI,Delivered
O01332,C0919,2025-08-12,Cash on Delivery,Delivered
O01333,C0384,2025-08-27,Cash on Delivery,Delivered
O01334,C0237,2025-06-30,Cash on Delivery,Delivered
O01335,C0091,2025-07-16,Credit Card,Delivered
O01336,C0380,2025-09-19,Credit Card,Delivered
O01337,C0273,2025-03-29,Credit Card,Delivered
O01338,C0938,2025-01-27,Credit Card,Delivered
O01339,C0195,2025-01-20,UPI,Delivered
O01340,C0242,2025-07-09,Debit Card,Delivered
O01341,C0378,2025-10-28,Debit Card,Delivered
O01342,C0948,2025-10-20,UPI,Delivered
O01343,C0901,2025-09-11,Debit Card,Delivered
O01344,C0895,2025-09-22,Cash on Delivery,Delivered
O01345,C0224,2025-08-31,Credit Card,Delivered
O01346,C0764,2025-08-25,Credit Card,Returned
O01347,C0553,2025-01-08,Cash on Delivery,Delivered
O01348,C0087,2025-03-15,Credit Card,Delivered
O01349,C0694,2025-12-19,Cash on Delivery,Delivered
O01350,C0882,2025-04-12,Credit Card,Delivered
O01351,C0157,2025-03-29,Cash on Delivery,Delivered
O01352,C0779,2025-12-18,Credit Card,Delivered
O01353,C0314,2025-09-09,UPI,Delivered
O01354,C0479,2025-08-23,Cash on Delivery,Delivered
O01355,C0512,2025-10-16,Debit Card,Delivered
O01356,C0933,2025-03-03,Credit Card,Delivered
O01357,C0358,2025-03-26,Cash on Delivery,Returned
O01358,C0973,2025-08-19,Cash on Delivery,Returned
O01359,C0306,2025-09-25,Debit Card,Delivered
O01360,C0639,2025-04-20,UPI,Delivered
O01361,C0653,2025-05-28,UPI,Delivered
O01362,C0252,2025-03-05,Credit Card,Delivered
O01363,C0511,2025-12-08,UPI,Delivered
O01364,C0628,2025-09-28,Debit Card,Delivered
O01365,C0607,2025-04-16,Credit Card,Cancelled
O01366,C0338,2025-04-07,Credit Card,Returned
O01367,C0503,2025-02-04,Credit Card,Cancelled
O01368,C0055,2025-03-23,Credit Card,Delivered
O01369,C0227,2025-06-21,Debit Card,Cancelled
O01370,C0123,2025-06-28,Cash on Delivery,Cancelled
O01371,C0712,2025-05-09,Cash on Delivery,Delivered
O01372,C0247,2025-11-24,Credit Card,Returned
O01373,C0561,2025-08-13,Debit Card,Delivered
O01374,C0487,2025-01-20,Credit Card,Delivered
O01375,C0312,2025-10-22,UPI,Delivered
O01376,C0901,2025-05-02,Debit Card,Delivered
O01377,C0016,2025-09-26,Credit Card,Delivered
O01378,C0031,2025-08-31,Cash on Delivery,Delivered
O01379,C0692,2025-05-06,UPI,Delivered
O01380,C0344,2025-08-30,Credit Card,Delivered
O01381,C0736,2025-08-05,Debit Card,Delivered
O01382,C0968,2025-11-05,Debit Card,Delivered
O01383,C0587,2025-06-22,Credit Card,Delivered
O01384,C0013,2025-06-30,UPI,Delivered
O01385,C0521,2025-07-11,Credit Card,Delivered
O01386,C0722,2025-10-05,Debit Card,Delivered
O01387,C0343,2025-08-08,Cash on Delivery,Returned
O01388,C0732,2025-01-21,Cash on Delivery,Cancelled
O01389,C0781,2025-09-11,Debit Card,Delivered
O01390,C0774,2025-04-24,Debit Card,Delivered
O01391,C0727,2025-01-28,Debit Card,Delivered
O01392,C0725,2025-04-11,Debit Card,Delivered
O01393,C0402,2025-05-30,Credit Card,Delivered
O01394,C0640,2025-06-04,Cash on Delivery,Delivered
O01395,C0024,2025-08-31,Cash on Delivery,Delivered
O01396,C0378,2025-10-20,Debit Card,Returned
O01397,C0607,2025-09-08,Debit Card,Delivered
O01398,C0805,2025-08-11,Cash on Delivery,Delivered
O01399,C0421,2025-06-27,UPI,Cancelled
O01400,C0271,2025-04-09,Credit Card,Delivered
O01401,C0581,2025-05-06,Credit Card,Delivered
O01402,C0805,2025-12-26,Debit Card,Delivered
O01403,C0364,2025-08-15,Debit Card,Delivered
O01404,C0336,2025-10-04,UPI,Delivered
O01405,C0912,2025-07-03,Credit Card,Delivered
O01406,C0009,2025-08-15,Credit Card,Delivered
O01407,C0871,2025-02-14,Debit Card,Delivered
O01408,C0705,2025-05-29,Debit Card,Cancelled
O01409,C0793,2025-08-05,Credit Card,Cancelled
O01410,C0276,2025-12-23,Cash on Delivery,Delivered
O01411,C0460,2025-02-07,Cash on Delivery,Delivered
O01412,C0143,2025-10-22,UPI,Delivered
O01413,C0650,2025-08-05,Credit Card,Delivered
O01414,C0254,2025-01-15,Debit Card,Delivered
O01415,C0046,2025-04-16,UPI,Delivered
O01416,C0098,2025-10-27,Cash on Delivery,Delivered
O01417,C0646,2025-07-31,UPI,Delivered
O01418,C0936,2025-01-11,Debit Card,Delivered
O01419,C0566,2025-05-12,Debit Card,Returned
O01420,C0899,2025-11-13,Credit Card,Delivered
O01421,C0313,2025-09-23,Credit Card,Delivered
O01422,C0383,2025-04-08,Cash on Delivery,Cancelled
O01423,C0939,2025-05-12,Credit Card,Delivered
O01424,C0192,2025-12-09,Cash on Delivery,Delivered
O01425,C0286,2025-07-02,Cash on Delivery,Delivered
O01426,C0924,2025-05-05,Debit Card,Returned
O01427,C0526,2025-05-26,Credit Card,Delivered
O01428,C0217,2025-08-24,Cash on Delivery,Delivered
O01429,C0170,2025-12-15,Cash on Delivery,Delivered
O01430,C0972,2025-04-11,UPI,Delivered
O01431,C0276,2025-09-17,Debit Card,Cancelled
O01432,C0066,2025-06-12,Debit Card,Delivered
O01433,C0906,2025-05-11,UPI,Delivered
O01434,C0541,2025-07-30,UPI,Delivered
O01435,C0467,2025-12-01,Debit Card,Delivered
O01436,C0424,2025-12-30,Credit Card,Cancelled
O01437,C0660,2025-12-20,UPI,Delivered
O01438,C0277,2025-04-05,Cash on Delivery,Cancelled
O01439,C0300,2025-09-25,Credit Card,Delivered
O01440,C0476,2025-12-29,Credit Card,Delivered
O01441,C0302,2025-07-18,Debit Card,Delivered
O01442,C0041,2025-06-25,Debit Card,Returned
O01443,C0587,2025-08-17,Cash on Delivery,Delivered
O01444,C0439,2025-11-08,UPI,Delivered
O01445,C0483,2025-02-16,Cash on Delivery,Delivered
O01446,C0381,2025-02-27,UPI,Delivered
O01447,C0185,2025-02-11,Cash on Delivery,Delivered
O01448,C0554,2025-08-10,Cash on Delivery,Delivered
O01449,C0275,2025-07-26,Credit Card,Delivered
O01450,C0980,2025-03-16,Cash on Delivery,Delivered
O01451,C0352,2025-07-27,Cash on Delivery,Delivered
O01452,C0861,2025-04-25,Credit Card,Returned
O01453,C0903,2025-11-10,Debit Card,Delivered
O01454,C0187,2025-04-25,Credit Card,Delivered
O01455,C0019,2025-12-13,Cash on Delivery,Delivered
O01456,C0261,2025-10-10,UPI,Delivered
O01457,C0353,2025-12-11,Credit Card,Delivered
O01458,C0718,2025-11-22,Debit Card,Delivered
O01459,C0109,2025-05-28,Credit Card,Delivered
O01460,C0868,2025-05-28,UPI,Returned
O01461,C0871,2025-06-21,UPI,Delivered
O01462,C0859,2025-09-02,UPI,Returned
O01463,C0402,2025-03-07,UPI,Delivered
O01464,C0075,2025-06-24,UPI,Delivered
O01465,C0937,2025-10-16,Cash on Delivery,Returned
O01466,C0508,2025-05-09,Credit Card,Returned
O01467,C0391,2025-08-25,UPI,Delivered
O01468,C0742,2025-06-29,Debit Card,Delivered
O01469,C0914,2025-06-14,UPI,Delivered
O01470,C0409,2025-11-30,Credit Card,Returned
O01471,C0961,2025-01-07,Debit Card,Delivered
O01472,C0171,2025-04-07,UPI,Delivered
O01473,C0238,2025-04-03,Debit Card,Delivered
O01474,C0046,2025-12-20,Debit Card,Delivered
O01475,C0188,2025-05-13,Credit Card,Delivered
O01476,C0650,2025-01-05,UPI,Returned
O01477,C0839,2025-06-24,Cash on Delivery,Cancelled
O01478,C0298,2025-11-28,Cash on Delivery,Returned
O01479,C0003,2025-11-22,UPI,Delivered
O01480,C0988,2025-06-08,Debit Card,Returned
O01481,C0865,2025-10-01,Credit Card,Delivered
O01482,C0145,2025-11-09,Cash on Delivery,Delivered
O01483,C0313,2025-07-07,UPI,Delivered
O01484,C0683,2025-09-21,Cash on Delivery,Delivered
O01485,C0015,2025-07-25,Cash on Delivery,Delivered
O01486,C0159,2025-12-20,UPI,Delivered
O01487,C0298,2025-06-22,Credit Card,Cancelled
O01488,C0308,2025-05-21,Cash on Delivery,Delivered
O01489,C0455,2025-10-16,UPI,Cancelled
O01490,C0124,2025-03-11,Credit Card,Delivered
O01491,C0301,2025-01-10,Cash on Delivery,Delivered
O01492,C0543,2025-09-02,Credit Card,Delivered
O01493,C0390,2025-08-10,Credit Card,Delivered
O01494,C0901,2025-03-01,Credit Card,Delivered
O01495,C0873,2025-04-01,Cash on Delivery,Delivered
O01496,C0962,2025-07-12,Credit Card,Delivered
O01497,C0512,2025-11-11,Debit Card,Delivered
O01498,C0614,2025-05-31,Debit Card,Returned
O01499,C0173,2025-08-07,UPI,Delivered
O01500,C0977,2025-08-17,UPI,Delivered
O01501,C0745,2025-04-18,Cash on Delivery,Returned
O01502,C0900,2025-09-29,Credit Card,Delivered
O01503,C0118,2025-01-16,Debit Card,Delivered
O01504,C0497,2025-11-15,Cash on Delivery,Delivered
O01505,C0972,2025-09-11,UPI,Returned
O01506,C0651,2025-03-06,Credit Card,Delivered
O01507,C0448,2025-08-07,Debit Card,Delivered
O01508,C0025,2025-10-08,Credit Card,Delivered
O01509,C0913,2025-11-23,Credit Card,Delivered
O01510,C0801,2025-02-21,Debit Card,Delivered
O01511,C0986,2025-03-16,Credit Card,Cancelled
O01512,C0996,2025-01-09,UPI,Delivered
O01513,C0325,2025-05-10,Cash on Delivery,Delivered
O01514,C0464,2025-04-29,Debit Card,Delivered
O01515,C0552,2025-12-22,UPI,Delivered
O01516,C0096,2025-03-04,Cash on Delivery,Delivered
O01517,C0628,2025-06-26,Credit Card,Returned
O01518,C0637,2025-08-28,UPI,Delivered
O01519,C0292,2025-05-24,Cash on Delivery,Delivered
O01520,C0150,2025-02-13,Debit Card,Delivered
O01521,C0899,2025-09-14,Cash on Delivery,Delivered
O01522,C0157,2025-05-27,Cash on Delivery,Delivered
O01523,C0496,2025-05-31,Debit Card,Delivered
O01524,C0215,2025-12-04,Debit Card,Delivered
O01525,C0579,2025-08-23,Debit Card,Delivered
O01526,C0027,2025-02-27,Cash on Delivery,Delivered
O01527,C0798,2025-08-03,Debit Card,Delivered
O01528,C0998,2025-01-08,Cash on Delivery,Delivered
O01529,C0731,2025-06-02,Credit Card,Returned
O01530,C0854,2025-10-18,Credit Card,Delivered
O01531,C0419,2025-12-22,Debit Card,Delivered
O01532,C0841,2025-11-09,Credit Card,Delivered
O01533,C0218,2025-07-23,Debit Card,Delivered
O01534,C0249,2025-07-28,Credit Card,Delivered
O01535,C0764,2025-01-16,Debit Card,Delivered
O01536,C0634,2025-02-18,Debit Card,Delivered
O01537,C0294,2025-11-04,Cash on Delivery,Cancelled
O01538,C0958,2025-09-15,Cash on Delivery,Delivered
O01539,C0057,2025-07-23,Debit Card,Delivered
O01540,C0660,2025-09-17,Cash on Delivery,Delivered
O01541,C0389,2025-08-23,UPI,Delivered
O01542,C0997,2025-06-05,UPI,Delivered
O01543,C0744,2025-07-17,Credit Card,Delivered
O01544,C0872,2025-09-22,Credit Card,Delivered
O01545,C0040,2025-05-13,Debit Card,Returned
O01546,C0052,2025-06-15,UPI,Delivered
O01547,C0247,2025-03-20,Credit Card,Cancelled
O01548,C0164,2025-07-09,UPI,Delivered
O01549,C0341,2025-06-19,UPI,Cancelled
O01550,C0591,2025-02-06,UPI,Delivered
O01551,C0361,2025-01-13,Debit Card,Returned
O01552,C0935,2025-09-05,Credit Card,Delivered
O01553,C0557,2025-07-06,UPI,Returned
O01554,C0045,2025-10-23,Cash on Delivery,Delivered
O01555,C0956,2025-07-22,Credit Card,Delivered
O01556,C0383,2025-05-07,Debit Card,Cancelled
O01557,C0483,2025-05-16,Cash on Delivery,Delivered
O01558,C0547,2025-02-19,Debit Card,Delivered
O01559,C0767,2025-03-26,UPI,Delivered
O01560,C0104,2025-09-06,Debit Card,Delivered
O01561,C0443,2025-07-06,Debit Card,Delivered
O01562,C0263,2025-08-22,UPI,Cancelled
O01563,C0806,2025-04-22,Credit Card,Delivered
O01564,C0996,2025-03-27,Credit Card,Delivered
O01565,C0959,2025-10-09,UPI,Delivered
O01566,C0516,2025-05-04,Cash on Delivery,Delivered
O01567,C0461,2025-03-06,Cash on Delivery,Delivered
O01568,C0315,2025-01-07,Debit Card,Delivered
O01569,C0708,2025-09-28,Cash on Delivery,Delivered
O01570,C0766,2025-12-31,Debit Card,Delivered
O01571,C0139,2025-12-31,UPI,Delivered
O01572,C0361,2025-01-05,Credit Card,Returned
O01573,C0548,2025-02-25,UPI,Delivered
O01574,C0639,2025-04-17,Cash on Delivery,Delivered
O01575,C0119,2025-04-10,Credit Card,Cancelled
O01576,C0400,2025-10-08,Cash on Delivery,Delivered
O01577,C0245,2025-11-06,Cash on Delivery,Delivered
O01578,C0037,2025-09-11,Debit Card,Returned
O01579,C0967,2025-10-04,Debit Card,Delivered
O01580,C0604,2025-11-21,Debit Card,Delivered
O01581,C0950,2025-07-05,Cash on Delivery,Delivered
O01582,C0714,2025-02-13,Credit Card,Delivered
O01583,C0089,2025-03-31,Credit Card,Returned
O01584,C0841,2025-03-31,Cash on Delivery,Delivered
O01585,C0012,2025-07-02,UPI,Delivered
O01586,C0277,2025-07-05,UPI,Delivered
O01587,C0418,2025-02-24,Cash on Delivery,Delivered
O01588,C0506,2025-12-05,Credit Card,Returned
O01589,C0592,2025-05-26,Cash on Delivery,Delivered
O01590,C0308,2025-10-20,Debit Card,Delivered
O01591,C0578,2025-05-15,Cash on Delivery,Delivered
O01592,C0048,2025-11-18,UPI,Cancelled
O01593,C0963,2025-04-01,Cash on Delivery,Returned
O01594,C0894,2025-02-04,Cash on Delivery,Delivered
O01595,C0461,2025-06-18,UPI,Delivered
O01596,C0560,2025-04-02,Cash on Delivery,Delivered
O01597,C0688,2025-01-23,Credit Card,Delivered
O01598,C0294,2025-09-06,Cash on Delivery,Delivered
O01599,C0787,2025-02-21,Credit Card,Delivered
O01600,C0655,2025-08-29,Credit Card,Delivered
O01601,C0382,2025-02-25,Debit Card,Returned
O01602,C0727,2025-05-01,Debit Card,Delivered
O01603,C0144,2025-11-01,UPI,Returned
O01604,C0327,2025-04-12,Cash on Delivery,Delivered
O01605,C0251,2025-05-25,Cash on Delivery,Delivered
O01606,C0849,2025-11-24,Cash on Delivery,Delivered
O01607,C0875,2025-04-25,UPI,Delivered
O01608,C0596,2025-06-10,Credit Card,Delivered
O01609,C0408,2025-04-01,UPI,Delivered
O01610,C0381,2025-08-19,UPI,Delivered
O01611,C0055,2025-08-12,Cash on Delivery,Delivered
O01612,C0077,2025-09-11,UPI,Delivered
O01613,C0829,2025-12-13,UPI,Delivered
O01614,C0244,2025-03-06,Cash on Delivery,Delivered
O01615,C0955,2025-03-29,Cash on Delivery,Returned
O01616,C0050,2025-04-03,Debit Card,Returned
O01617,C0251,2025-08-30,UPI,Returned
O01618,C0790,2025-02-25,UPI,Delivered
O01619,C0550,2025-04-07,UPI,Delivered
O01620,C0065,2025-10-21,UPI,Delivered
O01621,C0422,2025-04-16,Cash on Delivery,Delivered
O01622,C0955,2025-11-15,Credit Card,Delivered
O01623,C0566,2025-03-16,Debit Card,Delivered
O01624,C0729,2025-07-06,Credit Card,Delivered
O01625,C0378,2025-12-28,Cash on Delivery,Delivered
O01626,C0220,2025-12-27,Credit Card,Cancelled
O01627,C0688,2025-07-18,Debit Card,Delivered
O01628,C0026,2025-09-25,UPI,Delivered
O01629,C0785,2025-08-01,Cash on Delivery,Delivered
O01630,C0692,2025-02-06,UPI,Delivered
O01631,C0421,2025-05-28,Debit Card,Delivered
O01632,C0808,2025-09-16,Credit Card,Delivered
O01633,C0363,2025-01-12,Cash on Delivery,Delivered
O01634,C0414,2025-05-18,UPI,Cancelled
O01635,C0043,2025-06-27,Cash on Delivery,Delivered
O01636,C0459,2025-11-26,Debit Card,Cancelled
O01637,C0636,2025-05-18,Credit Card,Cancelled
O01638,C0043,2025-02-07,Credit Card,Delivered
O01639,C0464,2025-11-29,Cash on Delivery,Delivered
O01640,C0860,2025-05-13,UPI,Delivered
O01641,C0090,2025-10-31,Credit Card,Returned
O01642,C0765,2025-11-02,Credit Card,Returned
O01643,C0536,2025-01-30,Cash on Delivery,Delivered
O01644,C0797,2025-02-03,Cash on Delivery,Delivered
O01645,C0048,2025-01-21,UPI,Delivered
O01646,C0910,2025-04-28,UPI,Delivered
O01647,C0327,2025-08-19,Debit Card,Delivered
O01648,C0844,2025-12-06,Credit Card,Delivered
O01649,C0140,2025-04-04,Cash on Delivery,Delivered
O01650,C0796,2025-10-31,UPI,Delivered
O01651,C0279,2025-03-27,Credit Card,Delivered
O01652,C0472,2025-10-05,Credit Card,Delivered
O01653,C0561,2025-11-14,Credit Card,Returned
O01654,C0078,2025-10-27,Cash on Delivery,Delivered
O01655,C0355,2025-12-30,Debit Card,Delivered
O01656,C0902,2025-04-16,Debit Card,Cancelled
O01657,C0724,2025-11-30,Cash on Delivery,Delivered
O01658,C0376,2025-01-23,Debit Card,Delivered
O01659,C0012,2025-08-05,Debit Card,Delivered
O01660,C0875,2025-01-09,Cash on Delivery,Delivered
O01661,C0171,2025-04-28,Cash on Delivery,Delivered
O01662,C0815,2025-05-08,Cash on Delivery,Delivered
O01663,C0213,2025-03-14,Credit Card,Delivered
O01664,C0507,2025-07-28,Credit Card,Returned
O01665,C0033,2025-01-13,UPI,Delivered
O01666,C0370,2025-01-24,UPI,Delivered
O01667,C0884,2025-04-27,Credit Card,Delivered
O01668,C0900,2025-04-01,Credit Card,Returned
O01669,C0945,2025-10-30,Cash on Delivery,Delivered
O01670,C0448,2025-03-07,Credit Card,Returned
O01671,C0070,2025-03-09,Cash on Delivery,Returned
O01672,C0256,2025-06-30,Credit Card,Cancelled
O01673,C0594,2025-12-14,Cash on Delivery,Returned
O01674,C0940,2025-01-14,Cash on Delivery,Delivered
O01675,C0316,2025-12-27,UPI,Returned
O01676,C0372,2025-03-21,Cash on Delivery,Delivered
O01677,C0903,2025-10-04,Debit Card,Cancelled
O01678,C0961,2025-03-18,UPI,Delivered
O01679,C0920,2025-09-04,Debit Card,Delivered
O01680,C0525,2025-09-06,Debit Card,Delivered
O01681,C0850,2025-11-11,Credit Card,Delivered
O01682,C0537,2025-12-30,Debit Card,Delivered
O01683,C0895,2025-01-03,Credit Card,Delivered
O01684,C0648,2025-08-09,Credit Card,Delivered
O01685,C0623,2025-06-28,Credit Card,Delivered
O01686,C0055,2025-10-25,Credit Card,Delivered
O01687,C0288,2025-04-27,Debit Card,Delivered
O01688,C0909,2025-05-14,Cash on Delivery,Delivered
O01689,C0482,2025-01-21,Debit Card,Delivered
O01690,C0352,2025-03-08,Debit Card,Returned
O01691,C0296,2025-02-13,Credit Card,Delivered
O01692,C0130,2025-08-30,Debit Card,Delivered
O01693,C0041,2025-10-07,Debit Card,Delivered
O01694,C0284,2025-02-17,Credit Card,Delivered
O01695,C0334,2025-06-27,Credit Card,Delivered
O01696,C0428,2025-01-07,Credit Card,Delivered
O01697,C0833,2025-10-14,Debit Card,Delivered
O01698,C0186,2025-12-22,Cash on Delivery,Returned
O01699,C0255,2025-10-03,Credit Card,Delivered
O01700,C0151,2025-03-04,Debit Card,Cancelled
O01701,C0961,2025-10-26,UPI,Delivered
O01702,C0407,2025-04-18,Debit Card,Delivered
O01703,C0055,2025-05-10,Credit Card,Delivered
O01704,C0939,2025-06-08,UPI,Delivered
O01705,C0567,2025-04-18,UPI,Delivered
O01706,C0217,2025-09-01,Cash on Delivery,Delivered
O01707,C0429,2025-05-08,Debit Card,Delivered
O01708,C0631,2025-04-30,UPI,Cancelled
O01709,C0207,2025-06-19,UPI,Returned
O01710,C0263,2025-08-20,Debit Card,Delivered
O01711,C0415,2025-08-24,Credit Card,Delivered
O01712,C0345,2025-09-20,UPI,Delivered
O01713,C0529,2025-05-10,Cash on Delivery,Delivered
O01714,C0072,2025-09-29,Credit Card,Cancelled
O01715,C0910,2025-12-10,Cash on Delivery,Delivered
O01716,C0254,2025-12-18,Debit Card,Cancelled
O01717,C0774,2025-01-09,Cash on Delivery,Delivered
O01718,C0622,2025-11-22,Debit Card,Delivered
O01719,C0439,2025-01-30,UPI,Delivered
O01720,C0543,2025-09-09,Cash on Delivery,Delivered
O01721,C0800,2025-09-30,Cash on Delivery,Delivered
O01722,C0791,2025-12-09,Credit Card,Delivered
O01723,C0803,2025-08-16,UPI,Delivered
O01724,C0893,2025-03-16,Cash on Delivery,Cancelled
O01725,C0696,2025-06-07,Debit Card,Returned
O01726,C0762,2025-12-16,UPI,Delivered
O01727,C0343,2025-05-11,Credit Card,Delivered
O01728,C0866,2025-05-25,Debit Card,Delivered
O01729,C0941,2025-07-03,Debit Card,Returned
O01730,C0282,2025-01-13,Cash on Delivery,Returned
O01731,C0555,2025-06-18,Debit Card,Delivered
O01732,C0771,2025-04-29,Cash on Delivery,Delivered
O01733,C0384,2025-10-24,Cash on Delivery,Delivered
O01734,C0548,2025-09-01,Debit Card,Delivered
O01735,C0994,2025-08-08,Credit Card,Delivered
O01736,C0480,2025-06-17,Debit Card,Delivered
O01737,C0548,2025-01-21,UPI,Delivered
O01738,C0650,2025-12-25,Cash on Delivery,Delivered
O01739,C0574,2025-12-05,Cash on Delivery,Delivered
O01740,C0897,2025-11-02,Debit Card,Delivered
O01741,C0103,2025-06-16,Cash on Delivery,Delivered
O01742,C0603,2025-01-04,Debit Card,Delivered
O01743,C0308,2025-08-08,Debit Card,Delivered
O01744,C0426,2025-08-21,UPI,Delivered
O01745,C0880,2025-05-08,Credit Card,Cancelled
O01746,C0203,2025-05-14,Cash on Delivery,Delivered
O01747,C0805,2025-12-01,Cash on Delivery,Delivered
O01748,C0780,2025-10-03,Cash on Delivery,Delivered
O01749,C0848,2025-02-24,UPI,Delivered
O01750,C0605,2025-08-01,UPI,Delivered
O01751,C0084,2025-08-26,UPI,Delivered
O01752,C0161,2025-07-22,Cash on Delivery,Delivered
O01753,C0844,2025-10-01,UPI,Cancelled
O01754,C0801,2025-09-21,Credit Card,Returned
O01755,C0228,2025-12-10,UPI,Delivered
O01756,C0236,2025-11-28,Credit Card,Cancelled
O01757,C0756,2025-05-29,Cash on Delivery,Delivered
O01758,C0723,2025-10-06,Credit Card,Delivered
O01759,C0563,2025-01-26,UPI,Delivered
O01760,C0627,2025-09-19,UPI,Cancelled
O01761,C1000,2025-10-14,Cash on Delivery,Delivered
O01762,C0662,2025-01-13,Cash on Delivery,Delivered
O01763,C0455,2025-12-24,Debit Card,Delivered
O01764,C0270,2025-10-17,Debit Card,Returned
O01765,C0639,2025-10-05,Credit Card,Delivered
O01766,C0214,2025-02-15,Debit Card,Delivered
O01767,C0047,2025-04-15,Debit Card,Returned
O01768,C0442,2025-10-24,Credit Card,Delivered
O01769,C0901,2025-04-07,Debit Card,Returned
O01770,C0098,2025-09-25,Debit Card,Returned
O01771,C0784,2025-03-28,Credit Card,Delivered
O01772,C0118,2025-07-14,Debit Card,Delivered
O01773,C0778,2025-03-30,Debit Card,Delivered
O01774,C0052,2025-08-29,Credit Card,Delivered
O01775,C0614,2025-09-14,Cash on Delivery,Delivered
O01776,C0301,2025-11-27,Cash on Delivery,Delivered
O01777,C0352,2025-08-03,Credit Card,Returned
O01778,C0810,2025-11-17,Debit Card,Delivered
O01779,C0703,2025-07-23,Debit Card,Delivered
O01780,C0539,2025-04-21,UPI,Delivered
O01781,C0831,2025-02-16,Cash on Delivery,Delivered
O01782,C0808,2025-03-31,Debit Card,Delivered
O01783,C0073,2025-07-22,Credit Card,Delivered
O01784,C0392,2025-03-19,Debit Card,Cancelled
O01785,C0073,2025-03-17,UPI,Delivered
O01786,C0064,2025-06-23,Cash on Delivery,Delivered
O01787,C0562,2025-09-02,Credit Card,Delivered
O01788,C0620,2025-02-27,UPI,Delivered
O01789,C0530,2025-06-15,Credit Card,Delivered
O01790,C0189,2025-05-30,Credit Card,Delivered
O01791,C0340,2025-07-16,Cash on Delivery,Delivered
O01792,C0225,2025-06-25,Credit Card,Delivered
O01793,C0668,2025-11-20,Debit Card,Delivered
O01794,C0819,2025-08-21,Credit Card,Cancelled
O01795,C0727,2025-05-07,Cash on Delivery,Returned
O01796,C0340,2025-01-22,Credit Card,Delivered
O01797,C0337,2025-02-13,Debit Card,Delivered
O01798,C0692,2025-09-26,UPI,Delivered
O01799,C0002,2025-11-03,Cash on Delivery,Delivered
O01800,C0460,2025-02-13,Credit Card,Delivered
O01801,C0721,2025-02-08,UPI,Delivered
O01802,C0985,2025-09-22,Credit Card,Delivered
O01803,C0768,2025-11-10,Cash on Delivery,Delivered
O01804,C0371,2025-10-31,Debit Card,Cancelled
O01805,C0549,2025-09-15,Credit Card,Delivered
O01806,C0894,2025-04-26,Debit Card,Cancelled
O01807,C0783,2025-01-27,UPI,Delivered
O01808,C0291,2025-07-13,Credit Card,Delivered
O01809,C0758,2025-01-02,Credit Card,Delivered
O01810,C0108,2025-06-19,Credit Card,Delivered
O01811,C0805,2025-11-30,Debit Card,Returned
O01812,C0468,2025-01-01,UPI,Returned
O01813,C0925,2025-09-20,Cash on Delivery,Cancelled
O01814,C0377,2025-12-07,Credit Card,Delivered
O01815,C0110,2025-01-04,Credit Card,Cancelled
O01816,C0234,2025-06-30,Credit Card,Delivered
O01817,C0078,2025-08-17,Debit Card,Delivered
O01818,C0719,2025-05-03,Credit Card,Delivered
O01819,C0918,2025-01-26,Debit Card,Delivered
O01820,C0791,2025-07-09,Cash on Delivery,Delivered
O01821,C0660,2025-06-21,Credit Card,Delivered
O01822,C0129,2025-05-12,Cash on Delivery,Delivered
O01823,C0601,2025-04-03,Debit Card,Delivered
O01824,C0996,2025-10-26,Debit Card,Returned
O01825,C0329,2025-04-14,UPI,Returned
O01826,C0979,2025-04-11,UPI,Delivered
O01827,C0610,2025-12-03,Debit Card,Cancelled
O01828,C0842,2025-06-18,Debit Card,Returned
O01829,C0852,2025-03-07,UPI,Delivered
O01830,C0100,2025-04-18,Cash on Delivery,Delivered
O01831,C0306,2025-01-30,UPI,Delivered
O01832,C0823,2025-12-27,Credit Card,Delivered
O01833,C0272,2025-12-22,UPI,Delivered
O01834,C0493,2025-08-03,Credit Card,Delivered
O01835,C0375,2025-08-16,UPI,Cancelled
O01836,C0632,2025-08-01,Cash on Delivery,Cancelled
O01837,C0363,2025-10-28,Cash on Delivery,Delivered
O01838,C0148,2025-10-06,Debit Card,Delivered
O01839,C0552,2025-08-02,Credit Card,Delivered
O01840,C0169,2025-07-01,Cash on Delivery,Returned
O01841,C0959,2025-06-12,Debit Card,Returned
O01842,C0770,2025-05-23,Cash on Delivery,Delivered
O01843,C0151,2025-10-12,Cash on Delivery,Delivered
O01844,C0739,2025-05-21,Credit Card,Delivered
O01845,C0192,2025-12-14,Credit Card,Delivered
O01846,C0878,2025-08-09,Cash on Delivery,Delivered
O01847,C0588,2025-11-24,UPI,Delivered
O01848,C0203,2025-05-04,Credit Card,Delivered
O01849,C0797,2025-02-05,Debit Card,Delivered
O01850,C0430,2025-07-17,Cash on Delivery,Delivered
O01851,C0271,2025-11-29,Debit Card,Delivered
O01852,C0608,2025-11-30,Cash on Delivery,Delivered
O01853,C0726,2025-01-31,Cash on Delivery,Delivered
O01854,C0134,2025-11-06,Debit Card,Delivered
O01855,C0638,2025-11-29,Cash on Delivery,Returned
O01856,C0148,2025-03-24,Cash on Delivery,Cancelled
O01857,C0696,2025-03-23,Credit Card,Returned
O01858,C0582,2025-01-12,UPI,Delivered
O01859,C0161,2025-08-10,Debit Card,Delivered
O01860,C0845,2025-09-06,Debit Card,Delivered
O01861,C0160,2025-10-22,UPI,Delivered
O01862,C0123,2025-02-19,UPI,Cancelled
O01863,C0861,2025-06-19,Credit Card,Delivered
O01864,C0341,2025-08-31,Cash on Delivery,Delivered
O01865,C0386,2025-09-09,Credit Card,Delivered
O01866,C0381,2025-10-26,Cash on Delivery,Delivered
O01867,C0977,2025-07-14,Debit Card,Returned
O01868,C0400,2025-08-20,Debit Card,Delivered
O01869,C0111,2025-12-04,UPI,Delivered
O01870,C0249,2025-04-30,Debit Card,Delivered
O01871,C0241,2025-06-07,Credit Card,Delivered
O01872,C0676,2025-05-13,Debit Card,Delivered
O01873,C0886,2025-07-29,Credit Card,Cancelled
O01874,C0194,2025-12-03,Debit Card,Delivered
O01875,C0174,2025-04-12,Cash on Delivery,Delivered
O01876,C0962,2025-11-03,Cash on Delivery,Delivered
O01877,C0535,2025-08-19,Cash on Delivery,Delivered
O01878,C0866,2025-06-14,Credit Card,Delivered
O01879,C0160,2025-08-28,Credit Card,Delivered
O01880,C0595,2025-07-17,Credit Card,Delivered
O01881,C0878,2025-05-17,Cash on Delivery,Delivered
O01882,C0306,2025-12-27,UPI,Delivered
O01883,C0562,2025-07-07,Debit Card,Delivered
O01884,C0444,2025-12-28,Cash on Delivery,Delivered
O01885,C0920,2025-01-11,Debit Card,Returned
O01886,C0396,2025-01-01,Credit Card,Delivered
O01887,C0520,2025-07-26,Cash on Delivery,Delivered
O01888,C0460,2025-06-06,UPI,Delivered
O01889,C0671,2025-04-29,Credit Card,Delivered
O01890,C0080,2025-07-23,Debit Card,Delivered
O01891,C0746,2025-11-20,Cash on Delivery,Delivered
O01892,C0812,2025-06-07,UPI,Delivered
O01893,C0357,2025-11-17,UPI,Returned
O01894,C0726,2025-08-10,Credit Card,Cancelled
O01895,C0208,2025-12-27,Credit Card,Delivered
O01896,C0453,2025-02-14,UPI,Delivered
O01897,C0947,2025-07-03,Credit Card,Delivered
O01898,C0154,2025-12-08,Credit Card,Delivered
O01899,C0720,2025-09-03,Debit Card,Delivered
O01900,C0592,2025-06-25,Credit Card,Returned
O01901,C0895,2025-06-24,UPI,Delivered
O01902,C0379,2025-08-22,Credit Card,Delivered
O01903,C0970,2025-12-19,Credit Card,Delivered
O01904,C0791,2025-08-29,Credit Card,Delivered
O01905,C0449,2025-01-04,UPI,Delivered
O01906,C0254,2025-10-21,Cash on Delivery,Delivered
O01907,C0824,2025-08-08,UPI,Delivered
O01908,C0280,2025-06-03,Debit Card,Delivered
O01909,C0462,2025-10-07,Cash on Delivery,Delivered
O01910,C0427,2025-01-10,Credit Card,Delivered
O01911,C0875,2025-10-05,Debit Card,Delivered
O01912,C0082,2025-12-11,Cash on Delivery,Delivered
O01913,C0328,2025-09-05,UPI,Delivered
O01914,C0640,2025-12-18,Debit Card,Delivered
O01915,C0087,2025-12-03,Cash on Delivery,Delivered
O01916,C0279,2025-06-24,Credit Card,Delivered
O01917,C0912,2025-08-17,Cash on Delivery,Cancelled
O01918,C0169,2025-12-08,Debit Card,Delivered
O01919,C0582,2025-05-26,UPI,Delivered
O01920,C0827,2025-01-06,Credit Card,Delivered
O01921,C0816,2025-03-03,Debit Card,Delivered
O01922,C0666,2025-06-26,Credit Card,Delivered
O01923,C0075,2025-11-15,Debit Card,Returned
O01924,C0738,2025-03-19,Cash on Delivery,Delivered
O01925,C0132,2025-09-12,Cash on Delivery,Delivered
O01926,C0422,2025-11-29,UPI,Returned
O01927,C0062,2025-08-10,UPI,Delivered
O01928,C0705,2025-04-06,UPI,Delivered
O01929,C0611,2025-08-07,Cash on Delivery,Delivered
O01930,C0521,2025-06-22,Debit Card,Delivered
O01931,C0830,2025-08-06,UPI,Delivered
O01932,C0471,2025-12-14,Credit Card,Delivered
O01933,C0009,2025-09-09,Debit Card,Delivered
O01934,C0697,2025-02-19,UPI,Delivered
O01935,C0801,2025-07-11,Cash on Delivery,Delivered
O01936,C0588,2025-09-08,UPI,Delivered
O01937,C0983,2025-05-28,Credit Card,Delivered
O01938,C0392,2025-12-25,Credit Card,Delivered
O01939,C0197,2025-05-17,Debit Card,Delivered
O01940,C0358,2025-05-06,Credit Card,Delivered
O01941,C0886,2025-10-11,UPI,Delivered
O01942,C0785,2025-09-23,Credit Card,Cancelled
O01943,C0172,2025-08-29,Credit Card,Cancelled
O01944,C0896,2025-03-02,Cash on Delivery,Delivered
O01945,C0217,2025-01-10,Credit Card,Delivered
O01946,C0660,2025-01-18,Debit Card,Delivered
O01947,C0873,2025-05-21,Cash on Delivery,Returned
O01948,C0135,2025-01-26,Debit Card,Delivered
O01949,C0522,2025-02-15,UPI,Delivered
O01950,C0644,2025-09-06,UPI,Delivered
O01951,C0932,2025-10-23,Credit Card,Delivered
O01952,C0261,2025-04-16,Cash on Delivery,Delivered
O01953,C0933,2025-11-11,Credit Card,Cancelled
O01954,C0680,2025-01-11,Debit Card,Delivered
O01955,C0878,2025-05-12,Debit Card,Delivered
O01956,C0138,2025-12-14,Credit Card,Delivered
O01957,C0374,2025-05-10,Credit Card,Delivered
O01958,C0571,2025-05-30,Credit Card,Delivered
O01959,C0435,2025-11-24,Credit Card,Returned
O01960,C0376,2025-11-14,Cash on Delivery,Delivered
O01961,C0120,2025-07-18,Credit Card,Delivered
O01962,C0856,2025-06-01,Debit Card,Delivered
O01963,C0549,2025-12-11,Debit Card,Delivered
O01964,C0536,2025-08-21,Credit Card,Delivered
O01965,C0410,2025-05-17,Debit Card,Delivered
O01966,C0669,2025-04-16,Debit Card,Delivered
O01967,C0651,2025-07-30,Credit Card,Delivered
O01968,C0770,2025-01-06,Debit Card,Delivered
O01969,C0308,2025-07-04,Debit Card,Returned
O01970,C0694,2025-09-17,Credit Card,Returned
O01971,C0199,2025-01-12,Cash on Delivery,Delivered
O01972,C0897,2025-10-19,Credit Card,Delivered
O01973,C0173,2025-01-14,UPI,Delivered
O01974,C0646,2025-03-31,Debit Card,Delivered
O01975,C0899,2025-04-30,Credit Card,Delivered
O01976,C0314,2025-03-20,UPI,Delivered
O01977,C0884,2025-07-01,Credit Card,Cancelled
O01978,C0458,2025-01-16,UPI,Delivered
O01979,C0536,2025-09-16,UPI,Delivered
O01980,C0557,2025-05-05,Cash on Delivery,Delivered
O01981,C0958,2025-04-26,Cash on Delivery,Cancelled
O01982,C0977,2025-05-18,Debit Card,Returned
O01983,C0989,2025-06-16,UPI,Delivered
O01984,C0109,2025-08-16,Cash on Delivery,Delivered
O01985,C0670,2025-09-12,Debit Card,Delivered
O01986,C0656,2025-10-23,Cash on Delivery,Delivered
O01987,C0258,2025-11-09,UPI,Delivered
O01988,C0448,2025-05-06,UPI,Delivered
O01989,C0238,2025-08-22,Debit Card,Delivered
O01990,C0967,2025-11-22,Credit Card,Delivered
O01991,C0726,2025-12-18,Credit Card,Delivered
O01992,C0636,2025-07-04,UPI,Cancelled
O01993,C0699,2025-12-17,UPI,Returned
O01994,C0108,2025-01-21,Credit Card,Delivered
O01995,C0798,2025-04-24,Cash on Delivery,Delivered
O01996,C0596,2025-12-09,Credit Card,Delivered
O01997,C0187,2025-02-17,Cash on Delivery,Delivered
O01998,C0598,2025-06-11,UPI,Delivered
O01999,C0768,2025-05-06,Cash on Delivery,Returned
O02000,C0850,2025-10-25,Cash on Delivery,Delivered
O02001,C0853,2025-04-05,Credit Card,Delivered
O02002,C0941,2025-07-20,Credit Card,Cancelled
O02003,C0258,2025-07-15,Credit Card,Delivered
O02004,C0995,2025-02-05,Debit Card,Delivered
O02005,C0331,2025-12-12,UPI,Delivered
O02006,C0008,2025-04-22,Cash on Delivery,Delivered
O02007,C0169,2025-03-07,UPI,Returned
O02008,C0194,2025-07-16,Debit Card,Delivered
O02009,C0244,2025-07-19,UPI,Delivered
O02010,C0080,2025-10-14,Credit Card,Delivered
O02011,C0269,2025-04-24,Debit Card,Delivered
O02012,C0844,2025-12-13,UPI,Delivered
O02013,C0458,2025-12-28,Debit Card,Delivered
O02014,C0826,2025-12-14,Cash on Delivery,Delivered
O02015,C0193,2025-09-08,Credit Card,Delivered
O02016,C0315,2025-09-13,UPI,Delivered
O02017,C0932,2025-11-20,Cash on Delivery,Delivered
O02018,C0325,2025-11-20,Credit Card,Cancelled
O02019,C0197,2025-03-23,Debit Card,Delivered
O02020,C0221,2025-12-16,Debit Card,Cancelled
O02021,C0760,2025-05-08,UPI,Delivered
O02022,C0912,2025-02-10,Debit Card,Delivered
O02023,C0951,2025-03-03,UPI,Delivered
O02024,C0627,2025-08-27,Debit Card,Delivered
O02025,C0121,2025-07-02,Cash on Delivery,Delivered
O02026,C0083,2025-07-22,Debit Card,Delivered
O02027,C0767,2025-04-13,Credit Card,Delivered
O02028,C0233,2025-08-08,UPI,Delivered
O02029,C0289,2025-02-01,Credit Card,Delivered
O02030,C0078,2025-04-27,Cash on Delivery,Delivered
O02031,C0943,2025-07-16,Credit Card,Returned
O02032,C0923,2025-09-27,Debit Card,Returned
O02033,C0363,2025-10-26,Credit Card,Delivered
O02034,C0173,2025-04-22,Cash on Delivery,Cancelled
O02035,C0979,2025-07-20,UPI,Delivered
O02036,C0553,2025-10-31,Cash on Delivery,Cancelled
O02037,C0306,2025-05-27,UPI,Delivered
O02038,C0900,2025-05-07,Cash on Delivery,Delivered
O02039,C0046,2025-12-29,UPI,Delivered
O02040,C0331,2025-06-08,Cash on Delivery,Delivered
O02041,C0138,2025-11-30,UPI,Returned
O02042,C0040,2025-03-31,Credit Card,Delivered
O02043,C0775,2025-08-07,Credit Card,Delivered
O02044,C0813,2025-05-20,Cash on Delivery,Delivered
O02045,C0575,2025-06-30,UPI,Delivered
O02046,C0867,2025-02-07,Credit Card,Delivered
O02047,C0447,2025-05-04,Debit Card,Cancelled
O02048,C0448,2025-02-01,Cash on Delivery,Delivered
O02049,C0074,2025-03-31,Debit Card,Delivered
O02050,C0098,2025-08-03,Credit Card,Returned
O02051,C0320,2025-07-01,Debit Card,Cancelled
O02052,C0508,2025-09-30,UPI,Delivered
O02053,C0344,2025-06-07,Cash on Delivery,Delivered
O02054,C0624,2025-12-22,Credit Card,Delivered
O02055,C0078,2025-12-02,Cash on Delivery,Delivered
O02056,C0731,2025-08-15,UPI,Delivered
O02057,C0820,2025-02-04,Debit Card,Delivered
O02058,C0629,2025-04-14,Credit Card,Delivered
O02059,C0785,2025-04-20,Credit Card,Delivered
O02060,C0627,2025-01-30,Cash on Delivery,Cancelled
O02061,C0441,2025-02-28,Cash on Delivery,Delivered
O02062,C0191,2025-11-07,Debit Card,Delivered
O02063,C0681,2025-09-09,Cash on Delivery,Delivered
O02064,C0295,2025-09-06,Debit Card,Delivered
O02065,C0080,2025-04-05,Credit Card,Delivered
O02066,C0237,2025-06-11,Cash on Delivery,Delivered
O02067,C0005,2025-12-30,Credit Card,Delivered
O02068,C0779,2025-07-27,Cash on Delivery,Delivered
O02069,C0244,2025-05-30,Debit Card,Delivered
O02070,C0245,2025-09-04,UPI,Delivered
O02071,C0996,2025-08-19,Credit Card,Returned
O02072,C0063,2025-02-03,Credit Card,Delivered
O02073,C0900,2025-11-06,Credit Card,Delivered
O02074,C0306,2025-05-06,Debit Card,Delivered
O02075,C0132,2025-10-20,UPI,Cancelled
O02076,C0390,2025-11-01,Credit Card,Delivered
O02077,C0809,2025-04-05,Cash on Delivery,Delivered
O02078,C0465,2025-11-21,UPI,Delivered
O02079,C0161,2025-07-21,Credit Card,Delivered
O02080,C0802,2025-07-31,Credit Card,Delivered
O02081,C0935,2025-12-20,UPI,Cancelled
O02082,C0863,2025-11-08,Credit Card,Delivered
O02083,C0389,2025-07-17,UPI,Cancelled
O02084,C0563,2025-04-11,Debit Card,Delivered
O02085,C0227,2025-09-12,Debit Card,Delivered
O02086,C0679,2025-12-13,UPI,Cancelled
O02087,C0292,2025-05-24,Debit Card,Cancelled
O02088,C0668,2025-06-19,Credit Card,Cancelled
O02089,C0428,2025-07-02,Cash on Delivery,Delivered
O02090,C0822,2025-04-29,Credit Card,Delivered
O02091,C0362,2025-02-05,Credit Card,Returned
O02092,C0819,2025-05-03,UPI,Delivered
O02093,C0080,2025-08-02,UPI,Delivered
O02094,C0899,2025-01-04,Debit Card,Delivered
O02095,C0026,2025-08-16,UPI,Delivered
O02096,C0748,2025-10-16,Cash on Delivery,Delivered
O02097,C0352,2025-03-20,Cash on Delivery,Cancelled
O02098,C0867,2025-07-07,Cash on Delivery,Delivered
O02099,C0710,2025-11-20,Credit Card,Returned
O02100,C0046,2025-04-03,Debit Card,Returned
O02101,C0323,2025-11-09,Credit Card,Cancelled
O02102,C0863,2025-12-11,Credit Card,Delivered
O02103,C0909,2025-10-29,Cash on Delivery,Delivered
O02104,C0547,2025-02-03,Cash on Delivery,Delivered
O02105,C0744,2025-06-21,Credit Card,Delivered
O02106,C0633,2025-03-15,Credit Card,Delivered
O02107,C0831,2025-08-05,UPI,Delivered
O02108,C0675,2025-04-22,Credit Card,Delivered
O02109,C0452,2025-04-10,UPI,Delivered
O02110,C0163,2025-11-03,Credit Card,Cancelled
O02111,C0606,2025-05-23,UPI,Cancelled
O02112,C0454,2025-08-27,Cash on Delivery,Delivered
O02113,C0132,2025-09-28,UPI,Returned
O02114,C0426,2025-05-13,Debit Card,Delivered
O02115,C0128,2025-05-21,Debit Card,Delivered
O02116,C0398,2025-10-18,UPI,Delivered
O02117,C0905,2025-12-09,UPI,Delivered
O02118,C0226,2025-10-17,Debit Card,Delivered
O02119,C0653,2025-01-07,Cash on Delivery,Delivered
O02120,C0091,2025-10-18,UPI,Delivered
O02121,C0441,2025-03-07,Credit Card,Delivered
O02122,C0442,2025-05-28,UPI,Returned
O02123,C0329,2025-05-23,Cash on Delivery,Delivered
O02124,C0376,2025-09-22,Debit Card,Returned
O02125,C0698,2025-07-03,UPI,Returned
O02126,C0663,2025-01-01,Debit Card,Delivered
O02127,C0110,2025-01-30,Credit Card,Returned
O02128,C0730,2025-06-14,Cash on Delivery,Cancelled
O02129,C0161,2025-05-12,Debit Card,Delivered
O02130,C0142,2025-01-25,Debit Card,Delivered
O02131,C0818,2025-06-18,Cash on Delivery,Delivered
O02132,C0026,2025-04-08,Credit Card,Delivered
O02133,C0982,2025-11-02,Credit Card,Cancelled
O02134,C0782,2025-12-16,Cash on Delivery,Cancelled
O02135,C0295,2025-08-15,Debit Card,Delivered
O02136,C0248,2025-03-07,Cash on Delivery,Delivered
O02137,C0146,2025-02-05,Cash on Delivery,Delivered
O02138,C0919,2025-12-31,Credit Card,Cancelled
O02139,C0165,2025-05-15,Debit Card,Cancelled
O02140,C0952,2025-05-10,UPI,Delivered
O02141,C0921,2025-05-21,Credit Card,Delivered
O02142,C0129,2025-11-07,Credit Card,Delivered
O02143,C0774,2025-08-17,Credit Card,Delivered
O02144,C0625,2025-08-12,UPI,Delivered
O02145,C0525,2025-07-28,UPI,Cancelled
O02146,C0885,2025-11-30,UPI,Delivered
O02147,C0738,2025-12-24,Credit Card,Delivered
O02148,C0078,2025-05-19,Credit Card,Returned
O02149,C0305,2025-09-03,UPI,Cancelled
O02150,C0978,2025-09-30,Debit Card,Delivered
O02151,C0340,2025-12-13,Credit Card,Delivered
O02152,C0714,2025-04-03,Cash on Delivery,Delivered
O02153,C0961,2025-08-09,Credit Card,Delivered
O02154,C0597,2025-02-22,Debit Card,Delivered
O02155,C0016,2025-07-24,Debit Card,Delivered
O02156,C0722,2025-06-23,Cash on Delivery,Delivered
O02157,C0860,2025-07-19,Debit Card,Delivered
O02158,C0879,2025-03-30,Credit Card,Delivered
O02159,C0665,2025-10-05,Credit Card,Returned
O02160,C0549,2025-02-26,Cash on Delivery,Delivered
O02161,C0191,2025-08-20,Debit Card,Returned
O02162,C0646,2025-03-06,Credit Card,Delivered
O02163,C0950,2025-12-30,Cash on Delivery,Delivered
O02164,C0558,2025-11-10,Cash on Delivery,Delivered
O02165,C0132,2025-03-11,Credit Card,Delivered
O02166,C0329,2025-11-17,Cash on Delivery,Delivered
O02167,C0613,2025-12-17,Debit Card,Delivered
O02168,C0428,2025-08-09,UPI,Delivered
O02169,C0995,2025-01-20,Cash on Delivery,Returned
O02170,C0657,2025-02-10,Credit Card,Delivered
O02171,C0070,2025-09-14,Cash on Delivery,Delivered
O02172,C0507,2025-01-22,Credit Card,Delivered
O02173,C0827,2025-07-25,Credit Card,Delivered
O02174,C0993,2025-09-02,Debit Card,Delivered
O02175,C0826,2025-02-14,UPI,Delivered
O02176,C0644,2025-06-02,Debit Card,Delivered
O02177,C0981,2025-04-03,Debit Card,Delivered
O02178,C0573,2025-08-25,Credit Card,Delivered
O02179,C0186,2025-09-19,Debit Card,Cancelled
O02180,C0570,2025-12-22,Cash on Delivery,Cancelled
O02181,C0809,2025-11-22,Cash on Delivery,Delivered
O02182,C0114,2025-04-19,UPI,Delivered
O02183,C0536,2025-02-23,UPI,Delivered
O02184,C0993,2025-08-14,UPI,Delivered
O02185,C0170,2025-10-07,Debit Card,Delivered
O02186,C0543,2025-02-07,Debit Card,Delivered
O02187,C0332,2025-08-04,Debit Card,Delivered
O02188,C0283,2025-09-21,UPI,Delivered
O02189,C0196,2025-11-06,Cash on Delivery,Delivered
O02190,C0337,2025-01-09,Debit Card,Returned
O02191,C0591,2025-09-08,Debit Card,Delivered
O02192,C0800,2025-10-11,Debit Card,Returned
O02193,C0366,2025-06-28,Debit Card,Delivered
O02194,C0619,2025-08-05,UPI,Delivered
O02195,C0933,2025-05-15,Cash on Delivery,Delivered
O02196,C0264,2025-11-20,Debit Card,Delivered
O02197,C0457,2025-07-24,Cash on Delivery,Cancelled
O02198,C0292,2025-07-08,UPI,Delivered
O02199,C0084,2025-10-18,UPI,Delivered
O02200,C0465,2025-10-06,Cash on Delivery,Delivered
O02201,C0153,2025-10-31,Cash on Delivery,Delivered
O02202,C0590,2025-09-19,Credit Card,Cancelled
O02203,C0967,2025-11-28,Cash on Delivery,Delivered
O02204,C0015,2025-03-11,Cash on Delivery,Returned
O02205,C0888,2025-01-11,Credit Card,Delivered
O02206,C0091,2025-07-29,Cash on Delivery,Delivered
O02207,C0600,2025-02-22,Credit Card,Cancelled
O02208,C0054,2025-12-09,Credit Card,Delivered
O02209,C0131,2025-03-19,UPI,Cancelled
O02210,C0352,2025-12-12,Credit Card,Delivered
O02211,C0168,2025-08-29,Debit Card,Cancelled
O02212,C0360,2025-02-16,Credit Card,Returned
O02213,C0203,2025-10-28,Debit Card,Delivered
O02214,C0736,2025-11-14,UPI,Delivered
O02215,C0087,2025-01-22,UPI,Delivered
O02216,C0276,2025-11-10,UPI,Delivered
O02217,C0326,2025-08-18,Credit Card,Delivered
O02218,C0761,2025-12-06,Credit Card,Delivered
O02219,C0778,2025-08-25,Credit Card,Cancelled
O02220,C0574,2025-12-14,Debit Card,Delivered
O02221,C0706,2025-01-07,Credit Card,Delivered
O02222,C0398,2025-11-29,Debit Card,Returned
O02223,C0336,2025-08-05,UPI,Cancelled
O02224,C0149,2025-12-31,Credit Card,Delivered
O02225,C0436,2025-03-24,Cash on Delivery,Delivered
O02226,C0222,2025-09-19,Credit Card,Delivered
O02227,C0270,2025-02-16,UPI,Delivered
O02228,C0101,2025-04-05,Cash on Delivery,Delivered
O02229,C0071,2025-06-19,Credit Card,Delivered
O02230,C0851,2025-06-01,Debit Card,Delivered
O02231,C0334,2025-06-13,Credit Card,Delivered
O02232,C0091,2025-02-21,Debit Card,Cancelled
O02233,C0184,2025-10-05,UPI,Delivered
O02234,C0586,2025-05-04,Cash on Delivery,Delivered
O02235,C0193,2025-11-01,Cash on Delivery,Delivered
O02236,C0971,2025-05-24,Debit Card,Delivered
O02237,C0372,2025-07-11,UPI,Cancelled
O02238,C0121,2025-12-13,Credit Card,Delivered
O02239,C0072,2025-02-04,Debit Card,Delivered
O02240,C0251,2025-05-30,Cash on Delivery,Delivered
O02241,C0071,2025-09-09,Credit Card,Delivered
O02242,C0794,2025-11-24,UPI,Delivered
O02243,C0836,2025-12-13,Credit Card,Delivered
O02244,C0177,2025-05-21,Credit Card,Delivered
O02245,C0687,2025-12-24,Credit Card,Cancelled
O02246,C0043,2025-07-29,Cash on Delivery,Cancelled
O02247,C0013,2025-08-10,Debit Card,Returned
O02248,C0745,2025-09-26,UPI,Delivered
O02249,C0983,2025-06-15,Cash on Delivery,Delivered
O02250,C0714,2025-01-31,Credit Card,Returned
O02251,C0649,2025-04-04,Cash on Delivery,Cancelled
O02252,C0551,2025-05-23,Debit Card,Delivered
O02253,C0950,2025-06-17,Cash on Delivery,Delivered
O02254,C0894,2025-08-26,Cash on Delivery,Delivered
O02255,C0954,2025-06-30,Credit Card,Cancelled
O02256,C0997,2025-08-06,Cash on Delivery,Delivered
O02257,C0110,2025-01-29,Cash on Delivery,Delivered
O02258,C0594,2025-02-06,UPI,Delivered
O02259,C0716,2025-01-06,UPI,Delivered
O02260,C0740,2025-09-29,Credit Card,Cancelled
O02261,C0092,2025-10-19,Debit Card,Delivered
O02262,C0786,2025-06-16,Credit Card,Delivered
O02263,C0444,2025-10-17,UPI,Delivered
O02264,C0559,2025-02-26,Debit Card,Delivered
O02265,C0685,2025-11-07,UPI,Delivered
O02266,C0660,2025-07-26,UPI,Delivered
O02267,C0577,2025-12-27,Credit Card,Delivered
O02268,C0487,2025-03-17,UPI,Delivered
O02269,C0514,2025-11-30,Cash on Delivery,Delivered
O02270,C0302,2025-06-08,Debit Card,Delivered
O02271,C0032,2025-09-30,UPI,Delivered
O02272,C0190,2025-12-16,Cash on Delivery,Delivered
O02273,C0926,2025-12-11,UPI,Returned
O02274,C0689,2025-01-26,Debit Card,Delivered
O02275,C0191,2025-02-02,Debit Card,Delivered
O02276,C0686,2025-04-08,Debit Card,Cancelled
O02277,C0701,2025-06-23,Debit Card,Delivered
O02278,C0538,2025-01-12,Cash on Delivery,Delivered
O02279,C0483,2025-12-21,Credit Card,Delivered
O02280,C0407,2025-11-06,UPI,Delivered
O02281,C0033,2025-08-13,Credit Card,Delivered
O02282,C0114,2025-06-04,Cash on Delivery,Delivered
O02283,C0441,2025-07-20,Debit Card,Delivered
O02284,C0037,2025-07-21,UPI,Cancelled
O02285,C0329,2025-11-12,Credit Card,Delivered
O02286,C0030,2025-12-27,UPI,Delivered
O02287,C0220,2025-09-30,Credit Card,Returned
O02288,C0088,2025-07-11,Debit Card,Delivered
O02289,C0045,2025-09-18,UPI,Delivered
O02290,C0857,2025-01-21,UPI,Delivered
O02291,C0568,2025-09-18,UPI,Cancelled
O02292,C0700,2025-08-30,UPI,Delivered
O02293,C0024,2025-02-21,UPI,Delivered
O02294,C0595,2025-02-19,Cash on Delivery,Delivered
O02295,C0657,2025-07-05,Cash on Delivery,Delivered
O02296,C0038,2025-11-01,Cash on Delivery,Delivered
O02297,C0685,2025-09-21,UPI,Delivered
O02298,C0567,2025-08-30,Credit Card,Delivered
O02299,C0162,2025-03-24,Debit Card,Delivered
O02300,C0003,2025-05-01,Cash on Delivery,Delivered
O02301,C0618,2025-07-16,Credit Card,Delivered
O02302,C0052,2025-06-18,Cash on Delivery,Delivered
O02303,C0290,2025-01-02,Cash on Delivery,Delivered
O02304,C0833,2025-04-30,Cash on Delivery,Delivered
O02305,C0770,2025-08-12,UPI,Delivered
O02306,C0739,2025-12-21,Cash on Delivery,Delivered
O02307,C0487,2025-10-08,UPI,Delivered
O02308,C0012,2025-09-13,Cash on Delivery,Returned
O02309,C0970,2025-01-09,Debit Card,Delivered
O02310,C0406,2025-10-24,Cash on Delivery,Cancelled
O02311,C0260,2025-04-17,Debit Card,Delivered
O02312,C0530,2025-06-08,Debit Card,Delivered
O02313,C0599,2025-04-06,Cash on Delivery,Delivered
O02314,C0841,2025-09-23,Debit Card,Delivered
O02315,C0560,2025-05-22,UPI,Delivered
O02316,C0269,2025-09-21,Credit Card,Delivered
O02317,C0183,2025-02-11,Debit Card,Delivered
O02318,C0578,2025-02-08,Cash on Delivery,Cancelled
O02319,C0608,2025-08-07,Credit Card,Returned
O02320,C0468,2025-03-24,Credit Card,Delivered
O02321,C0624,2025-01-16,UPI,Returned
O02322,C0631,2025-10-28,Credit Card,Delivered
O02323,C0810,2025-10-17,Debit Card,Delivered
O02324,C0654,2025-01-17,Credit Card,Delivered
O02325,C0470,2025-09-26,Cash on Delivery,Delivered
O02326,C0043,2025-11-13,Debit Card,Returned
O02327,C0512,2025-06-08,Debit Card,Delivered
O02328,C0314,2025-06-08,Credit Card,Delivered
O02329,C0396,2025-01-14,Cash on Delivery,Delivered
O02330,C0655,2025-10-13,Cash on Delivery,Delivered
O02331,C0359,2025-04-20,UPI,Delivered
O02332,C0599,2025-09-14,Cash on Delivery,Delivered
O02333,C0253,2025-03-04,Cash on Delivery,Delivered
O02334,C0848,2025-04-23,Debit Card,Returned
O02335,C0203,2025-12-18,Credit Card,Returned
O02336,C0448,2025-10-05,Debit Card,Delivered
O02337,C0417,2025-11-13,UPI,Returned
O02338,C0550,2025-10-26,Debit Card,Delivered
O02339,C0606,2025-08-02,Credit Card,Delivered
O02340,C0638,2025-11-11,Debit Card,Delivered
O02341,C0342,2025-07-04,UPI,Delivered
O02342,C0393,2025-09-14,Cash on Delivery,Delivered
O02343,C0650,2025-06-22,Credit Card,Delivered
O02344,C0348,2025-07-19,UPI,Delivered
O02345,C0240,2025-08-30,UPI,Delivered
O02346,C0513,2025-12-05,Cash on Delivery,Delivered
O02347,C0279,2025-09-02,Debit Card,Delivered
O02348,C0135,2025-06-11,Credit Card,Returned
O02349,C0962,2025-05-16,Debit Card,Delivered
O02350,C0492,2025-05-10,Debit Card,Cancelled
O02351,C0895,2025-05-27,UPI,Delivered
O02352,C0293,2025-07-31,Cash on Delivery,Delivered
O02353,C0017,2025-05-22,Debit Card,Delivered
O02354,C0972,2025-11-28,Cash on Delivery,Delivered
O02355,C0701,2025-07-16,UPI,Delivered
O02356,C0692,2025-06-07,UPI,Delivered
O02357,C0723,2025-03-29,Credit Card,Delivered
O02358,C0670,2025-09-30,Credit Card,Delivered
O02359,C0297,2025-07-23,UPI,Delivered
O02360,C0463,2025-08-19,Cash on Delivery,Returned
O02361,C0421,2025-06-17,Credit Card,Delivered
O02362,C0694,2025-12-29,Debit Card,Delivered
O02363,C0681,2025-05-11,UPI,Returned
O02364,C0774,2025-10-31,UPI,Delivered
O02365,C0774,2025-05-31,Credit Card,Delivered
O02366,C0424,2025-07-02,Cash on Delivery,Delivered
O02367,C0401,2025-05-16,Debit Card,Delivered
O02368,C0990,2025-02-25,Credit Card,Returned
O02369,C0313,2025-09-04,UPI,Delivered
O02370,C0053,2025-09-16,Credit Card,Delivered
O02371,C0045,2025-04-13,Cash on Delivery,Delivered
O02372,C0670,2025-03-23,Credit Card,Cancelled
O02373,C0763,2025-07-22,Cash on Delivery,Delivered
O02374,C0099,2025-08-21,Cash on Delivery,Returned
O02375,C0036,2025-03-30,Debit Card,Delivered
O02376,C0583,2025-10-07,UPI,Delivered
O02377,C0888,2025-02-25,Cash on Delivery,Delivered
O02378,C0297,2025-04-16,UPI,Delivered
O02379,C0255,2025-06-08,Credit Card,Delivered
O02380,C0112,2025-06-25,Cash on Delivery,Delivered
O02381,C0671,2025-03-29,Cash on Delivery,Cancelled
O02382,C0101,2025-11-23,Cash on Delivery,Returned
O02383,C0817,2025-08-13,Cash on Delivery,Returned
O02384,C0058,2025-04-25,UPI,Delivered
O02385,C0416,2025-02-14,UPI,Returned
O02386,C0500,2025-05-08,Debit Card,Delivered
O02387,C0004,2025-09-03,Credit Card,Delivered
O02388,C0900,2025-04-18,UPI,Delivered
O02389,C0515,2025-09-30,Credit Card,Delivered
O02390,C0135,2025-08-16,UPI,Delivered
O02391,C0162,2025-05-03,Debit Card,Delivered
O02392,C0003,2025-06-15,Credit Card,Delivered
O02393,C0387,2025-03-26,Cash on Delivery,Delivered
O02394,C0481,2025-10-14,Cash on Delivery,Delivered
O02395,C0713,2025-12-06,Cash on Delivery,Delivered
O02396,C0020,2025-09-03,Debit Card,Delivered
O02397,C0323,2025-07-24,Credit Card,Delivered
O02398,C0026,2025-11-02,Credit Card,Delivered
O02399,C0616,2025-02-13,Cash on Delivery,Delivered
O02400,C0315,2025-11-12,Debit Card,Delivered
O02401,C0117,2025-10-06,Debit Card,Delivered
O02402,C0881,2025-06-16,UPI,Delivered
O02403,C0676,2025-07-24,Debit Card,Returned
O02404,C0410,2025-07-12,UPI,Delivered
O02405,C0303,2025-03-15,Cash on Delivery,Delivered
O02406,C0718,2025-12-11,UPI,Returned
O02407,C0986,2025-08-05,UPI,Delivered
O02408,C0095,2025-01-21,Debit Card,Delivered
O02409,C0985,2025-09-25,Credit Card,Returned
O02410,C0967,2025-09-21,UPI,Delivered
O02411,C0838,2025-10-17,Credit Card,Delivered
O02412,C0952,2025-10-20,UPI,Delivered
O02413,C0376,2025-04-04,Credit Card,Delivered
O02414,C0908,2025-04-14,Debit Card,Returned
O02415,C0217,2025-01-04,Debit Card,Returned
O02416,C0660,2025-09-02,Credit Card,Returned
O02417,C0420,2025-05-31,Debit Card,Cancelled
O02418,C0321,2025-12-02,Debit Card,Delivered
O02419,C0222,2025-10-24,Cash on Delivery,Delivered
O02420,C0969,2025-11-01,Credit Card,Delivered
O02421,C0355,2025-06-09,Debit Card,Delivered
O02422,C0335,2025-05-10,Credit Card,Returned
O02423,C0927,2025-04-08,Cash on Delivery,Delivered
O02424,C0746,2025-10-21,Cash on Delivery,Delivered
O02425,C0593,2025-09-29,UPI,Delivered
O02426,C0739,2025-06-30,Cash on Delivery,Returned
O02427,C0604,2025-03-29,Cash on Delivery,Delivered
O02428,C0856,2025-06-13,Credit Card,Delivered
O02429,C0059,2025-02-26,Debit Card,Delivered
O02430,C0898,2025-03-19,Credit Card,Delivered
O02431,C0451,2025-07-30,Cash on Delivery,Delivered
O02432,C0819,2025-05-31,Credit Card,Delivered
O02433,C0417,2025-11-23,Cash on Delivery,Delivered
O02434,C0454,2025-04-13,Debit Card,Delivered
O02435,C0167,2025-04-12,Credit Card,Returned
O02436,C0784,2025-09-22,Debit Card,Cancelled
O02437,C0445,2025-05-08,Credit Card,Delivered
O02438,C0116,2025-05-11,UPI,Delivered
O02439,C0698,2025-11-12,Credit Card,Delivered
O02440,C0393,2025-03-25,UPI,Delivered
O02441,C0913,2025-12-13,Cash on Delivery,Delivered
O02442,C0585,2025-06-04,Credit Card,Delivered
O02443,C0025,2025-04-13,Cash on Delivery,Delivered
O02444,C0031,2025-08-19,Cash on Delivery,Delivered
O02445,C0721,2025-09-11,Credit Card,Delivered
O02446,C0773,2025-04-02,Debit Card,Delivered
O02447,C0168,2025-08-17,Cash on Delivery,Delivered
O02448,C0020,2025-05-23,Cash on Delivery,Delivered
O02449,C0374,2025-12-01,Debit Card,Delivered
O02450,C0106,2025-11-15,Credit Card,Delivered
O02451,C0246,2025-02-10,UPI,Returned
O02452,C0373,2025-10-31,Credit Card,Delivered
O02453,C0531,2025-06-10,Cash on Delivery,Cancelled
O02454,C0579,2025-10-20,Debit Card,Delivered
O02455,C0359,2025-09-06,Credit Card,Delivered
O02456,C0713,2025-09-06,Debit Card,Returned
O02457,C0298,2025-10-02,UPI,Delivered
O02458,C0888,2025-06-23,Debit Card,Delivered
O02459,C0065,2025-11-28,Debit Card,Delivered
O02460,C0767,2025-04-09,Debit Card,Cancelled
O02461,C0902,2025-02-17,Debit Card,Delivered
O02462,C0174,2025-07-10,Credit Card,Delivered
O02463,C0656,2025-03-12,Credit Card,Delivered
O02464,C0245,2025-07-01,Credit Card,Cancelled
O02465,C0949,2025-03-16,Credit Card,Delivered
O02466,C0682,2025-05-21,UPI,Delivered
O02467,C0975,2025-04-20,UPI,Delivered
O02468,C0563,2025-12-18,UPI,Delivered
O02469,C0387,2025-03-31,Credit Card,Delivered
O02470,C0942,2025-05-20,Debit Card,Delivered
O02471,C0712,2025-06-16,Cash on Delivery,Cancelled
O02472,C0712,2025-06-27,Credit Card,Delivered
O02473,C0811,2025-12-04,UPI,Delivered
O02474,C0165,2025-07-03,UPI,Delivered
O02475,C0002,2025-09-29,Credit Card,Delivered
O02476,C0714,2025-02-01,Credit Card,Delivered
O02477,C0052,2025-08-31,Debit Card,Returned
O02478,C0737,2025-05-06,Debit Card,Delivered
O02479,C0169,2025-12-26,UPI,Delivered
O02480,C0521,2025-11-13,Credit Card,Delivered
O02481,C0838,2025-12-07,Credit Card,Delivered
O02482,C0190,2025-09-13,Cash on Delivery,Delivered
O02483,C0489,2025-05-13,UPI,Delivered
O02484,C0217,2025-05-11,UPI,Delivered
O02485,C0252,2025-10-25,Credit Card,Returned
O02486,C0673,2025-03-13,UPI,Delivered
O02487,C0807,2025-08-24,UPI,Cancelled
O02488,C0089,2025-05-30,Credit Card,Delivered
O02489,C0506,2025-08-04,Cash on Delivery,Returned
O02490,C0853,2025-10-12,UPI,Delivered
O02491,C0891,2025-06-24,Cash on Delivery,Delivered
O02492,C0796,2025-04-30,Credit Card,Delivered
O02493,C0006,2025-09-24,UPI,Delivered
O02494,C0143,2025-04-08,UPI,Delivered
O02495,C0252,2025-03-01,Debit Card,Delivered
O02496,C0188,2025-03-26,UPI,Delivered
O02497,C0769,2025-03-02,Credit Card,Delivered
O02498,C0466,2025-04-13,Cash on Delivery,Delivered
O02499,C0304,2025-07-13,Credit Card,Delivered
O02500,C0864,2025-08-01,Credit Card,Delivered
O02501,C0200,2025-08-31,Debit Card,Cancelled
O02502,C0446,2025-10-06,Debit Card,Delivered
O02503,C0264,2025-01-18,Credit Card,Cancelled
O02504,C0740,2025-02-14,UPI,Delivered
O02505,C0731,2025-05-30,Cash on Delivery,Delivered
O02506,C0790,2025-10-19,Debit Card,Delivered
O02507,C0010,2025-04-27,Credit Card,Returned
O02508,C0135,2025-07-08,Cash on Delivery,Delivered
O02509,C0597,2025-11-28,Cash on Delivery,Cancelled
O02510,C0865,2025-05-01,Debit Card,Delivered
O02511,C0707,2025-11-02,Credit Card,Delivered
O02512,C0301,2025-06-01,Credit Card,Cancelled
O02513,C0926,2025-02-14,UPI,Delivered
O02514,C0982,2025-04-13,UPI,Delivered
O02515,C0973,2025-11-16,Cash on Delivery,Delivered
O02516,C0619,2025-10-29,Credit Card,Returned
O02517,C0952,2025-09-22,Debit Card,Delivered
O02518,C0864,2025-03-24,Debit Card,Delivered
O02519,C0376,2025-02-19,Credit Card,Delivered
O02520,C0874,2025-02-25,Debit Card,Cancelled
O02521,C0562,2025-09-30,Debit Card,Delivered
O02522,C0790,2025-05-20,Debit Card,Returned
O02523,C0772,2025-08-06,Cash on Delivery,Delivered
O02524,C0522,2025-11-09,Debit Card,Delivered
O02525,C0701,2025-04-10,UPI,Delivered
O02526,C0765,2025-07-07,Cash on Delivery,Delivered
O02527,C0674,2025-12-02,Debit Card,Delivered
O02528,C0245,2025-09-03,Cash on Delivery,Delivered
O02529,C0649,2025-03-20,UPI,Returned
O02530,C0008,2025-08-21,Credit Card,Delivered
O02531,C0277,2025-03-19,UPI,Delivered
O02532,C0888,2025-11-16,Credit Card,Returned
O02533,C0841,2025-08-29,Credit Card,Delivered
O02534,C0462,2025-06-26,Credit Card,Delivered
O02535,C0250,2025-11-25,UPI,Delivered
O02536,C0562,2025-08-05,Cash on Delivery,Delivered
O02537,C0815,2025-07-29,Credit Card,Delivered
O02538,C0599,2025-08-03,UPI,Delivered
O02539,C0819,2025-03-02,Cash on Delivery,Delivered
O02540,C0624,2025-04-14,Credit Card,Cancelled
O02541,C0187,2025-11-25,Cash on Delivery,Delivered
O02542,C0864,2025-12-27,UPI,Cancelled
O02543,C0381,2025-03-26,Debit Card,Delivered
O02544,C0376,2025-06-23,UPI,Delivered
O02545,C0282,2025-08-10,UPI,Delivered
O02546,C0459,2025-04-11,Debit Card,Delivered
O02547,C0931,2025-05-16,Cash on Delivery,Delivered
O02548,C0709,2025-12-21,Credit Card,Delivered
O02549,C0151,2025-03-24,Credit Card,Cancelled
O02550,C0221,2025-07-08,Cash on Delivery,Delivered
O02551,C0005,2025-11-04,Debit Card,Delivered
O02552,C0176,2025-06-07,Debit Card,Delivered
O02553,C0380,2025-02-13,Debit Card,Delivered
O02554,C0518,2025-04-09,Debit Card,Delivered
O02555,C0476,2025-10-24,Cash on Delivery,Delivered
O02556,C0537,2025-08-23,UPI,Delivered
O02557,C0042,2025-05-28,UPI,Delivered
O02558,C0072,2025-01-25,UPI,Delivered
O02559,C0104,2025-07-23,UPI,Cancelled
O02560,C0699,2025-05-30,Cash on Delivery,Delivered
O02561,C0020,2025-09-24,Credit Card,Delivered
O02562,C0210,2025-11-16,Cash on Delivery,Delivered
O02563,C0877,2025-12-31,Credit Card,Delivered
O02564,C0856,2025-08-20,Cash on Delivery,Delivered
O02565,C0296,2025-03-18,Credit Card,Delivered
O02566,C0140,2025-05-29,Debit Card,Delivered
O02567,C0833,2025-02-01,UPI,Delivered
O02568,C0329,2025-06-26,UPI,Delivered
O02569,C0477,2025-05-24,Cash on Delivery,Delivered
O02570,C0819,2025-08-17,Cash on Delivery,Delivered
O02571,C0876,2025-07-06,UPI,Delivered
O02572,C0644,2025-11-17,UPI,Returned
O02573,C0759,2025-09-05,UPI,Cancelled
O02574,C0780,2025-12-22,Credit Card,Cancelled
O02575,C0720,2025-08-17,UPI,Delivered
O02576,C0918,2025-10-04,Debit Card,Delivered
O02577,C0349,2025-02-24,Credit Card,Delivered
O02578,C0918,2025-03-27,Debit Card,Returned
O02579,C0433,2025-10-22,Credit Card,Cancelled
O02580,C0560,2025-06-20,Credit Card,Cancelled
O02581,C0109,2025-08-25,Cash on Delivery,Returned
O02582,C0336,2025-12-10,UPI,Delivered
O02583,C0309,2025-03-06,Cash on Delivery,Delivered
O02584,C0471,2025-06-26,Credit Card,Delivered
O02585,C0544,2025-09-03,Debit Card,Delivered
O02586,C0463,2025-06-22,Credit Card,Delivered
O02587,C0703,2025-03-09,UPI,Delivered
O02588,C0537,2025-03-15,Credit Card,Delivered
O02589,C0068,2025-09-17,Credit Card,Cancelled
O02590,C0026,2025-07-10,Debit Card,Cancelled
O02591,C0021,2025-05-29,Cash on Delivery,Delivered
O02592,C0575,2025-12-17,UPI,Delivered
O02593,C0643,2025-06-30,Debit Card,Delivered
O02594,C0745,2025-01-05,Credit Card,Delivered
O02595,C0179,2025-02-06,Debit Card,Delivered
O02596,C0771,2025-11-16,Cash on Delivery,Delivered
O02597,C0557,2025-03-07,UPI,Delivered
O02598,C0234,2025-08-18,Credit Card,Delivered
O02599,C0789,2025-06-09,Credit Card,Delivered
O02600,C0626,2025-01-08,Credit Card,Delivered
O02601,C0451,2025-12-13,Debit Card,Delivered
O02602,C0054,2025-02-01,Debit Card,Delivered
O02603,C0282,2025-07-03,Debit Card,Delivered
O02604,C0983,2025-05-06,UPI,Delivered
O02605,C0695,2025-07-17,Credit Card,Delivered
O02606,C0937,2025-08-20,UPI,Returned
O02607,C0899,2025-12-11,UPI,Delivered
O02608,C0061,2025-09-11,Credit Card,Cancelled
O02609,C0644,2025-09-05,Cash on Delivery,Cancelled
O02610,C0899,2025-08-31,Debit Card,Delivered
O02611,C0421,2025-02-09,Cash on Delivery,Delivered
O02612,C0199,2025-02-18,Debit Card,Cancelled
O02613,C0523,2025-12-25,Debit Card,Delivered
O02614,C0716,2025-12-17,Cash on Delivery,Delivered
O02615,C0225,2025-06-03,UPI,Delivered
O02616,C0924,2025-12-25,Cash on Delivery,Returned
O02617,C0167,2025-07-22,UPI,Delivered
O02618,C0986,2025-02-05,Cash on Delivery,Delivered
O02619,C0551,2025-04-01,Credit Card,Delivered
O02620,C0780,2025-03-26,Cash on Delivery,Delivered
O02621,C0572,2025-03-11,Cash on Delivery,Delivered
O02622,C0861,2025-07-24,UPI,Delivered
O02623,C0889,2025-11-26,Cash on Delivery,Returned
O02624,C0038,2025-09-14,Credit Card,Delivered
O02625,C0006,2025-09-14,Debit Card,Delivered
O02626,C0063,2025-06-28,Debit Card,Delivered
O02627,C0896,2025-03-10,UPI,Delivered
O02628,C0589,2025-08-16,Debit Card,Delivered
O02629,C0804,2025-01-24,Cash on Delivery,Cancelled
O02630,C0630,2025-12-21,Credit Card,Delivered
O02631,C0311,2025-08-18,Debit Card,Delivered
O02632,C0034,2025-08-27,Debit Card,Delivered
O02633,C0525,2025-06-05,Credit Card,Delivered
O02634,C0718,2025-03-31,UPI,Delivered
O02635,C0853,2025-04-07,Credit Card,Delivered
O02636,C0331,2025-03-16,Credit Card,Delivered
O02637,C0821,2025-10-13,Debit Card,Delivered
O02638,C0790,2025-01-12,Cash on Delivery,Returned
O02639,C0440,2025-02-03,Credit Card,Delivered
O02640,C0983,2025-07-01,Debit Card,Cancelled
O02641,C0938,2025-03-26,Credit Card,Delivered
O02642,C0126,2025-02-07,Credit Card,Delivered
O02643,C0433,2025-08-19,UPI,Delivered
O02644,C0089,2025-01-16,Cash on Delivery,Delivered
O02645,C0191,2025-12-18,Credit Card,Delivered
O02646,C0274,2025-07-28,Cash on Delivery,Delivered
O02647,C0546,2025-03-12,Debit Card,Delivered
O02648,C0690,2025-01-26,Debit Card,Delivered
O02649,C0987,2025-03-14,UPI,Delivered
O02650,C0467,2025-05-09,Debit Card,Delivered
O02651,C0584,2025-03-05,Cash on Delivery,Returned
O02652,C0781,2025-12-22,UPI,Delivered
O02653,C0747,2025-08-24,Debit Card,Cancelled
O02654,C0271,2025-11-26,Credit Card,Delivered
O02655,C0058,2025-12-14,UPI,Delivered
O02656,C0621,2025-05-12,Credit Card,Delivered
O02657,C0652,2025-06-21,Credit Card,Delivered
O02658,C0557,2025-09-13,Cash on Delivery,Delivered
O02659,C0029,2025-04-28,Credit Card,Delivered
O02660,C0770,2025-01-17,Credit Card,Delivered
O02661,C0911,2025-11-16,Cash on Delivery,Cancelled
O02662,C0372,2025-11-02,Credit Card,Delivered
O02663,C0022,2025-08-07,Credit Card,Delivered
O02664,C0457,2025-11-01,Cash on Delivery,Delivered
O02665,C0782,2025-02-26,Cash on Delivery,Delivered
O02666,C0313,2025-11-22,Debit Card,Returned
O02667,C0954,2025-12-12,Credit Card,Delivered
O02668,C0844,2025-08-30,Cash on Delivery,Delivered
O02669,C0668,2025-10-29,Credit Card,Delivered
O02670,C0469,2025-06-20,Debit Card,Delivered
O02671,C0265,2025-09-09,Debit Card,Delivered
O02672,C0321,2025-10-30,Cash on Delivery,Delivered
O02673,C0108,2025-12-15,UPI,Delivered
O02674,C0866,2025-03-23,Cash on Delivery,Returned
O02675,C0384,2025-10-12,Debit Card,Returned
O02676,C0870,2025-03-20,Debit Card,Delivered
O02677,C0614,2025-01-13,Cash on Delivery,Delivered
O02678,C0090,2025-12-20,Credit Card,Delivered
O02679,C0642,2025-12-15,Credit Card,Delivered
O02680,C0637,2025-05-30,Debit Card,Delivered
O02681,C0472,2025-09-16,Debit Card,Delivered
O02682,C0526,2025-03-12,Cash on Delivery,Delivered
O02683,C0394,2025-08-09,Debit Card,Delivered
O02684,C0908,2025-07-21,Debit Card,Cancelled
O02685,C0936,2025-11-05,Cash on Delivery,Returned
O02686,C0135,2025-03-09,Credit Card,Delivered
O02687,C0987,2025-11-25,Credit Card,Delivered
O02688,C0228,2025-06-12,Cash on Delivery,Cancelled
O02689,C0904,2025-11-27,UPI,Delivered
O02690,C0018,2025-08-22,Cash on Delivery,Cancelled
O02691,C0240,2025-05-30,Cash on Delivery,Returned
O02692,C0581,2025-06-04,Credit Card,Delivered
O02693,C0394,2025-04-27,Cash on Delivery,Delivered
O02694,C0607,2025-09-13,Debit Card,Delivered
O02695,C0429,2025-11-28,Debit Card,Delivered
O02696,C0157,2025-04-04,Cash on Delivery,Delivered
O02697,C0330,2025-11-15,Debit Card,Delivered
O02698,C0690,2025-01-19,Debit Card,Delivered
O02699,C0387,2025-04-29,Debit Card,Delivered
O02700,C0987,2025-08-14,Credit Card,Delivered
O02701,C0038,2025-10-12,UPI,Delivered
O02702,C0767,2025-11-05,Credit Card,Returned
O02703,C0753,2025-12-09,UPI,Delivered
O02704,C0995,2025-12-27,Cash on Delivery,Delivered
O02705,C0121,2025-02-19,Cash on Delivery,Cancelled
O02706,C0263,2025-08-06,Debit Card,Delivered
O02707,C0693,2025-11-04,Cash on Delivery,Delivered
O02708,C0854,2025-12-22,Credit Card,Cancelled
O02709,C0133,2025-10-05,UPI,Delivered
O02710,C0384,2025-03-21,Credit Card,Delivered
O02711,C0710,2025-10-29,UPI,Delivered
O02712,C0599,2025-02-09,Cash on Delivery,Delivered
O02713,C0557,2025-08-03,Debit Card,Delivered
O02714,C0298,2025-08-16,Credit Card,Delivered
O02715,C0597,2025-08-20,Debit Card,Cancelled
O02716,C0642,2025-02-18,Cash on Delivery,Delivered
O02717,C0396,2025-10-11,Cash on Delivery,Cancelled
O02718,C0272,2025-04-14,Credit Card,Returned
O02719,C0035,2025-10-02,UPI,Cancelled
O02720,C0826,2025-06-05,Credit Card,Delivered
O02721,C0280,2025-02-28,Debit Card,Delivered
O02722,C0083,2025-06-22,Debit Card,Delivered
O02723,C0500,2025-09-25,UPI,Delivered
O02724,C0429,2025-01-03,UPI,Delivered
O02725,C0002,2025-05-17,UPI,Delivered
O02726,C0454,2025-04-15,Credit Card,Delivered
O02727,C0708,2025-01-17,UPI,Returned
O02728,C0922,2025-02-16,Debit Card,Delivered
O02729,C0017,2025-10-24,Debit Card,Delivered
O02730,C0451,2025-04-30,Credit Card,Delivered
O02731,C0445,2025-04-12,Debit Card,Delivered
O02732,C0093,2025-08-31,Cash on Delivery,Delivered
O02733,C0789,2025-06-10,Cash on Delivery,Delivered
O02734,C0837,2025-05-17,Credit Card,Delivered
O02735,C0106,2025-03-21,Cash on Delivery,Returned
O02736,C0528,2025-03-26,Cash on Delivery,Cancelled
O02737,C0971,2025-10-30,Debit Card,Returned
O02738,C0122,2025-11-01,Cash on Delivery,Delivered
O02739,C0072,2025-06-07,Credit Card,Delivered
O02740,C0483,2025-02-09,Debit Card,Delivered
O02741,C0398,2025-03-31,UPI,Delivered
O02742,C0086,2025-06-07,Debit Card,Delivered
O02743,C0462,2025-07-15,Cash on Delivery,Delivered
O02744,C0507,2025-07-19,UPI,Delivered
O02745,C0103,2025-01-12,Credit Card,Delivered
O02746,C0025,2025-09-14,Credit Card,Delivered
O02747,C0195,2025-09-17,Cash on Delivery,Delivered
O02748,C0708,2025-04-16,Cash on Delivery,Delivered
O02749,C0538,2025-07-12,Debit Card,Delivered
O02750,C0351,2025-02-15,Credit Card,Delivered
O02751,C0947,2025-06-28,UPI,Cancelled
O02752,C0727,2025-01-21,Debit Card,Delivered
O02753,C0765,2025-08-11,Debit Card,Delivered
O02754,C0218,2025-12-06,Debit Card,Delivered
O02755,C0780,2025-07-29,UPI,Delivered
O02756,C0401,2025-07-10,UPI,Cancelled
O02757,C0592,2025-01-23,Debit Card,Delivered
O02758,C0428,2025-03-20,UPI,Delivered
O02759,C0073,2025-10-22,Credit Card,Delivered
O02760,C0896,2025-09-02,UPI,Delivered
O02761,C0362,2025-12-13,UPI,Delivered
O02762,C0699,2025-01-30,UPI,Delivered
O02763,C0434,2025-12-05,Debit Card,Delivered
O02764,C0877,2025-09-10,Debit Card,Delivered
O02765,C0335,2025-10-09,Cash on Delivery,Delivered
O02766,C0193,2025-06-09,Credit Card,Delivered
O02767,C0311,2025-05-22,Credit Card,Delivered
O02768,C0248,2025-12-11,Credit Card,Delivered
O02769,C0276,2025-03-03,Cash on Delivery,Delivered
O02770,C0369,2025-02-13,Cash on Delivery,Delivered
O02771,C0218,2025-06-15,Credit Card,Delivered
O02772,C0760,2025-01-20,Debit Card,Delivered
O02773,C0615,2025-02-03,Cash on Delivery,Returned
O02774,C0710,2025-05-10,UPI,Delivered
O02775,C0818,2025-11-07,Cash on Delivery,Delivered
O02776,C0593,2025-11-13,Cash on Delivery,Delivered
O02777,C0203,2025-05-07,Cash on Delivery,Delivered
O02778,C0478,2025-02-01,Debit Card,Delivered
O02779,C0329,2025-09-25,UPI,Delivered
O02780,C0961,2025-03-08,Cash on Delivery,Delivered
O02781,C0520,2025-04-25,UPI,Delivered
O02782,C0743,2025-11-02,Cash on Delivery,Delivered
O02783,C0306,2025-12-16,Credit Card,Delivered
O02784,C0481,2025-08-08,Credit Card,Delivered
O02785,C0099,2025-03-20,Debit Card,Returned
O02786,C0084,2025-04-27,Cash on Delivery,Returned
O02787,C0500,2025-09-27,UPI,Delivered
O02788,C0712,2025-03-26,Cash on Delivery,Delivered
O02789,C0579,2025-06-20,Credit Card,Delivered
O02790,C0882,2025-12-05,Debit Card,Delivered
O02791,C0395,2025-12-12,Credit Card,Returned
O02792,C0098,2025-11-03,Credit Card,Returned
O02793,C0409,2025-02-17,Cash on Delivery,Delivered
O02794,C0855,2025-06-26,UPI,Delivered
O02795,C0202,2025-07-11,Cash on Delivery,Delivered
O02796,C0462,2025-11-12,Credit Card,Returned
O02797,C0424,2025-12-11,Debit Card,Delivered
O02798,C0897,2025-12-17,Credit Card,Returned
O02799,C0853,2025-12-04,Credit Card,Delivered
O02800,C0210,2025-08-01,Cash on Delivery,Delivered
O02801,C0599,2025-07-22,Credit Card,Delivered
O02802,C0603,2025-04-18,UPI,Delivered
O02803,C0825,2025-01-16,Cash on Delivery,Delivered
O02804,C0891,2025-09-04,Cash on Delivery,Delivered
O02805,C0892,2025-08-16,Cash on Delivery,Delivered
O02806,C0569,2025-09-17,Cash on Delivery,Delivered
O02807,C0003,2025-12-28,Credit Card,Delivered
O02808,C0794,2025-12-14,UPI,Delivered
O02809,C0268,2025-04-27,Debit Card,Returned
O02810,C0892,2025-11-21,Cash on Delivery,Delivered
O02811,C0676,2025-02-06,Cash on Delivery,Delivered
O02812,C0851,2025-09-04,Cash on Delivery,Delivered
O02813,C0856,2025-12-23,UPI,Delivered
O02814,C0525,2025-01-01,Cash on Delivery,Delivered
O02815,C0616,2025-09-14,Cash on Delivery,Delivered
O02816,C0846,2025-02-08,Debit Card,Delivered
O02817,C0439,2025-09-10,Cash on Delivery,Delivered
O02818,C0220,2025-07-18,Debit Card,Delivered
O02819,C0956,2025-05-14,Cash on Delivery,Delivered
O02820,C0283,2025-03-15,Cash on Delivery,Delivered
O02821,C0852,2025-07-24,Debit Card,Delivered
O02822,C0234,2025-04-30,Cash on Delivery,Delivered
O02823,C0910,2025-06-15,Cash on Delivery,Delivered
O02824,C0934,2025-06-27,Debit Card,Cancelled
O02825,C0606,2025-08-02,Credit Card,Delivered
O02826,C0246,2025-09-20,Credit Card,Delivered
O02827,C0068,2025-11-20,UPI,Delivered
O02828,C0402,2025-01-27,Credit Card,Returned
O02829,C0901,2025-02-21,Cash on Delivery,Delivered
O02830,C0364,2025-07-20,Debit Card,Delivered
O02831,C0527,2025-09-25,UPI,Delivered
O02832,C0638,2025-11-06,Cash on Delivery,Delivered
O02833,C0510,2025-12-18,UPI,Returned
O02834,C0062,2025-12-16,Debit Card,Returned
O02835,C0794,2025-12-22,Credit Card,Delivered
O02836,C0429,2025-09-12,Credit Card,Delivered
O02837,C0041,2025-05-23,Debit Card,Delivered
O02838,C0728,2025-06-13,UPI,Delivered
O02839,C0681,2025-03-07,Credit Card,Cancelled
O02840,C0759,2025-01-06,Debit Card,Delivered
O02841,C0301,2025-05-08,Cash on Delivery,Delivered
O02842,C0749,2025-02-17,UPI,Delivered
O02843,C0968,2025-04-16,Debit Card,Returned
O02844,C0422,2025-10-27,UPI,Delivered
O02845,C0627,2025-02-23,Debit Card,Delivered
O02846,C0449,2025-09-09,Cash on Delivery,Cancelled
O02847,C0011,2025-05-20,Cash on Delivery,Delivered
O02848,C0175,2025-05-20,Credit Card,Delivered
O02849,C0928,2025-05-27,Cash on Delivery,Returned
O02850,C0693,2025-08-31,UPI,Delivered
O02851,C0255,2025-03-11,Cash on Delivery,Delivered
O02852,C0666,2025-11-06,UPI,Returned
O02853,C0305,2025-07-19,UPI,Delivered
O02854,C0706,2025-05-06,Cash on Delivery,Delivered
O02855,C0749,2025-06-26,Credit Card,Delivered
O02856,C0426,2025-05-20,UPI,Delivered
O02857,C0429,2025-08-14,UPI,Delivered
O02858,C0682,2025-01-08,Credit Card,Delivered
O02859,C0708,2025-04-18,Debit Card,Delivered
O02860,C0326,2025-04-03,Debit Card,Delivered
O02861,C0928,2025-10-31,Credit Card,Delivered
O02862,C0476,2025-10-24,Debit Card,Delivered
O02863,C0874,2025-03-12,Debit Card,Delivered
O02864,C0281,2025-12-15,Cash on Delivery,Delivered
O02865,C0051,2025-07-23,Credit Card,Delivered
O02866,C0028,2025-07-17,Credit Card,Delivered
O02867,C0704,2025-06-05,UPI,Cancelled
O02868,C0502,2025-11-17,Credit Card,Cancelled
O02869,C0183,2025-05-25,Cash on Delivery,Delivered
O02870,C0506,2025-10-14,UPI,Returned
O02871,C0271,2025-10-12,Debit Card,Delivered
O02872,C0961,2025-11-23,Debit Card,Delivered
O02873,C0447,2025-03-24,Cash on Delivery,Delivered
O02874,C0656,2025-11-23,Credit Card,Returned
O02875,C0368,2025-12-03,Cash on Delivery,Delivered
O02876,C0840,2025-09-22,Debit Card,Delivered
O02877,C0212,2025-07-03,UPI,Delivered
O02878,C0505,2025-05-26,Cash on Delivery,Delivered
O02879,C0797,2025-05-04,Debit Card,Delivered
O02880,C0174,2025-11-03,Cash on Delivery,Cancelled
O02881,C0103,2025-10-20,Debit Card,Delivered
O02882,C0962,2025-09-13,Credit Card,Delivered
O02883,C0358,2025-05-27,Credit Card,Delivered
O02884,C0581,2025-06-30,Cash on Delivery,Delivered
O02885,C0448,2025-08-22,Cash on Delivery,Delivered
O02886,C0723,2025-04-10,Cash on Delivery,Delivered
O02887,C0475,2025-07-16,Credit Card,Delivered
O02888,C0400,2025-07-24,UPI,Delivered
O02889,C0756,2025-09-29,Credit Card,Delivered
O02890,C0962,2025-12-18,UPI,Delivered
O02891,C0513,2025-12-17,Cash on Delivery,Returned
O02892,C0881,2025-06-06,Credit Card,Returned
O02893,C0283,2025-02-15,Credit Card,Delivered
O02894,C0223,2025-08-23,Cash on Delivery,Returned
O02895,C0323,2025-08-08,Cash on Delivery,Delivered
O02896,C0216,2025-12-21,Debit Card,Delivered
O02897,C0198,2025-10-21,Debit Card,Delivered
O02898,C0969,2025-01-23,Credit Card,Delivered
O02899,C0502,2025-11-02,Debit Card,Delivered
O02900,C0804,2025-02-23,Debit Card,Returned
O02901,C0440,2025-01-06,Credit Card,Delivered
O02902,C0999,2025-11-20,Cash on Delivery,Delivered
O02903,C0883,2025-07-17,UPI,Delivered
O02904,C0180,2025-12-07,Debit Card,Delivered
O02905,C0640,2025-04-23,Cash on Delivery,Delivered
O02906,C0260,2025-06-19,UPI,Cancelled
O02907,C0190,2025-10-25,Cash on Delivery,Returned
O02908,C0470,2025-08-12,Credit Card,Delivered
O02909,C0152,2025-05-31,Cash on Delivery,Delivered
O02910,C0069,2025-03-01,UPI,Delivered
O02911,C0971,2025-04-09,UPI,Delivered
O02912,C0718,2025-01-01,Cash on Delivery,Delivered
O02913,C0754,2025-11-30,Cash on Delivery,Delivered
O02914,C0884,2025-12-26,Cash on Delivery,Delivered
O02915,C0585,2025-07-05,Debit Card,Delivered
O02916,C0049,2025-08-30,Cash on Delivery,Cancelled
O02917,C0155,2025-05-25,Cash on Delivery,Delivered
O02918,C0876,2025-01-02,Debit Card,Delivered
O02919,C0749,2025-02-07,UPI,Delivered
O02920,C0094,2025-09-06,UPI,Returned
O02921,C0181,2025-09-01,Cash on Delivery,Returned
O02922,C0793,2025-11-30,UPI,Delivered
O02923,C0649,2025-02-15,Debit Card,Delivered
O02924,C0804,2025-09-30,UPI,Delivered
O02925,C0096,2025-09-25,Cash on Delivery,Delivered
O02926,C0135,2025-07-31,UPI,Delivered
O02927,C0973,2025-02-04,Cash on Delivery,Delivered
O02928,C0960,2025-06-08,Credit Card,Delivered
O02929,C0068,2025-10-03,Cash on Delivery,Delivered
O02930,C0058,2025-06-04,UPI,Returned
O02931,C0272,2025-05-10,Debit Card,Delivered
O02932,C0455,2025-04-26,UPI,Returned
O02933,C0804,2025-04-15,Cash on Delivery,Delivered
O02934,C0651,2025-02-22,Debit Card,Returned
O02935,C0115,2025-03-04,Credit Card,Delivered
O02936,C0470,2025-06-21,UPI,Delivered
O02937,C0973,2025-03-20,Cash on Delivery,Delivered
O02938,C0625,2025-08-04,Debit Card,Cancelled
O02939,C0034,2025-10-13,UPI,Delivered
O02940,C0560,2025-07-11,UPI,Cancelled
O02941,C0227,2025-08-27,Debit Card,Delivered
O02942,C0912,2025-07-07,Credit Card,Delivered
O02943,C0168,2025-03-12,Debit Card,Delivered
O02944,C0268,2025-03-26,Cash on Delivery,Delivered
O02945,C0973,2025-11-26,UPI,Delivered
O02946,C0917,2025-01-07,Cash on Delivery,Delivered
O02947,C0731,2025-08-28,Debit Card,Delivered
O02948,C0151,2025-01-06,Debit Card,Cancelled
O02949,C0289,2025-05-08,Credit Card,Delivered
O02950,C0824,2025-06-05,UPI,Delivered
O02951,C0062,2025-11-21,Credit Card,Delivered
O02952,C0519,2025-03-30,Cash on Delivery,Delivered
O02953,C0984,2025-08-29,Credit Card,Delivered
O02954,C0018,2025-12-11,Credit Card,Delivered
O02955,C0550,2025-05-18,UPI,Delivered
O02956,C0129,2025-04-09,UPI,Delivered
O02957,C0908,2025-05-16,UPI,Delivered
O02958,C0059,2025-08-30,Cash on Delivery,Delivered
O02959,C0703,2025-04-02,Credit Card,Delivered
O02960,C0777,2025-05-14,Debit Card,Returned
O02961,C0636,2025-09-09,Debit Card,Delivered
O02962,C0354,2025-07-12,UPI,Returned
O02963,C0228,2025-04-12,Credit Card,Delivered
O02964,C0814,2025-07-31,Cash on Delivery,Delivered
O02965,C0377,2025-02-21,Credit Card,Delivered
O02966,C0322,2025-05-02,Credit Card,Delivered
O02967,C0488,2025-04-15,Cash on Delivery,Delivered
O02968,C0273,2025-04-08,Cash on Delivery,Delivered
O02969,C0939,2025-06-09,Credit Card,Delivered
O02970,C0381,2025-07-15,Debit Card,Delivered
O02971,C0791,2025-07-18,Cash on Delivery,Delivered
O02972,C0928,2025-07-25,Cash on Delivery,Delivered
O02973,C0808,2025-02-18,Credit Card,Delivered
O02974,C0035,2025-12-18,Credit Card,Delivered
O02975,C0970,2025-02-07,Credit Card,Delivered
O02976,C0662,2025-07-31,Cash on Delivery,Cancelled
O02977,C0201,2025-08-20,UPI,Delivered
O02978,C0750,2025-09-27,Cash on Delivery,Cancelled
O02979,C0301,2025-10-25,Debit Card,Delivered
O02980,C0248,2025-12-05,Debit Card,Cancelled
O02981,C0511,2025-04-16,Cash on Delivery,Delivered
O02982,C0847,2025-02-12,Cash on Delivery,Delivered
O02983,C0912,2025-08-09,Cash on Delivery,Delivered
O02984,C0554,2025-08-14,UPI,Delivered
O02985,C0882,2025-06-05,UPI,Delivered
O02986,C0919,2025-07-18,Credit Card,Returned
O02987,C0554,2025-12-24,Debit Card,Delivered
O02988,C0251,2025-03-13,UPI,Delivered
O02989,C0265,2025-03-30,Credit Card,Cancelled
O02990,C0240,2025-02-14,Credit Card,Delivered
O02991,C0779,2025-01-10,UPI,Delivered
O02992,C0079,2025-08-20,Credit Card,Delivered
O02993,C0607,2025-11-25,Credit Card,Delivered
O02994,C0419,2025-10-02,Cash on Delivery,Delivered
O02995,C0407,2025-10-12,Cash on Delivery,Delivered
O02996,C0493,2025-03-28,Debit Card,Delivered
O02997,C0187,2025-10-10,UPI,Delivered
O02998,C0556,2025-11-16,Credit Card,Returned
O02999,C0976,2025-09-29,UPI,Delivered
O03000,C0825,2025-12-18,Cash on Delivery,Cancelled
O03001,C0072,2025-11-24,UPI,Cancelled
O03002,C0804,2025-10-04,Cash on Delivery,Delivered
O03003,C0788,2025-08-07,UPI,Delivered
O03004,C0938,2025-05-21,Credit Card,Delivered
O03005,C0385,2025-09-29,Debit Card,Delivered
O03006,C0168,2025-06-05,Credit Card,Delivered
O03007,C0846,2025-04-09,Credit Card,Delivered
O03008,C0658,2025-01-11,UPI,Delivered
O03009,C0691,2025-11-27,Cash on Delivery,Delivered
O03010,C0975,2025-09-10,Credit Card,Delivered
O03011,C0972,2025-12-10,Debit Card,Delivered
O03012,C0440,2025-05-21,Debit Card,Delivered
O03013,C0084,2025-10-03,Cash on Delivery,Cancelled
O03014,C0652,2025-11-28,UPI,Delivered
O03015,C0810,2025-08-24,Credit Card,Delivered
O03016,C0566,2025-03-04,Cash on Delivery,Delivered
O03017,C0661,2025-07-13,Debit Card,Delivered
O03018,C0406,2025-04-01,Cash on Delivery,Delivered
O03019,C0204,2025-07-28,Cash on Delivery,Delivered
O03020,C0930,2025-03-01,UPI,Delivered
O03021,C0297,2025-02-11,Cash on Delivery,Delivered
O03022,C0008,2025-04-19,UPI,Delivered
O03023,C0677,2025-01-30,UPI,Delivered
O03024,C0547,2025-01-18,Debit Card,Delivered
O03025,C0562,2025-02-22,UPI,Delivered
O03026,C0688,2025-02-03,UPI,Delivered
O03027,C0216,2025-03-08,UPI,Delivered
O03028,C0082,2025-02-01,Debit Card,Delivered
O03029,C0623,2025-05-28,Cash on Delivery,Delivered
O03030,C0034,2025-03-26,UPI,Delivered
O03031,C0670,2025-03-09,Cash on Delivery,Delivered
O03032,C0343,2025-07-23,UPI,Delivered
O03033,C0805,2025-04-28,Credit Card,Delivered
O03034,C0482,2025-03-17,Debit Card,Delivered
O03035,C0823,2025-07-23,UPI,Delivered
O03036,C0458,2025-07-11,Debit Card,Delivered
O03037,C0137,2025-02-14,Cash on Delivery,Cancelled
O03038,C0448,2025-10-16,Credit Card,Delivered
O03039,C0721,2025-09-27,Cash on Delivery,Delivered
O03040,C0246,2025-08-22,Credit Card,Delivered
O03041,C0722,2025-12-18,Cash on Delivery,Delivered
O03042,C0882,2025-06-23,UPI,Returned
O03043,C0551,2025-01-23,Cash on Delivery,Delivered
O03044,C0820,2025-01-05,Cash on Delivery,Delivered
O03045,C0344,2025-09-10,Credit Card,Delivered
O03046,C0618,2025-03-15,Debit Card,Delivered
O03047,C0259,2025-04-12,Debit Card,Delivered
O03048,C0865,2025-02-17,UPI,Delivered
O03049,C0587,2025-05-05,Credit Card,Cancelled
O03050,C0126,2025-03-25,Credit Card,Delivered
O03051,C0759,2025-03-19,UPI,Delivered
O03052,C0643,2025-09-22,Debit Card,Delivered
O03053,C0714,2025-01-28,Cash on Delivery,Delivered
O03054,C0091,2025-02-01,Cash on Delivery,Delivered
O03055,C0907,2025-01-18,UPI,Cancelled
O03056,C0743,2025-04-05,Credit Card,Delivered
O03057,C0648,2025-09-28,Cash on Delivery,Delivered
O03058,C0655,2025-04-16,UPI,Delivered
O03059,C0178,2025-03-31,UPI,Cancelled
O03060,C0123,2025-11-12,Cash on Delivery,Returned
O03061,C0046,2025-01-19,Credit Card,Delivered
O03062,C0660,2025-10-11,Credit Card,Delivered
O03063,C0923,2025-10-10,UPI,Cancelled
O03064,C0710,2025-10-20,Debit Card,Delivered
O03065,C0615,2025-09-19,Debit Card,Delivered
O03066,C0574,2025-06-20,Cash on Delivery,Delivered
O03067,C0122,2025-06-10,UPI,Delivered
O03068,C0061,2025-06-16,UPI,Delivered
O03069,C0526,2025-05-19,Credit Card,Cancelled
O03070,C0052,2025-12-17,Cash on Delivery,Delivered
O03071,C0638,2025-11-05,Credit Card,Delivered
O03072,C0754,2025-07-23,Credit Card,Delivered
O03073,C0133,2025-03-16,Cash on Delivery,Delivered
O03074,C0281,2025-11-25,Debit Card,Returned
O03075,C0508,2025-05-29,Credit Card,Delivered
O03076,C0183,2025-11-12,UPI,Cancelled
O03077,C0463,2025-04-12,Debit Card,Delivered
O03078,C0852,2025-06-20,Credit Card,Delivered
O03079,C0570,2025-05-30,Credit Card,Returned
O03080,C0671,2025-07-25,Cash on Delivery,Delivered
O03081,C0209,2025-01-21,UPI,Delivered
O03082,C0814,2025-10-06,UPI,Returned
O03083,C0189,2025-08-15,UPI,Delivered
O03084,C0483,2025-11-07,Credit Card,Delivered
O03085,C0329,2025-08-25,Debit Card,Delivered
O03086,C0124,2025-06-29,Credit Card,Cancelled
O03087,C0753,2025-05-10,Credit Card,Returned
O03088,C0027,2025-10-02,Credit Card,Delivered
O03089,C0747,2025-02-18,UPI,Delivered
O03090,C0495,2025-08-04,Debit Card,Delivered
O03091,C0884,2025-12-09,Cash on Delivery,Cancelled
O03092,C0799,2025-07-25,UPI,Delivered
O03093,C0544,2025-11-30,Cash on Delivery,Delivered
O03094,C0917,2025-12-08,Debit Card,Returned
O03095,C0551,2025-05-28,Debit Card,Delivered
O03096,C0114,2025-01-20,Cash on Delivery,Delivered
O03097,C0965,2025-09-02,Credit Card,Cancelled
O03098,C0110,2025-10-13,Credit Card,Delivered
O03099,C0244,2025-08-18,UPI,Delivered
O03100,C0026,2025-11-02,Debit Card,Delivered
O03101,C0780,2025-08-26,Cash on Delivery,Cancelled
O03102,C0646,2025-05-25,Debit Card,Delivered
O03103,C0857,2025-06-22,Debit Card,Delivered
O03104,C0103,2025-01-11,Debit Card,Delivered
O03105,C0993,2025-07-13,Debit Card,Cancelled
O03106,C0022,2025-07-09,Cash on Delivery,Delivered
O03107,C0317,2025-08-27,Credit Card,Delivered
O03108,C0111,2025-01-12,UPI,Cancelled
O03109,C0803,2025-04-11,Credit Card,Delivered
O03110,C0385,2025-05-27,Credit Card,Returned
O03111,C0551,2025-05-07,UPI,Delivered
O03112,C0018,2025-01-01,Debit Card,Delivered
O03113,C0168,2025-09-05,UPI,Delivered
O03114,C0303,2025-12-20,Cash on Delivery,Delivered
O03115,C0373,2025-04-07,Credit Card,Delivered
O03116,C0332,2025-12-31,Cash on Delivery,Delivered
O03117,C0380,2025-05-17,Cash on Delivery,Delivered
O03118,C0893,2025-12-18,Cash on Delivery,Cancelled
O03119,C0164,2025-03-22,Cash on Delivery,Delivered
O03120,C0469,2025-12-21,Credit Card,Cancelled
O03121,C0058,2025-09-17,Cash on Delivery,Delivered
O03122,C0165,2025-08-11,Credit Card,Delivered
O03123,C0440,2025-10-20,Cash on Delivery,Delivered
O03124,C0192,2025-02-01,Debit Card,Returned
O03125,C0464,2025-11-06,Credit Card,Delivered
O03126,C0694,2025-10-19,Credit Card,Delivered
O03127,C0254,2025-09-05,Cash on Delivery,Delivered
O03128,C0750,2025-12-09,Cash on Delivery,Delivered
O03129,C0066,2025-10-16,Debit Card,Delivered
O03130,C0322,2025-03-12,Credit Card,Delivered
O03131,C0062,2025-01-20,Debit Card,Delivered
O03132,C0738,2025-10-13,Credit Card,Delivered
O03133,C0083,2025-03-23,UPI,Delivered
O03134,C0639,2025-09-20,Debit Card,Delivered
O03135,C0410,2025-08-15,Cash on Delivery,Returned
O03136,C0198,2025-02-08,Credit Card,Delivered
O03137,C0007,2025-11-01,Cash on Delivery,Delivered
O03138,C0155,2025-04-26,Cash on Delivery,Returned
O03139,C0329,2025-01-20,Credit Card,Delivered
O03140,C0825,2025-09-13,Cash on Delivery,Delivered
O03141,C0733,2025-04-26,Credit Card,Cancelled
O03142,C0614,2025-08-09,Debit Card,Delivered
O03143,C0163,2025-01-25,Debit Card,Delivered
O03144,C0361,2025-02-15,Credit Card,Returned
O03145,C0472,2025-07-01,UPI,Delivered
O03146,C0009,2025-08-11,Credit Card,Delivered
O03147,C0559,2025-09-15,Cash on Delivery,Delivered
O03148,C0735,2025-04-05,Cash on Delivery,Delivered
O03149,C0880,2025-05-27,Cash on Delivery,Returned
O03150,C0842,2025-02-20,Debit Card,Delivered
O03151,C0546,2025-11-15,UPI,Cancelled
O03152,C0371,2025-06-14,Credit Card,Cancelled
O03153,C0942,2025-04-29,Credit Card,Returned
O03154,C0657,2025-08-06,Debit Card,Cancelled
O03155,C0483,2025-09-30,Credit Card,Delivered
O03156,C0519,2025-04-25,Credit Card,Delivered
O03157,C0663,2025-07-08,Debit Card,Delivered
O03158,C0271,2025-11-16,Credit Card,Delivered
O03159,C0143,2025-05-02,Cash on Delivery,Delivered
O03160,C0464,2025-01-10,UPI,Delivered
O03161,C0646,2025-08-17,Cash on Delivery,Delivered
O03162,C0445,2025-10-25,Cash on Delivery,Delivered
O03163,C0709,2025-03-01,UPI,Delivered
O03164,C0607,2025-06-26,Cash on Delivery,Cancelled
O03165,C0901,2025-01-29,Debit Card,Delivered
O03166,C0499,2025-01-26,Cash on Delivery,Delivered
O03167,C0314,2025-04-18,Debit Card,Delivered
O03168,C0164,2025-05-12,Credit Card,Delivered
O03169,C0673,2025-01-17,UPI,Delivered
O03170,C0267,2025-03-06,UPI,Delivered
O03171,C0656,2025-09-23,Credit Card,Delivered
O03172,C0803,2025-09-03,Credit Card,Returned
O03173,C0088,2025-03-20,UPI,Delivered
O03174,C0891,2025-11-26,Cash on Delivery,Delivered
O03175,C0315,2025-04-03,Credit Card,Delivered
O03176,C0934,2025-01-24,Credit Card,Delivered
O03177,C0664,2025-05-27,Cash on Delivery,Delivered
O03178,C0851,2025-11-10,Debit Card,Returned
O03179,C0801,2025-04-19,Debit Card,Delivered
O03180,C0385,2025-03-09,Cash on Delivery,Delivered
O03181,C0950,2025-06-11,UPI,Delivered
O03182,C0561,2025-07-15,UPI,Delivered
O03183,C0506,2025-08-12,Debit Card,Returned
O03184,C0012,2025-03-28,Credit Card,Delivered
O03185,C0563,2025-04-17,UPI,Delivered
O03186,C0676,2025-05-18,UPI,Returned
O03187,C0526,2025-07-18,Credit Card,Delivered
O03188,C0344,2025-12-09,Cash on Delivery,Delivered
O03189,C0794,2025-07-02,Cash on Delivery,Delivered
O03190,C0720,2025-01-18,Credit Card,Delivered
O03191,C0728,2025-12-05,Credit Card,Delivered
O03192,C0071,2025-06-18,UPI,Delivered
O03193,C0528,2025-11-25,Debit Card,Delivered
O03194,C0712,2025-02-15,UPI,Delivered
O03195,C0399,2025-08-31,Cash on Delivery,Delivered
O03196,C0483,2025-10-14,Debit Card,Returned
O03197,C0383,2025-11-04,Cash on Delivery,Delivered
O03198,C0565,2025-01-25,UPI,Delivered
O03199,C0702,2025-04-18,UPI,Cancelled
O03200,C0638,2025-04-05,Debit Card,Delivered
O03201,C0727,2025-04-18,UPI,Delivered
O03202,C0333,2025-05-04,UPI,Delivered
O03203,C0191,2025-02-16,Credit Card,Delivered
O03204,C0256,2025-10-20,Debit Card,Delivered
O03205,C0901,2025-08-07,Debit Card,Delivered
O03206,C0266,2025-02-19,Debit Card,Cancelled
O03207,C0448,2025-09-30,UPI,Delivered
O03208,C0443,2025-08-15,UPI,Delivered
O03209,C0706,2025-12-05,Debit Card,Delivered
O03210,C0318,2025-02-13,Debit Card,Delivered
O03211,C0365,2025-05-09,UPI,Delivered
O03212,C0814,2025-12-31,Debit Card,Delivered
O03213,C0723,2025-01-20,Debit Card,Cancelled
O03214,C0798,2025-07-27,Cash on Delivery,Delivered
O03215,C0362,2025-03-19,Credit Card,Delivered
O03216,C0475,2025-05-04,UPI,Delivered
O03217,C0380,2025-03-10,Debit Card,Cancelled
O03218,C0403,2025-09-01,Credit Card,Delivered
O03219,C0921,2025-03-14,UPI,Delivered
O03220,C0593,2025-01-03,Debit Card,Returned
O03221,C0564,2025-10-31,UPI,Delivered
O03222,C0517,2025-04-23,UPI,Delivered
O03223,C0949,2025-09-28,Debit Card,Delivered
O03224,C0614,2025-08-15,Debit Card,Delivered
O03225,C0134,2025-12-26,Cash on Delivery,Returned
O03226,C0783,2025-04-14,Debit Card,Cancelled
O03227,C0180,2025-11-27,Credit Card,Delivered
O03228,C0972,2025-08-02,UPI,Delivered
O03229,C0673,2025-04-24,Credit Card,Delivered
O03230,C0612,2025-11-30,UPI,Cancelled
O03231,C0250,2025-07-04,Credit Card,Returned
O03232,C0831,2025-10-03,Cash on Delivery,Delivered
O03233,C0477,2025-12-29,Cash on Delivery,Delivered
O03234,C0129,2025-01-30,Debit Card,Delivered
O03235,C0987,2025-06-18,Cash on Delivery,Delivered
O03236,C0117,2025-03-13,Credit Card,Delivered
O03237,C0750,2025-01-13,Credit Card,Delivered
O03238,C0504,2025-08-09,Cash on Delivery,Delivered
O03239,C0089,2025-07-23,Debit Card,Delivered
O03240,C0017,2025-08-03,Cash on Delivery,Delivered
O03241,C0234,2025-04-18,UPI,Delivered
O03242,C0619,2025-06-10,UPI,Delivered
O03243,C0352,2025-11-27,UPI,Delivered
O03244,C0725,2025-01-30,UPI,Delivered
O03245,C0148,2025-10-06,UPI,Delivered
O03246,C0544,2025-05-11,Debit Card,Delivered
O03247,C0858,2025-05-20,Cash on Delivery,Cancelled
O03248,C0772,2025-11-08,UPI,Delivered
O03249,C0894,2025-11-17,UPI,Delivered
O03250,C0496,2025-06-18,Credit Card,Cancelled
O03251,C0994,2025-03-12,Credit Card,Delivered
O03252,C0190,2025-06-16,Credit Card,Delivered
O03253,C0848,2025-10-31,Cash on Delivery,Delivered
O03254,C0213,2025-11-04,Debit Card,Delivered
O03255,C0199,2025-11-25,Credit Card,Delivered
O03256,C0714,2025-08-10,Debit Card,Delivered
O03257,C0785,2025-06-07,Debit Card,Cancelled
O03258,C0742,2025-02-22,UPI,Delivered
O03259,C0274,2025-05-13,Cash on Delivery,Delivered
O03260,C0865,2025-07-30,Debit Card,Delivered
O03261,C0550,2025-01-17,Debit Card,Delivered
O03262,C0950,2025-08-17,Cash on Delivery,Delivered
O03263,C0167,2025-09-18,Credit Card,Delivered
O03264,C0449,2025-05-12,UPI,Cancelled
O03265,C0590,2025-11-09,Cash on Delivery,Delivered
O03266,C0228,2025-02-16,Credit Card,Delivered
O03267,C0928,2025-04-18,Cash on Delivery,Delivered
O03268,C0410,2025-04-09,Cash on Delivery,Delivered
O03269,C0040,2025-07-04,Debit Card,Delivered
O03270,C0044,2025-10-24,Credit Card,Returned
O03271,C0181,2025-12-23,Credit Card,Delivered
O03272,C0423,2025-02-26,Credit Card,Delivered
O03273,C0586,2025-06-21,Cash on Delivery,Returned
O03274,C0355,2025-09-27,Debit Card,Delivered
O03275,C0715,2025-12-12,Debit Card,Delivered
O03276,C0358,2025-12-12,Cash on Delivery,Delivered
O03277,C0849,2025-08-10,Cash on Delivery,Delivered
O03278,C0207,2025-03-29,Debit Card,Delivered
O03279,C0137,2025-01-25,Cash on Delivery,Delivered
O03280,C0506,2025-12-11,Credit Card,Delivered
O03281,C0824,2025-10-31,UPI,Cancelled
O03282,C0203,2025-09-19,UPI,Cancelled
O03283,C0910,2025-08-17,UPI,Cancelled
O03284,C0192,2025-07-24,Credit Card,Delivered
O03285,C0733,2025-07-16,Debit Card,Delivered
O03286,C0693,2025-06-07,Debit Card,Delivered
O03287,C0317,2025-05-03,Debit Card,Returned
O03288,C0219,2025-02-16,UPI,Delivered
O03289,C0908,2025-07-02,Credit Card,Delivered
O03290,C0642,2025-01-10,UPI,Delivered
O03291,C0890,2025-05-13,Debit Card,Delivered
O03292,C0513,2025-04-18,Credit Card,Delivered
O03293,C0962,2025-02-25,Debit Card,Delivered
O03294,C0139,2025-09-17,Credit Card,Delivered
O03295,C0035,2025-05-31,Debit Card,Delivered
O03296,C0059,2025-01-11,Debit Card,Delivered
O03297,C0964,2025-01-25,Debit Card,Returned
O03298,C0304,2025-10-22,UPI,Delivered
O03299,C0669,2025-10-06,Credit Card,Delivered
O03300,C0762,2025-10-19,UPI,Returned
O03301,C0576,2025-05-22,Cash on Delivery,Delivered
O03302,C0183,2025-12-01,Debit Card,Delivered
O03303,C0056,2025-05-04,Debit Card,Delivered
O03304,C0873,2025-06-16,Credit Card,Delivered
O03305,C0529,2025-05-08,Debit Card,Delivered
O03306,C0327,2025-08-27,Debit Card,Delivered
O03307,C0479,2025-02-13,Credit Card,Cancelled
O03308,C0072,2025-09-01,Cash on Delivery,Delivered
O03309,C0314,2025-10-04,UPI,Delivered
O03310,C0755,2025-01-27,Cash on Delivery,Delivered
O03311,C0842,2025-01-09,UPI,Delivered
O03312,C0247,2025-12-27,UPI,Delivered
O03313,C0003,2025-06-27,UPI,Delivered
O03314,C0488,2025-11-06,Debit Card,Delivered
O03315,C0168,2025-12-28,Credit Card,Delivered
O03316,C0475,2025-12-18,Credit Card,Delivered
O03317,C0878,2025-06-19,UPI,Delivered
O03318,C0910,2025-07-06,Credit Card,Delivered
O03319,C0344,2025-06-04,Cash on Delivery,Delivered
O03320,C0742,2025-03-03,Credit Card,Delivered
O03321,C0184,2025-02-18,Cash on Delivery,Delivered
O03322,C0220,2025-01-22,Debit Card,Delivered
O03323,C0789,2025-01-24,Credit Card,Delivered
O03324,C0083,2025-04-22,Debit Card,Delivered
O03325,C0821,2025-12-29,Credit Card,Cancelled
O03326,C0964,2025-04-09,Credit Card,Delivered
O03327,C0084,2025-01-20,UPI,Delivered
O03328,C0383,2025-05-07,Credit Card,Returned
O03329,C0234,2025-11-18,UPI,Delivered
O03330,C0980,2025-02-18,Credit Card,Delivered
O03331,C0731,2025-02-13,Debit Card,Delivered
O03332,C0924,2025-09-09,UPI,Returned
O03333,C0840,2025-01-22,Debit Card,Cancelled
O03334,C0310,2025-05-22,Debit Card,Delivered
O03335,C0161,2025-10-23,Credit Card,Delivered
O03336,C0097,2025-04-13,Cash on Delivery,Delivered
O03337,C0052,2025-02-14,Debit Card,Delivered
O03338,C0769,2025-03-20,Debit Card,Delivered
O03339,C0235,2025-07-02,Credit Card,Delivered
O03340,C0432,2025-09-09,Credit Card,Delivered
O03341,C0436,2025-11-22,UPI,Delivered
O03342,C0749,2025-09-03,Credit Card,Cancelled
O03343,C0776,2025-01-12,Credit Card,Delivered
O03344,C0305,2025-11-05,Credit Card,Delivered
O03345,C0561,2025-07-15,UPI,Delivered
O03346,C0053,2025-11-22,UPI,Delivered
O03347,C0491,2025-07-22,Debit Card,Returned
O03348,C0178,2025-09-24,Debit Card,Delivered
O03349,C0092,2025-06-27,Credit Card,Delivered
O03350,C0875,2025-02-21,Credit Card,Returned
O03351,C0860,2025-06-11,Debit Card,Delivered
O03352,C0253,2025-08-24,Credit Card,Delivered
O03353,C0133,2025-09-29,Cash on Delivery,Delivered
O03354,C0167,2025-10-21,UPI,Returned
O03355,C0070,2025-02-02,Debit Card,Delivered
O03356,C0062,2025-10-26,Cash on Delivery,Delivered
O03357,C0514,2025-12-22,UPI,Delivered
O03358,C0337,2025-10-17,UPI,Delivered
O03359,C0916,2025-04-09,Credit Card,Returned
O03360,C0695,2025-05-04,Cash on Delivery,Cancelled
O03361,C0626,2025-09-04,Cash on Delivery,Delivered
O03362,C0982,2025-12-21,Credit Card,Delivered
O03363,C0055,2025-10-11,Cash on Delivery,Delivered
O03364,C0600,2025-08-24,Credit Card,Cancelled
O03365,C0586,2025-12-19,Debit Card,Delivered
O03366,C0318,2025-08-25,UPI,Delivered
O03367,C0630,2025-08-13,Cash on Delivery,Delivered
O03368,C0087,2025-07-24,Debit Card,Delivered
O03369,C0024,2025-03-09,Debit Card,Delivered
O03370,C0703,2025-08-12,Cash on Delivery,Delivered
O03371,C0066,2025-12-04,UPI,Delivered
O03372,C0485,2025-07-06,Cash on Delivery,Delivered
O03373,C0069,2025-09-02,Credit Card,Delivered
O03374,C0958,2025-11-09,UPI,Delivered
O03375,C0163,2025-11-21,Debit Card,Delivered
O03376,C0075,2025-01-27,UPI,Delivered
O03377,C0916,2025-09-25,Credit Card,Returned
O03378,C0966,2025-06-11,UPI,Delivered
O03379,C0403,2025-06-11,Cash on Delivery,Delivered
O03380,C0411,2025-05-15,Credit Card,Delivered
O03381,C0174,2025-09-05,Cash on Delivery,Delivered
O03382,C0960,2025-09-28,Debit Card,Delivered
O03383,C0551,2025-04-05,Cash on Delivery,Delivered
O03384,C0342,2025-12-13,Debit Card,Delivered
O03385,C0202,2025-09-19,Credit Card,Delivered
O03386,C0719,2025-05-01,Credit Card,Returned
O03387,C0794,2025-07-09,Debit Card,Cancelled
O03388,C0678,2025-11-09,UPI,Delivered
O03389,C0027,2025-03-28,Credit Card,Delivered
O03390,C0747,2025-04-24,Cash on Delivery,Returned
O03391,C0860,2025-10-12,Cash on Delivery,Delivered
O03392,C0012,2025-08-23,Debit Card,Delivered
O03393,C0670,2025-05-31,Credit Card,Delivered
O03394,C0760,2025-04-16,Debit Card,Delivered
O03395,C0959,2025-06-21,Debit Card,Delivered
O03396,C0021,2025-03-30,Debit Card,Returned
O03397,C0734,2025-10-22,Cash on Delivery,Delivered
O03398,C0684,2025-07-20,Cash on Delivery,Delivered
O03399,C0275,2025-10-06,Cash on Delivery,Delivered
O03400,C0928,2025-08-25,Debit Card,Delivered
O03401,C0436,2025-02-25,UPI,Delivered
O03402,C0333,2025-12-18,Credit Card,Delivered
O03403,C0481,2025-10-11,UPI,Delivered
O03404,C0349,2025-05-08,Credit Card,Delivered
O03405,C0417,2025-09-03,Debit Card,Returned
O03406,C0467,2025-05-18,Cash on Delivery,Delivered
O03407,C0567,2025-07-30,Cash on Delivery,Delivered
O03408,C0804,2025-10-03,UPI,Cancelled
O03409,C0477,2025-10-09,Debit Card,Delivered
O03410,C0697,2025-07-21,Debit Card,Delivered
O03411,C0928,2025-04-26,Cash on Delivery,Delivered
O03412,C0047,2025-06-27,UPI,Delivered
O03413,C0334,2025-03-20,Cash on Delivery,Returned
O03414,C0904,2025-10-11,UPI,Delivered
O03415,C0754,2025-01-18,Credit Card,Delivered
O03416,C0573,2025-12-17,Debit Card,Delivered
O03417,C0439,2025-05-07,Debit Card,Delivered
O03418,C0428,2025-11-18,UPI,Delivered
O03419,C0948,2025-06-11,Cash on Delivery,Delivered
O03420,C0199,2025-09-16,Debit Card,Delivered
O03421,C0214,2025-01-28,UPI,Delivered
O03422,C0622,2025-10-15,Debit Card,Delivered
O03423,C0312,2025-03-18,Cash on Delivery,Delivered
O03424,C0961,2025-08-28,Cash on Delivery,Cancelled
O03425,C0492,2025-11-05,Debit Card,Delivered
O03426,C0162,2025-11-25,Credit Card,Delivered
O03427,C0952,2025-07-11,Debit Card,Delivered
O03428,C0362,2025-03-19,Cash on Delivery,Delivered
O03429,C0805,2025-12-28,UPI,Delivered
O03430,C0511,2025-03-30,UPI,Delivered
O03431,C0670,2025-06-29,Credit Card,Delivered
O03432,C0051,2025-10-20,Credit Card,Delivered
O03433,C0960,2025-05-07,Debit Card,Delivered
O03434,C0945,2025-10-07,Credit Card,Delivered
O03435,C0809,2025-11-24,Debit Card,Delivered
O03436,C0451,2025-02-06,Debit Card,Delivered
O03437,C0525,2025-05-17,Cash on Delivery,Delivered
O03438,C0560,2025-10-25,Debit Card,Delivered
O03439,C0368,2025-02-01,UPI,Delivered
O03440,C0536,2025-02-17,Debit Card,Delivered
O03441,C0541,2025-12-21,Cash on Delivery,Delivered
O03442,C0164,2025-01-14,Credit Card,Delivered
O03443,C0299,2025-09-18,Cash on Delivery,Delivered
O03444,C0106,2025-06-01,Debit Card,Cancelled
O03445,C0456,2025-10-26,Credit Card,Delivered
O03446,C0893,2025-03-05,Cash on Delivery,Delivered
O03447,C0648,2025-09-08,Debit Card,Delivered
O03448,C0984,2025-05-19,Cash on Delivery,Returned
O03449,C0668,2025-01-15,Cash on Delivery,Delivered
O03450,C0419,2025-09-29,Cash on Delivery,Delivered
O03451,C0045,2025-07-05,Debit Card,Returned
O03452,C0122,2025-05-09,UPI,Delivered
O03453,C0731,2025-04-04,Cash on Delivery,Returned
O03454,C0320,2025-04-28,Debit Card,Delivered
O03455,C0835,2025-04-14,Credit Card,Returned
O03456,C0538,2025-10-07,Debit Card,Cancelled
O03457,C0616,2025-07-31,Cash on Delivery,Delivered
O03458,C0353,2025-06-03,Debit Card,Delivered
O03459,C0170,2025-11-11,UPI,Delivered
O03460,C0508,2025-05-10,UPI,Delivered
O03461,C0349,2025-02-03,Debit Card,Delivered
O03462,C0243,2025-01-29,Debit Card,Delivered
O03463,C0141,2025-07-01,UPI,Delivered
O03464,C0439,2025-04-15,Debit Card,Cancelled
O03465,C0190,2025-08-28,UPI,Delivered
O03466,C0875,2025-02-13,Credit Card,Cancelled
O03467,C0660,2025-06-14,Debit Card,Returned
O03468,C0994,2025-05-21,Credit Card,Cancelled
O03469,C0446,2025-11-08,Debit Card,Delivered
O03470,C0955,2025-06-09,Credit Card,Delivered
O03471,C0200,2025-11-18,Cash on Delivery,Returned
O03472,C0417,2025-01-31,Debit Card,Delivered
O03473,C0840,2025-06-20,Cash on Delivery,Delivered
O03474,C0032,2025-05-08,Credit Card,Delivered
O03475,C0730,2025-12-15,Debit Card,Delivered
O03476,C0499,2025-06-02,Credit Card,Cancelled
O03477,C0732,2025-03-16,Debit Card,Cancelled
O03478,C0834,2025-04-02,Cash on Delivery,Cancelled
O03479,C0538,2025-10-03,Credit Card,Delivered
O03480,C0302,2025-01-25,Debit Card,Cancelled
O03481,C0013,2025-11-19,Debit Card,Delivered
O03482,C0992,2025-05-31,Cash on Delivery,Delivered
O03483,C0605,2025-09-12,Cash on Delivery,Delivered
O03484,C0426,2025-11-11,UPI,Delivered
O03485,C0988,2025-08-16,Cash on Delivery,Delivered
O03486,C0714,2025-11-18,Cash on Delivery,Delivered
O03487,C0229,2025-04-20,UPI,Cancelled
O03488,C0453,2025-08-16,Credit Card,Returned
O03489,C0087,2025-10-23,Debit Card,Delivered
O03490,C0709,2025-08-30,Credit Card,Delivered
O03491,C0387,2025-11-06,Credit Card,Delivered
O03492,C0565,2025-12-11,UPI,Delivered
O03493,C0237,2025-02-17,Debit Card,Delivered
O03494,C0074,2025-12-02,Credit Card,Delivered
O03495,C0289,2025-10-21,Credit Card,Delivered
O03496,C0549,2025-06-26,UPI,Delivered
O03497,C0275,2025-11-05,Credit Card,Returned
O03498,C0591,2025-09-29,UPI,Delivered
O03499,C0898,2025-03-07,UPI,Delivered
O03500,C0403,2025-02-11,Credit Card,Delivered
O03501,C0126,2025-09-29,Cash on Delivery,Delivered
O03502,C0013,2025-07-16,Cash on Delivery,Returned
O03503,C0719,2025-11-06,Credit Card,Delivered
O03504,C0649,2025-07-23,Cash on Delivery,Delivered
O03505,C0252,2025-08-08,Credit Card,Cancelled
O03506,C0091,2025-08-06,Debit Card,Delivered
O03507,C0532,2025-09-29,UPI,Delivered
O03508,C0969,2025-10-09,Cash on Delivery,Delivered
O03509,C0889,2025-04-12,Debit Card,Delivered
O03510,C0646,2025-09-30,UPI,Delivered
O03511,C0795,2025-05-30,Cash on Delivery,Delivered
O03512,C0247,2025-03-10,Credit Card,Cancelled
O03513,C0103,2025-04-04,Debit Card,Cancelled
O03514,C0062,2025-01-03,Credit Card,Delivered
O03515,C0158,2025-02-12,UPI,Delivered
O03516,C0226,2025-09-14,Credit Card,Delivered
O03517,C0676,2025-07-01,Credit Card,Delivered
O03518,C0849,2025-11-24,Credit Card,Delivered
O03519,C0074,2025-02-02,Credit Card,Delivered
O03520,C0154,2025-03-10,Cash on Delivery,Delivered
O03521,C0527,2025-09-02,UPI,Delivered
O03522,C0490,2025-02-25,Debit Card,Delivered
O03523,C0379,2025-01-18,Cash on Delivery,Returned
O03524,C0142,2025-10-09,UPI,Delivered
O03525,C0938,2025-09-30,Debit Card,Delivered
O03526,C0221,2025-03-09,Credit Card,Delivered
O03527,C0071,2025-08-03,Cash on Delivery,Delivered
O03528,C0482,2025-11-23,Cash on Delivery,Delivered
O03529,C0072,2025-08-26,Debit Card,Delivered
O03530,C0283,2025-10-12,Debit Card,Delivered
O03531,C0116,2025-08-05,Credit Card,Delivered
O03532,C0270,2025-08-09,Credit Card,Returned
O03533,C0439,2025-10-01,Cash on Delivery,Delivered
O03534,C0009,2025-06-09,UPI,Delivered
O03535,C0819,2025-09-18,Debit Card,Delivered
O03536,C0780,2025-01-20,Debit Card,Returned
O03537,C0817,2025-11-19,Debit Card,Delivered
O03538,C0179,2025-02-01,Cash on Delivery,Delivered
O03539,C0937,2025-08-25,Debit Card,Delivered
O03540,C0872,2025-04-19,Credit Card,Cancelled
O03541,C0929,2025-04-26,Cash on Delivery,Delivered
O03542,C0612,2025-09-12,Cash on Delivery,Delivered
O03543,C0020,2025-04-20,Credit Card,Cancelled
O03544,C0243,2025-03-04,Cash on Delivery,Delivered
O03545,C0400,2025-02-24,Credit Card,Delivered
O03546,C0163,2025-12-03,Credit Card,Delivered
O03547,C0998,2025-11-16,Cash on Delivery,Delivered
O03548,C0963,2025-06-04,UPI,Returned
O03549,C0449,2025-01-26,Credit Card,Delivered
O03550,C0562,2025-08-21,Cash on Delivery,Returned
O03551,C0075,2025-07-18,UPI,Delivered
O03552,C0322,2025-11-01,UPI,Delivered
O03553,C0312,2025-05-31,UPI,Delivered
O03554,C0324,2025-03-12,Debit Card,Delivered
O03555,C0047,2025-01-25,UPI,Delivered
O03556,C0937,2025-06-14,Debit Card,Delivered
O03557,C0426,2025-06-01,Credit Card,Delivered
O03558,C0335,2025-08-12,UPI,Delivered
O03559,C0896,2025-04-27,Cash on Delivery,Delivered
O03560,C0047,2025-06-23,UPI,Delivered
O03561,C0617,2025-02-21,Credit Card,Delivered
O03562,C0137,2025-11-18,Cash on Delivery,Cancelled
O03563,C0403,2025-06-27,Cash on Delivery,Delivered
O03564,C0857,2025-08-25,Cash on Delivery,Delivered
O03565,C0422,2025-02-02,UPI,Delivered
O03566,C0125,2025-07-31,Credit Card,Delivered
O03567,C0199,2025-06-24,Debit Card,Delivered
O03568,C0597,2025-11-04,Debit Card,Cancelled
O03569,C0905,2025-03-22,Credit Card,Delivered
O03570,C0692,2025-05-25,Credit Card,Returned
O03571,C0740,2025-01-23,Cash on Delivery,Returned
O03572,C0476,2025-04-24,Credit Card,Delivered
O03573,C0061,2025-01-26,Debit Card,Delivered
O03574,C0581,2025-03-13,Debit Card,Delivered
O03575,C0002,2025-11-15,Credit Card,Returned
O03576,C0448,2025-02-25,Cash on Delivery,Delivered
O03577,C0719,2025-09-03,UPI,Returned
O03578,C0107,2025-07-24,UPI,Returned
O03579,C0189,2025-11-23,Credit Card,Delivered
O03580,C0974,2025-10-31,Debit Card,Cancelled
O03581,C0311,2025-05-31,Debit Card,Delivered
O03582,C0785,2025-10-20,Credit Card,Delivered
O03583,C0373,2025-05-07,Debit Card,Delivered
O03584,C0595,2025-06-07,Cash on Delivery,Delivered
O03585,C0694,2025-12-15,Cash on Delivery,Delivered
O03586,C0580,2025-02-06,Cash on Delivery,Delivered
O03587,C0526,2025-04-02,Credit Card,Delivered
O03588,C0662,2025-07-31,Credit Card,Delivered
O03589,C0203,2025-11-14,UPI,Returned
O03590,C0878,2025-08-14,UPI,Delivered
O03591,C0057,2025-04-28,Credit Card,Delivered
O03592,C0001,2025-03-27,Cash on Delivery,Returned
O03593,C0690,2025-03-13,UPI,Delivered
O03594,C0574,2025-11-17,Credit Card,Cancelled
O03595,C0659,2025-01-26,Cash on Delivery,Delivered
O03596,C0492,2025-05-24,UPI,Returned
O03597,C0547,2025-12-27,Cash on Delivery,Delivered
O03598,C0040,2025-01-02,Debit Card,Delivered
O03599,C0702,2025-12-18,Credit Card,Delivered
O03600,C0165,2025-10-03,Debit Card,Delivered
O03601,C0584,2025-09-16,Credit Card,Delivered
O03602,C0440,2025-05-20,UPI,Returned
O03603,C0702,2025-07-01,Credit Card,Delivered
O03604,C0426,2025-01-25,Credit Card,Delivered
O03605,C0569,2025-10-11,Credit Card,Cancelled
O03606,C0897,2025-12-23,Cash on Delivery,Cancelled
O03607,C0116,2025-02-18,UPI,Delivered
O03608,C0488,2025-07-22,Debit Card,Delivered
O03609,C0827,2025-01-08,Cash on Delivery,Delivered
O03610,C0196,2025-04-18,Debit Card,Delivered
O03611,C0849,2025-05-03,UPI,Returned
O03612,C0806,2025-11-08,Credit Card,Delivered
O03613,C0144,2025-08-15,Credit Card,Delivered
O03614,C0310,2025-04-07,Credit Card,Cancelled
O03615,C0739,2025-01-01,Cash on Delivery,Delivered
O03616,C0660,2025-06-19,Debit Card,Delivered
O03617,C0754,2025-06-01,Cash on Delivery,Delivered
O03618,C0407,2025-11-27,Cash on Delivery,Returned
O03619,C0057,2025-11-05,Cash on Delivery,Delivered
O03620,C0894,2025-01-22,Credit Card,Cancelled
O03621,C0141,2025-05-20,Debit Card,Returned
O03622,C0666,2025-05-17,Credit Card,Delivered
O03623,C0532,2025-12-30,Cash on Delivery,Delivered
O03624,C0265,2025-08-31,Cash on Delivery,Returned
O03625,C0377,2025-06-29,UPI,Delivered
O03626,C0894,2025-09-14,Cash on Delivery,Delivered
O03627,C0836,2025-03-07,Credit Card,Cancelled
O03628,C0485,2025-07-07,Debit Card,Delivered
O03629,C0076,2025-08-15,Cash on Delivery,Delivered
O03630,C0126,2025-08-17,Cash on Delivery,Delivered
O03631,C0293,2025-12-18,Credit Card,Delivered
O03632,C0010,2025-06-28,UPI,Delivered
O03633,C0239,2025-08-31,Credit Card,Cancelled
O03634,C0545,2025-07-29,Cash on Delivery,Delivered
O03635,C0979,2025-04-12,UPI,Delivered
O03636,C0755,2025-12-26,Credit Card,Delivered
O03637,C0754,2025-01-03,Cash on Delivery,Delivered
O03638,C0936,2025-11-17,Cash on Delivery,Delivered
O03639,C0164,2025-06-04,Cash on Delivery,Delivered
O03640,C0613,2025-03-12,UPI,Delivered
O03641,C0831,2025-02-24,Cash on Delivery,Delivered
O03642,C0144,2025-03-25,Credit Card,Delivered
O03643,C0761,2025-06-19,Cash on Delivery,Delivered
O03644,C0687,2025-06-14,UPI,Delivered
O03645,C0377,2025-05-05,UPI,Delivered
O03646,C0081,2025-09-25,UPI,Delivered
O03647,C0193,2025-07-16,Credit Card,Delivered
O03648,C0263,2025-11-15,UPI,Delivered
O03649,C0519,2025-01-18,Cash on Delivery,Delivered
O03650,C0463,2025-05-01,Debit Card,Delivered
O03651,C0231,2025-02-24,Cash on Delivery,Delivered
O03652,C0181,2025-05-19,UPI,Delivered
O03653,C0048,2025-03-06,UPI,Delivered
O03654,C0176,2025-03-28,Debit Card,Delivered
O03655,C0734,2025-07-20,Credit Card,Delivered
O03656,C0863,2025-10-19,UPI,Returned
O03657,C0030,2025-07-04,Debit Card,Delivered
O03658,C0137,2025-05-11,Credit Card,Returned
O03659,C0593,2025-08-21,Credit Card,Delivered
O03660,C0085,2025-12-15,Debit Card,Cancelled
O03661,C0243,2025-05-31,Cash on Delivery,Delivered
O03662,C0971,2025-12-18,Credit Card,Delivered
O03663,C0416,2025-09-01,Cash on Delivery,Delivered
O03664,C0145,2025-03-03,Debit Card,Cancelled
O03665,C0413,2025-10-06,Credit Card,Cancelled
O03666,C0849,2025-10-14,Cash on Delivery,Delivered
O03667,C0458,2025-06-14,UPI,Delivered
O03668,C0083,2025-09-10,UPI,Delivered
O03669,C0806,2025-07-28,Cash on Delivery,Delivered
O03670,C0175,2025-10-14,UPI,Delivered
O03671,C0171,2025-05-04,Credit Card,Delivered
O03672,C0393,2025-07-31,Debit Card,Cancelled
O03673,C0606,2025-08-29,UPI,Delivered
O03674,C0706,2025-03-18,UPI,Delivered
O03675,C0972,2025-02-01,UPI,Delivered
O03676,C0935,2025-03-12,Cash on Delivery,Delivered
O03677,C0967,2025-08-20,Cash on Delivery,Delivered
O03678,C0601,2025-06-24,Debit Card,Cancelled
O03679,C0904,2025-09-24,Credit Card,Delivered
O03680,C0636,2025-07-12,Cash on Delivery,Delivered
O03681,C0635,2025-07-19,Credit Card,Delivered
O03682,C0025,2025-10-13,Debit Card,Delivered
O03683,C0007,2025-10-27,Cash on Delivery,Delivered
O03684,C0346,2025-09-13,Cash on Delivery,Delivered
O03685,C0538,2025-06-02,Debit Card,Returned
O03686,C0970,2025-11-28,Credit Card,Delivered
O03687,C0821,2025-09-23,Credit Card,Delivered
O03688,C0736,2025-09-11,Cash on Delivery,Delivered
O03689,C0984,2025-11-17,Debit Card,Delivered
O03690,C0553,2025-05-20,Debit Card,Delivered
O03691,C0369,2025-10-23,Debit Card,Delivered
O03692,C0027,2025-07-14,Debit Card,Delivered
O03693,C0118,2025-10-11,Cash on Delivery,Cancelled
O03694,C0407,2025-03-10,Debit Card,Delivered
O03695,C0059,2025-08-15,Debit Card,Delivered
O03696,C0038,2025-08-23,Cash on Delivery,Delivered
O03697,C0995,2025-03-26,Cash on Delivery,Delivered
O03698,C0169,2025-08-01,Credit Card,Returned
O03699,C0677,2025-01-24,UPI,Delivered
O03700,C0544,2025-01-13,Cash on Delivery,Cancelled
O03701,C0997,2025-08-09,Credit Card,Delivered
O03702,C0781,2025-05-09,UPI,Cancelled
O03703,C0608,2025-10-28,Debit Card,Delivered
O03704,C0539,2025-05-14,Credit Card,Delivered
O03705,C0329,2025-03-20,Cash on Delivery,Delivered
O03706,C0814,2025-07-04,Credit Card,Cancelled
O03707,C0569,2025-04-05,Cash on Delivery,Delivered
O03708,C0728,2025-11-16,Cash on Delivery,Delivered
O03709,C0880,2025-08-03,Debit Card,Delivered
O03710,C0916,2025-08-11,Cash on Delivery,Delivered
O03711,C0520,2025-02-02,Cash on Delivery,Returned
O03712,C0225,2025-09-15,Cash on Delivery,Delivered
O03713,C0012,2025-01-14,Credit Card,Delivered
O03714,C0243,2025-08-26,UPI,Delivered
O03715,C0493,2025-11-28,Credit Card,Delivered
O03716,C0910,2025-09-03,Cash on Delivery,Delivered
O03717,C0508,2025-02-02,Credit Card,Delivered
O03718,C0811,2025-09-18,Credit Card,Delivered
O03719,C0423,2025-07-21,Debit Card,Delivered
O03720,C0180,2025-04-22,Credit Card,Delivered
O03721,C0990,2025-07-08,Debit Card,Delivered
O03722,C0010,2025-04-13,UPI,Delivered
O03723,C0068,2025-09-15,Cash on Delivery,Delivered
O03724,C0676,2025-08-06,Credit Card,Delivered
O03725,C0469,2025-03-30,Cash on Delivery,Delivered
O03726,C0991,2025-10-03,Cash on Delivery,Cancelled
O03727,C0416,2025-06-28,Debit Card,Delivered
O03728,C0401,2025-12-29,Cash on Delivery,Delivered
O03729,C0444,2025-03-16,Cash on Delivery,Delivered
O03730,C0467,2025-11-28,Credit Card,Cancelled
O03731,C0857,2025-05-17,Credit Card,Delivered
O03732,C0583,2025-02-01,Debit Card,Delivered
O03733,C0016,2025-08-16,UPI,Delivered
O03734,C0311,2025-03-29,Debit Card,Delivered
O03735,C0840,2025-10-01,Debit Card,Delivered
O03736,C0368,2025-11-15,UPI,Returned
O03737,C0643,2025-04-15,Debit Card,Delivered
O03738,C0888,2025-04-11,Debit Card,Delivered
O03739,C0546,2025-12-18,UPI,Delivered
O03740,C0820,2025-09-08,UPI,Delivered
O03741,C0564,2025-07-31,Debit Card,Delivered
O03742,C0469,2025-04-18,Credit Card,Delivered
O03743,C0773,2025-05-09,UPI,Returned
O03744,C0443,2025-01-16,Debit Card,Delivered
O03745,C0253,2025-12-01,UPI,Delivered
O03746,C0119,2025-06-24,Debit Card,Delivered
O03747,C0887,2025-11-16,UPI,Delivered
O03748,C0799,2025-08-13,Cash on Delivery,Delivered
O03749,C0113,2025-04-11,Cash on Delivery,Returned
O03750,C0546,2025-12-31,Debit Card,Delivered
O03751,C0789,2025-01-10,UPI,Delivered
O03752,C0228,2025-09-19,Cash on Delivery,Delivered
O03753,C0910,2025-11-20,Debit Card,Delivered
O03754,C0226,2025-04-16,UPI,Delivered
O03755,C0331,2025-09-22,Credit Card,Cancelled
O03756,C0504,2025-11-25,Debit Card,Delivered
O03757,C0198,2025-01-09,Credit Card,Delivered
O03758,C0334,2025-12-23,Debit Card,Returned
O03759,C0231,2025-07-07,UPI,Cancelled
O03760,C0143,2025-11-06,UPI,Delivered
O03761,C0591,2025-06-08,Credit Card,Delivered
O03762,C0862,2025-08-13,Credit Card,Cancelled
O03763,C0013,2025-07-14,Cash on Delivery,Delivered
O03764,C0652,2025-07-27,Credit Card,Cancelled
O03765,C0550,2025-01-01,Credit Card,Delivered
O03766,C0863,2025-03-16,Cash on Delivery,Cancelled
O03767,C0104,2025-04-01,UPI,Delivered
O03768,C0826,2025-02-27,Credit Card,Delivered
O03769,C0514,2025-11-23,UPI,Cancelled
O03770,C0918,2025-04-02,Credit Card,Delivered
O03771,C0990,2025-09-05,Debit Card,Cancelled
O03772,C0762,2025-02-18,Debit Card,Delivered
O03773,C0045,2025-04-23,UPI,Delivered
O03774,C0757,2025-03-16,Cash on Delivery,Delivered
O03775,C0891,2025-06-30,Credit Card,Delivered
O03776,C1000,2025-03-06,Credit Card,Cancelled
O03777,C0862,2025-10-20,Cash on Delivery,Delivered
O03778,C0354,2025-09-18,Cash on Delivery,Cancelled
O03779,C0796,2025-11-29,Debit Card,Delivered
O03780,C0742,2025-12-01,Credit Card,Delivered
O03781,C0244,2025-07-06,Cash on Delivery,Delivered
O03782,C0951,2025-11-08,Credit Card,Delivered
O03783,C0532,2025-02-05,UPI,Delivered
O03784,C0372,2025-02-04,Credit Card,Delivered
O03785,C0951,2025-04-13,Credit Card,Delivered
O03786,C0735,2025-01-25,Credit Card,Delivered
O03787,C0973,2025-07-28,UPI,Delivered
O03788,C0005,2025-03-23,UPI,Returned
O03789,C0555,2025-08-21,Cash on Delivery,Cancelled
O03790,C0189,2025-09-20,Debit Card,Delivered
O03791,C0579,2025-07-31,UPI,Returned
O03792,C0284,2025-09-27,UPI,Delivered
O03793,C0771,2025-07-24,Cash on Delivery,Cancelled
O03794,C0698,2025-04-18,Debit Card,Delivered
O03795,C0739,2025-12-22,UPI,Delivered
O03796,C0869,2025-08-08,Credit Card,Delivered
O03797,C0083,2025-03-07,Debit Card,Delivered
O03798,C0305,2025-12-09,UPI,Delivered
O03799,C0151,2025-04-03,Debit Card,Delivered
O03800,C0964,2025-04-20,Credit Card,Delivered
O03801,C0132,2025-06-20,Credit Card,Delivered
O03802,C0819,2025-06-11,UPI,Delivered
O03803,C0449,2025-08-12,Cash on Delivery,Delivered
O03804,C0122,2025-09-14,Cash on Delivery,Delivered
O03805,C0632,2025-05-13,UPI,Delivered
O03806,C0071,2025-12-08,Credit Card,Returned
O03807,C0208,2025-06-24,UPI,Delivered
O03808,C0408,2025-12-14,Debit Card,Cancelled
O03809,C0192,2025-10-21,Cash on Delivery,Delivered
O03810,C0674,2025-09-06,UPI,Cancelled
O03811,C0159,2025-08-02,Credit Card,Delivered
O03812,C0835,2025-01-05,UPI,Delivered
O03813,C0909,2025-01-28,Debit Card,Delivered
O03814,C0268,2025-09-01,UPI,Delivered
O03815,C0352,2025-02-28,Cash on Delivery,Delivered
O03816,C0179,2025-02-06,Credit Card,Delivered
O03817,C0245,2025-11-13,UPI,Returned
O03818,C0255,2025-08-24,UPI,Cancelled
O03819,C0987,2025-11-03,Cash on Delivery,Returned
O03820,C0258,2025-02-13,Cash on Delivery,Delivered
O03821,C0203,2025-10-29,UPI,Delivered
O03822,C0957,2025-05-18,Cash on Delivery,Delivered
O03823,C0853,2025-09-24,Credit Card,Delivered
O03824,C0014,2025-03-09,Credit Card,Delivered
O03825,C0369,2025-11-05,UPI,Cancelled
O03826,C0612,2025-12-01,UPI,Delivered
O03827,C0955,2025-02-10,UPI,Returned
O03828,C0236,2025-10-31,Debit Card,Delivered
O03829,C0311,2025-05-25,Debit Card,Delivered
O03830,C0453,2025-02-10,Credit Card,Delivered
O03831,C0470,2025-11-10,UPI,Delivered
O03832,C0020,2025-03-22,Debit Card,Delivered
O03833,C0070,2025-10-04,UPI,Delivered
O03834,C0326,2025-11-06,Cash on Delivery,Delivered
O03835,C0955,2025-11-13,UPI,Delivered
O03836,C0757,2025-07-28,UPI,Cancelled
O03837,C0405,2025-10-19,Debit Card,Cancelled
O03838,C0639,2025-04-04,UPI,Delivered
O03839,C0683,2025-01-14,Cash on Delivery,Delivered
O03840,C0967,2025-10-13,Debit Card,Delivered
O03841,C0404,2025-12-05,Debit Card,Delivered
O03842,C0413,2025-09-01,Cash on Delivery,Delivered
O03843,C0638,2025-08-25,Debit Card,Delivered
O03844,C0248,2025-08-02,Credit Card,Delivered
O03845,C0978,2025-05-02,UPI,Delivered
O03846,C0101,2025-04-24,Debit Card,Delivered
O03847,C0636,2025-03-17,Credit Card,Delivered
O03848,C0473,2025-10-16,Debit Card,Delivered
O03849,C0534,2025-06-12,UPI,Delivered
O03850,C0215,2025-07-15,Debit Card,Delivered
O03851,C0779,2025-12-06,UPI,Delivered
O03852,C0622,2025-04-08,Cash on Delivery,Delivered
O03853,C0030,2025-07-15,Credit Card,Delivered
O03854,C0381,2025-11-08,Cash on Delivery,Delivered
O03855,C0049,2025-03-13,Cash on Delivery,Delivered
O03856,C0651,2025-08-11,Credit Card,Delivered
O03857,C0731,2025-06-06,Credit Card,Delivered
O03858,C0823,2025-06-19,Debit Card,Returned
O03859,C0800,2025-12-14,Credit Card,Cancelled
O03860,C0956,2025-01-02,Cash on Delivery,Cancelled
O03861,C0233,2025-02-08,UPI,Delivered
O03862,C0706,2025-01-26,Cash on Delivery,Delivered
O03863,C0672,2025-01-16,UPI,Delivered
O03864,C0741,2025-11-12,Credit Card,Delivered
O03865,C0662,2025-02-21,Credit Card,Delivered
O03866,C0678,2025-08-02,UPI,Delivered
O03867,C0551,2025-11-26,UPI,Delivered
O03868,C0245,2025-04-25,Cash on Delivery,Delivered
O03869,C0807,2025-01-15,Credit Card,Delivered
O03870,C0612,2025-02-28,Cash on Delivery,Delivered
O03871,C0632,2025-12-02,UPI,Delivered
O03872,C0564,2025-05-27,UPI,Delivered
O03873,C0186,2025-08-29,Credit Card,Delivered
O03874,C0792,2025-12-16,Debit Card,Delivered
O03875,C0176,2025-01-09,UPI,Delivered
O03876,C0343,2025-05-26,Cash on Delivery,Delivered
O03877,C0684,2025-03-13,UPI,Delivered
O03878,C0927,2025-01-14,Credit Card,Delivered
O03879,C0234,2025-05-06,Debit Card,Delivered
O03880,C0556,2025-12-05,Cash on Delivery,Delivered
O03881,C0270,2025-03-03,Debit Card,Delivered
O03882,C0678,2025-09-10,Cash on Delivery,Delivered
O03883,C0014,2025-09-09,UPI,Delivered
O03884,C0744,2025-06-28,UPI,Delivered
O03885,C0798,2025-12-28,UPI,Delivered
O03886,C0907,2025-08-15,Debit Card,Delivered
O03887,C0818,2025-12-30,Cash on Delivery,Delivered
O03888,C0297,2025-12-20,Credit Card,Delivered
O03889,C0106,2025-06-22,UPI,Delivered
O03890,C0710,2025-05-10,UPI,Cancelled
O03891,C0739,2025-10-26,Debit Card,Delivered
O03892,C0955,2025-05-28,Cash on Delivery,Delivered
O03893,C0272,2025-01-10,Debit Card,Delivered
O03894,C0551,2025-02-26,Credit Card,Delivered
O03895,C0534,2025-06-15,Credit Card,Delivered
O03896,C0843,2025-03-09,Credit Card,Delivered
O03897,C0248,2025-06-07,UPI,Cancelled
O03898,C0586,2025-08-20,Credit Card,Delivered
O03899,C0672,2025-06-25,Credit Card,Delivered
O03900,C0362,2025-03-16,Debit Card,Delivered
O03901,C0923,2025-12-24,UPI,Delivered
O03902,C0126,2025-05-29,Debit Card,Returned
O03903,C0166,2025-03-04,UPI,Delivered
O03904,C0835,2025-06-16,Debit Card,Delivered
O03905,C0306,2025-07-20,Credit Card,Cancelled
O03906,C0680,2025-05-18,Credit Card,Cancelled
O03907,C0905,2025-05-15,UPI,Delivered
O03908,C0937,2025-02-25,Debit Card,Delivered
O03909,C1000,2025-04-30,UPI,Delivered
O03910,C0935,2025-11-16,UPI,Delivered
O03911,C0655,2025-02-21,Debit Card,Cancelled
O03912,C0708,2025-05-16,Debit Card,Delivered
O03913,C0723,2025-05-18,Debit Card,Delivered
O03914,C0262,2025-08-24,UPI,Delivered
O03915,C0446,2025-11-22,UPI,Delivered
O03916,C0202,2025-05-29,UPI,Delivered
O03917,C0257,2025-05-19,Debit Card,Delivered
O03918,C0001,2025-08-27,Cash on Delivery,Returned
O03919,C0622,2025-05-21,Debit Card,Returned
O03920,C0236,2025-12-27,Cash on Delivery,Delivered
O03921,C0815,2025-06-30,Credit Card,Delivered
O03922,C0377,2025-07-21,Cash on Delivery,Delivered
O03923,C0576,2025-12-10,Credit Card,Delivered
O03924,C0125,2025-02-12,Credit Card,Delivered
O03925,C0580,2025-07-26,Credit Card,Delivered
O03926,C0363,2025-01-28,UPI,Delivered
O03927,C0076,2025-11-13,Credit Card,Cancelled
O03928,C0878,2025-01-19,Cash on Delivery,Cancelled
O03929,C0829,2025-01-13,Cash on Delivery,Delivered
O03930,C0535,2025-12-07,Debit Card,Delivered
O03931,C0900,2025-02-16,Debit Card,Cancelled
O03932,C0561,2025-10-04,UPI,Delivered
O03933,C0350,2025-09-17,Credit Card,Cancelled
O03934,C0466,2025-07-22,Credit Card,Delivered
O03935,C0428,2025-02-20,Cash on Delivery,Delivered
O03936,C0943,2025-12-12,Debit Card,Delivered
O03937,C0168,2025-07-14,Credit Card,Delivered
O03938,C0882,2025-12-29,Credit Card,Delivered
O03939,C0661,2025-02-20,UPI,Delivered
O03940,C0853,2025-01-09,Debit Card,Delivered
O03941,C0425,2025-01-29,UPI,Delivered
O03942,C0841,2025-02-27,Cash on Delivery,Delivered
O03943,C0815,2025-02-11,Debit Card,Delivered
O03944,C0028,2025-02-15,UPI,Returned
O03945,C0946,2025-02-02,UPI,Delivered
O03946,C0543,2025-02-24,Credit Card,Cancelled
O03947,C0622,2025-09-14,Cash on Delivery,Delivered
O03948,C0476,2025-09-11,Credit Card,Cancelled
O03949,C0645,2025-01-02,Cash on Delivery,Delivered
O03950,C0721,2025-10-15,UPI,Delivered
O03951,C0225,2025-03-03,UPI,Delivered
O03952,C0765,2025-04-09,UPI,Delivered
O03953,C0640,2025-07-20,Cash on Delivery,Delivered
O03954,C0354,2025-01-23,Credit Card,Delivered
O03955,C0071,2025-06-22,UPI,Delivered
O03956,C0066,2025-11-15,Cash on Delivery,Delivered
O03957,C0090,2025-03-23,Credit Card,Delivered
O03958,C0478,2025-08-14,Credit Card,Delivered
O03959,C0785,2025-04-09,Debit Card,Delivered
O03960,C0313,2025-12-23,Cash on Delivery,Delivered
O03961,C0141,2025-11-15,Cash on Delivery,Delivered
O03962,C0885,2025-03-15,UPI,Returned
O03963,C0407,2025-06-07,Credit Card,Delivered
O03964,C0108,2025-11-20,Cash on Delivery,Delivered
O03965,C0288,2025-02-18,Credit Card,Delivered
O03966,C0369,2025-02-16,UPI,Delivered
O03967,C0840,2025-04-09,Cash on Delivery,Delivered
O03968,C0418,2025-06-06,Debit Card,Delivered
O03969,C0952,2025-10-12,Cash on Delivery,Cancelled
O03970,C0960,2025-08-13,UPI,Delivered
O03971,C0874,2025-08-27,Credit Card,Delivered
O03972,C0588,2025-09-30,Cash on Delivery,Delivered
O03973,C0844,2025-04-16,Credit Card,Delivered
O03974,C0992,2025-03-29,Credit Card,Delivered
O03975,C0887,2025-01-14,Cash on Delivery,Returned
O03976,C0738,2025-05-05,Debit Card,Delivered
O03977,C0497,2025-03-24,Debit Card,Delivered
O03978,C0601,2025-07-24,Credit Card,Delivered
O03979,C0970,2025-08-25,Cash on Delivery,Returned
O03980,C0032,2025-12-24,Credit Card,Returned
O03981,C0775,2025-10-31,Credit Card,Delivered
O03982,C0627,2025-07-25,Debit Card,Delivered
O03983,C0049,2025-10-18,Credit Card,Delivered
O03984,C0695,2025-12-17,Cash on Delivery,Cancelled
O03985,C0696,2025-04-17,Cash on Delivery,Delivered
O03986,C0327,2025-11-22,Debit Card,Delivered
O03987,C0480,2025-09-15,Cash on Delivery,Delivered
O03988,C0079,2025-03-30,Cash on Delivery,Delivered
O03989,C0356,2025-02-12,UPI,Delivered
O03990,C0471,2025-06-24,Debit Card,Returned
O03991,C0910,2025-11-26,Cash on Delivery,Delivered
O03992,C0354,2025-04-01,Debit Card,Delivered
O03993,C0008,2025-12-25,Debit Card,Delivered
O03994,C0424,2025-09-08,UPI,Delivered
O03995,C0680,2025-03-28,Cash on Delivery,Delivered
O03996,C0610,2025-10-18,Cash on Delivery,Delivered
O03997,C0456,2025-12-14,UPI,Delivered
O03998,C0517,2025-04-20,UPI,Returned
O03999,C0832,2025-09-04,Debit Card,Delivered
O04000,C0921,2025-11-25,Credit Card,Delivered
O04001,C0639,2025-11-07,Debit Card,Returned
O04002,C0725,2025-03-21,Credit Card,Returned
O04003,C0002,2025-04-10,Debit Card,Cancelled
O04004,C0340,2025-10-06,Debit Card,Returned
O04005,C0031,2025-04-01,Cash on Delivery,Cancelled
O04006,C0088,2025-08-24,Credit Card,Delivered
O04007,C0579,2025-02-20,Credit Card,Cancelled
O04008,C0427,2025-04-06,Cash on Delivery,Delivered
O04009,C0361,2025-02-01,Cash on Delivery,Delivered
O04010,C0421,2025-05-10,Debit Card,Delivered
O04011,C0869,2025-10-05,Credit Card,Delivered
O04012,C0959,2025-11-05,Debit Card,Delivered
O04013,C0678,2025-11-09,Credit Card,Delivered
O04014,C0365,2025-11-27,Credit Card,Delivered
O04015,C0652,2025-02-16,UPI,Delivered
O04016,C0399,2025-09-07,Cash on Delivery,Returned
O04017,C0546,2025-03-05,UPI,Delivered
O04018,C0030,2025-11-27,Credit Card,Delivered
O04019,C0975,2025-11-12,Cash on Delivery,Delivered
O04020,C0694,2025-08-31,Debit Card,Delivered
O04021,C0729,2025-10-18,Debit Card,Delivered
O04022,C0867,2025-12-16,UPI,Cancelled
O04023,C0626,2025-12-03,UPI,Delivered
O04024,C0875,2025-06-20,Debit Card,Delivered
O04025,C0617,2025-10-10,Debit Card,Delivered
O04026,C0338,2025-05-30,Cash on Delivery,Delivered
O04027,C0564,2025-04-10,UPI,Delivered
O04028,C0146,2025-03-03,UPI,Cancelled
O04029,C0794,2025-04-21,Debit Card,Delivered
O04030,C0315,2025-11-27,UPI,Delivered
O04031,C0196,2025-12-05,Cash on Delivery,Cancelled
O04032,C0614,2025-10-08,Debit Card,Delivered
O04033,C0956,2025-05-12,Cash on Delivery,Delivered
O04034,C0582,2025-09-01,Credit Card,Delivered
O04035,C0746,2025-03-09,Debit Card,Delivered
O04036,C0403,2025-08-03,UPI,Delivered
O04037,C0187,2025-03-06,Credit Card,Delivered
O04038,C0669,2025-01-30,Cash on Delivery,Delivered
O04039,C0494,2025-09-12,Credit Card,Delivered
O04040,C0826,2025-02-21,Debit Card,Delivered
O04041,C0530,2025-06-29,UPI,Delivered
O04042,C0917,2025-12-27,Credit Card,Delivered
O04043,C0051,2025-12-26,UPI,Returned
O04044,C0767,2025-02-01,Debit Card,Delivered
O04045,C0023,2025-05-31,Cash on Delivery,Delivered
O04046,C0120,2025-09-09,Debit Card,Delivered
O04047,C0460,2025-11-14,Debit Card,Cancelled
O04048,C0552,2025-01-23,UPI,Delivered
O04049,C0185,2025-07-19,UPI,Returned
O04050,C0950,2025-06-08,Credit Card,Delivered
O04051,C0188,2025-01-11,UPI,Delivered
O04052,C0425,2025-11-11,Cash on Delivery,Delivered
O04053,C0677,2025-07-15,Debit Card,Cancelled
O04054,C0857,2025-05-22,Debit Card,Delivered
O04055,C0045,2025-03-11,Credit Card,Returned
O04056,C0770,2025-12-29,Cash on Delivery,Delivered
O04057,C0439,2025-11-13,UPI,Delivered
O04058,C0753,2025-12-13,Cash on Delivery,Delivered
O04059,C0086,2025-12-24,UPI,Delivered
O04060,C0747,2025-02-02,UPI,Delivered
O04061,C0297,2025-02-27,Debit Card,Delivered
O04062,C0704,2025-11-13,Cash on Delivery,Delivered
O04063,C0223,2025-05-04,Credit Card,Delivered
O04064,C0887,2025-03-12,Debit Card,Delivered
O04065,C0648,2025-03-19,UPI,Delivered
O04066,C0540,2025-03-09,UPI,Delivered
O04067,C0449,2025-08-10,Cash on Delivery,Delivered
O04068,C0135,2025-07-06,UPI,Delivered
O04069,C0910,2025-12-01,Debit Card,Delivered
O04070,C0149,2025-05-23,Debit Card,Delivered
O04071,C0400,2025-05-14,Debit Card,Delivered
O04072,C0704,2025-10-11,Debit Card,Delivered
O04073,C0016,2025-03-10,Debit Card,Delivered
O04074,C0502,2025-10-24,Debit Card,Delivered
O04075,C0238,2025-12-06,Credit Card,Delivered
O04076,C0499,2025-03-19,Credit Card,Delivered
O04077,C0912,2025-12-09,Debit Card,Delivered
O04078,C0365,2025-11-06,UPI,Returned
O04079,C0270,2025-11-16,Cash on Delivery,Delivered
O04080,C0041,2025-03-04,Cash on Delivery,Cancelled
O04081,C0057,2025-01-23,Credit Card,Delivered
O04082,C0290,2025-06-24,Debit Card,Delivered
O04083,C0786,2025-07-05,Debit Card,Returned
O04084,C0864,2025-06-02,Debit Card,Delivered
O04085,C0796,2025-08-29,Cash on Delivery,Delivered
O04086,C0429,2025-10-28,UPI,Delivered
O04087,C0506,2025-07-29,Credit Card,Delivered
O04088,C0037,2025-09-12,Credit Card,Delivered
O04089,C0169,2025-02-15,Debit Card,Returned
O04090,C0402,2025-01-24,Debit Card,Delivered
O04091,C0478,2025-08-10,Cash on Delivery,Delivered
O04092,C0887,2025-10-29,Debit Card,Returned
O04093,C0222,2025-04-22,Debit Card,Cancelled
O04094,C0194,2025-03-17,Debit Card,Delivered
O04095,C0418,2025-12-14,UPI,Delivered
O04096,C0784,2025-06-14,Credit Card,Cancelled
O04097,C0323,2025-10-02,Credit Card,Delivered
O04098,C0626,2025-08-11,Credit Card,Returned
O04099,C0909,2025-10-09,Cash on Delivery,Delivered
O04100,C0743,2025-09-22,Credit Card,Delivered
O04101,C0357,2025-10-31,Cash on Delivery,Delivered
O04102,C0380,2025-04-29,Credit Card,Delivered
O04103,C0446,2025-06-13,UPI,Delivered
O04104,C0977,2025-04-10,Debit Card,Delivered
O04105,C0205,2025-11-15,UPI,Delivered
O04106,C0522,2025-02-26,Debit Card,Delivered
O04107,C0109,2025-04-22,Debit Card,Delivered
O04108,C0322,2025-01-11,Debit Card,Delivered
O04109,C0868,2025-11-16,Credit Card,Delivered
O04110,C0201,2025-06-20,Cash on Delivery,Returned
O04111,C0094,2025-05-02,Debit Card,Returned
O04112,C0075,2025-07-26,Cash on Delivery,Delivered
O04113,C0639,2025-03-06,Credit Card,Delivered
O04114,C0225,2025-03-10,UPI,Delivered
O04115,C0191,2025-04-15,Credit Card,Delivered
O04116,C0589,2025-08-17,Cash on Delivery,Delivered
O04117,C0363,2025-10-13,Cash on Delivery,Delivered
O04118,C0597,2025-03-18,Credit Card,Delivered
O04119,C0344,2025-04-14,UPI,Delivered
O04120,C0625,2025-04-17,UPI,Delivered
O04121,C0220,2025-11-06,UPI,Cancelled
O04122,C0129,2025-03-09,Debit Card,Delivered
O04123,C0599,2025-10-08,Cash on Delivery,Delivered
O04124,C0230,2025-11-03,Debit Card,Delivered
O04125,C0470,2025-05-05,UPI,Delivered
O04126,C0686,2025-09-03,Credit Card,Delivered
O04127,C0006,2025-04-23,Debit Card,Delivered
O04128,C0425,2025-03-11,Cash on Delivery,Delivered
O04129,C0136,2025-08-21,Cash on Delivery,Delivered
O04130,C0227,2025-02-03,Cash on Delivery,Delivered
O04131,C0476,2025-11-25,Cash on Delivery,Delivered
O04132,C0643,2025-09-07,Credit Card,Delivered
O04133,C0758,2025-03-25,Credit Card,Delivered
O04134,C0077,2025-05-12,Cash on Delivery,Delivered
O04135,C0840,2025-04-08,Credit Card,Delivered
O04136,C0565,2025-09-18,UPI,Delivered
O04137,C0404,2025-11-22,UPI,Delivered
O04138,C0538,2025-07-23,UPI,Delivered
O04139,C0315,2025-01-10,UPI,Delivered
O04140,C0873,2025-11-28,Cash on Delivery,Delivered
O04141,C0244,2025-05-12,Cash on Delivery,Returned
O04142,C0976,2025-07-19,Credit Card,Delivered
O04143,C0925,2025-04-04,Debit Card,Delivered
O04144,C0681,2025-10-22,Debit Card,Delivered
O04145,C0559,2025-10-13,Debit Card,Delivered
O04146,C0049,2025-07-25,Credit Card,Delivered
O04147,C0824,2025-01-19,Cash on Delivery,Returned
O04148,C0545,2025-08-14,Debit Card,Delivered
O04149,C0525,2025-07-03,Credit Card,Delivered
O04150,C0839,2025-06-10,Cash on Delivery,Delivered
O04151,C0807,2025-10-18,Credit Card,Delivered
O04152,C0974,2025-03-29,UPI,Delivered
O04153,C0892,2025-06-23,Credit Card,Delivered
O04154,C0657,2025-10-04,Debit Card,Delivered
O04155,C0477,2025-06-18,Debit Card,Delivered
O04156,C0359,2025-06-11,UPI,Delivered
O04157,C0445,2025-11-10,Cash on Delivery,Cancelled
O04158,C0311,2025-06-21,Cash on Delivery,Delivered
O04159,C0492,2025-12-31,Credit Card,Returned
O04160,C0999,2025-07-29,Debit Card,Delivered
O04161,C0216,2025-03-22,Credit Card,Delivered
O04162,C0035,2025-11-09,Debit Card,Delivered
O04163,C0114,2025-11-12,Credit Card,Delivered
O04164,C0992,2025-07-02,UPI,Returned
O04165,C0982,2025-03-12,UPI,Delivered
O04166,C0239,2025-11-11,Credit Card,Delivered
O04167,C0995,2025-10-19,Cash on Delivery,Delivered
O04168,C0856,2025-01-10,UPI,Delivered
O04169,C0810,2025-07-17,Credit Card,Delivered
O04170,C0396,2025-01-01,Credit Card,Delivered
O04171,C0861,2025-11-06,Debit Card,Delivered
O04172,C0360,2025-10-29,Debit Card,Delivered
O04173,C0059,2025-07-17,UPI,Delivered
O04174,C0238,2025-11-09,UPI,Delivered
O04175,C0670,2025-07-06,UPI,Delivered
O04176,C0915,2025-06-29,Cash on Delivery,Delivered
O04177,C0513,2025-04-17,Cash on Delivery,Delivered
O04178,C0231,2025-12-13,UPI,Delivered
O04179,C0739,2025-04-27,UPI,Delivered
O04180,C0558,2025-06-14,Debit Card,Delivered
O04181,C0178,2025-05-04,Credit Card,Delivered
O04182,C0425,2025-07-10,Cash on Delivery,Cancelled
O04183,C0049,2025-07-03,UPI,Delivered
O04184,C0593,2025-05-16,UPI,Delivered
O04185,C0840,2025-12-06,Cash on Delivery,Delivered
O04186,C0595,2025-10-01,UPI,Delivered
O04187,C0015,2025-02-26,Debit Card,Delivered
O04188,C0552,2025-10-05,Debit Card,Delivered
O04189,C0207,2025-01-15,Cash on Delivery,Returned
O04190,C0639,2025-09-17,Cash on Delivery,Delivered
O04191,C0430,2025-12-11,Credit Card,Delivered
O04192,C0784,2025-02-20,Cash on Delivery,Delivered
O04193,C0009,2025-01-12,Cash on Delivery,Delivered
O04194,C0968,2025-12-28,Credit Card,Delivered
O04195,C0899,2025-04-18,Cash on Delivery,Delivered
O04196,C0719,2025-05-19,Credit Card,Delivered
O04197,C0693,2025-03-04,UPI,Returned
O04198,C0096,2025-05-17,Cash on Delivery,Delivered
O04199,C0297,2025-03-20,Cash on Delivery,Returned
O04200,C0286,2025-12-01,Credit Card,Delivered
O04201,C0899,2025-01-20,UPI,Returned
O04202,C0364,2025-07-12,UPI,Delivered
O04203,C0470,2025-12-04,Cash on Delivery,Delivered
O04204,C0050,2025-03-10,Cash on Delivery,Delivered
O04205,C0229,2025-02-13,Cash on Delivery,Returned
O04206,C0986,2025-11-19,Credit Card,Delivered
O04207,C0920,2025-04-01,Credit Card,Cancelled
O04208,C0006,2025-06-21,Cash on Delivery,Delivered
O04209,C0894,2025-07-30,UPI,Delivered
O04210,C0646,2025-12-07,UPI,Delivered
O04211,C0275,2025-12-25,UPI,Delivered
O04212,C0017,2025-06-19,UPI,Delivered
O04213,C0065,2025-02-17,UPI,Returned
O04214,C0419,2025-02-16,UPI,Delivered
O04215,C0156,2025-10-01,Credit Card,Delivered
O04216,C0934,2025-11-23,UPI,Returned
O04217,C0619,2025-08-31,UPI,Returned
O04218,C0053,2025-01-16,Debit Card,Delivered
O04219,C0103,2025-07-20,Credit Card,Returned
O04220,C0851,2025-01-03,Cash on Delivery,Delivered
O04221,C0382,2025-06-19,Debit Card,Delivered
O04222,C0449,2025-02-07,Cash on Delivery,Delivered
O04223,C0006,2025-12-14,UPI,Delivered
O04224,C0779,2025-10-10,Debit Card,Delivered
O04225,C0334,2025-12-02,UPI,Delivered
O04226,C0106,2025-02-24,UPI,Delivered
O04227,C0796,2025-05-30,Debit Card,Delivered
O04228,C0418,2025-05-23,Credit Card,Delivered
O04229,C0292,2025-02-04,UPI,Delivered
O04230,C0334,2025-11-09,Debit Card,Cancelled
O04231,C0185,2025-01-02,Debit Card,Returned
O04232,C0710,2025-11-05,UPI,Delivered
O04233,C0322,2025-12-01,Credit Card,Delivered
O04234,C0172,2025-12-22,Credit Card,Delivered
O04235,C0881,2025-11-25,Debit Card,Delivered
O04236,C0082,2025-02-16,Credit Card,Delivered
O04237,C0123,2025-08-03,Debit Card,Delivered
O04238,C0640,2025-07-18,Debit Card,Cancelled
O04239,C0214,2025-06-14,Cash on Delivery,Returned
O04240,C0162,2025-01-09,Debit Card,Delivered
O04241,C0617,2025-05-12,Credit Card,Delivered
O04242,C0875,2025-06-07,UPI,Delivered
O04243,C0768,2025-04-12,Debit Card,Delivered
O04244,C0873,2025-01-08,Credit Card,Delivered
O04245,C0450,2025-07-21,Cash on Delivery,Delivered
O04246,C0783,2025-11-20,Credit Card,Delivered
O04247,C0208,2025-09-17,Cash on Delivery,Returned
O04248,C0956,2025-03-12,Cash on Delivery,Delivered
O04249,C0941,2025-03-11,UPI,Delivered
O04250,C0404,2025-04-01,UPI,Delivered
O04251,C0467,2025-06-06,UPI,Delivered
O04252,C0017,2025-01-07,Cash on Delivery,Delivered
O04253,C0038,2025-05-01,Cash on Delivery,Delivered
O04254,C0225,2025-08-31,UPI,Delivered
O04255,C0591,2025-05-26,UPI,Returned
O04256,C0676,2025-09-17,Cash on Delivery,Delivered
O04257,C0477,2025-01-02,UPI,Delivered
O04258,C0823,2025-02-02,Debit Card,Delivered
O04259,C0413,2025-09-03,UPI,Cancelled
O04260,C0727,2025-06-09,Debit Card,Delivered
O04261,C0872,2025-10-10,UPI,Delivered
O04262,C0770,2025-10-19,UPI,Cancelled
O04263,C0588,2025-08-31,Credit Card,Delivered
O04264,C0993,2025-07-31,UPI,Delivered
O04265,C0345,2025-04-11,Cash on Delivery,Delivered
O04266,C0604,2025-12-29,Cash on Delivery,Delivered
O04267,C0407,2025-06-26,Credit Card,Delivered
O04268,C0396,2025-02-07,Credit Card,Returned
O04269,C0845,2025-09-03,UPI,Delivered
O04270,C0462,2025-06-27,Credit Card,Returned
O04271,C0181,2025-04-29,UPI,Delivered
O04272,C0515,2025-06-08,Credit Card,Returned
O04273,C0860,2025-01-28,Credit Card,Delivered
O04274,C0254,2025-08-18,Cash on Delivery,Delivered
O04275,C0347,2025-07-30,Debit Card,Delivered
O04276,C0224,2025-01-25,Debit Card,Delivered
O04277,C0670,2025-05-10,Cash on Delivery,Delivered
O04278,C0066,2025-03-25,Debit Card,Delivered
O04279,C0019,2025-01-05,Cash on Delivery,Delivered
O04280,C0578,2025-10-23,Cash on Delivery,Returned
O04281,C0380,2025-04-27,Credit Card,Delivered
O04282,C0394,2025-02-09,Cash on Delivery,Delivered
O04283,C0277,2025-12-27,Cash on Delivery,Delivered
O04284,C0533,2025-07-29,Credit Card,Delivered
O04285,C0760,2025-04-24,Credit Card,Delivered
O04286,C0873,2025-08-10,Credit Card,Cancelled
O04287,C0117,2025-11-25,Cash on Delivery,Delivered
O04288,C0578,2025-09-25,Cash on Delivery,Delivered
O04289,C0212,2025-05-02,Credit Card,Delivered
O04290,C0321,2025-10-23,Cash on Delivery,Cancelled
O04291,C0921,2025-02-28,Debit Card,Delivered
O04292,C0553,2025-02-06,Cash on Delivery,Delivered
O04293,C0489,2025-12-06,Credit Card,Cancelled
O04294,C0729,2025-09-15,Cash on Delivery,Cancelled
O04295,C0386,2025-07-28,UPI,Delivered
O04296,C0369,2025-11-03,Cash on Delivery,Delivered
O04297,C0674,2025-07-12,UPI,Delivered
O04298,C0147,2025-09-23,Debit Card,Cancelled
O04299,C0823,2025-08-20,Debit Card,Returned
O04300,C0703,2025-10-13,Debit Card,Delivered
O04301,C0214,2025-03-18,Cash on Delivery,Delivered
O04302,C0162,2025-03-16,Cash on Delivery,Delivered
O04303,C0441,2025-09-17,UPI,Delivered
O04304,C0861,2025-08-10,Debit Card,Delivered
O04305,C0239,2025-06-12,UPI,Delivered
O04306,C0384,2025-09-26,Credit Card,Returned
O04307,C0109,2025-12-05,UPI,Delivered
O04308,C0738,2025-10-19,Credit Card,Delivered
O04309,C0807,2025-07-19,Credit Card,Cancelled
O04310,C0020,2025-09-11,Debit Card,Delivered
O04311,C0017,2025-06-11,Debit Card,Delivered
O04312,C0061,2025-05-21,UPI,Delivered
O04313,C0165,2025-07-07,Credit Card,Delivered
O04314,C0769,2025-01-12,Credit Card,Cancelled
O04315,C0697,2025-07-17,Cash on Delivery,Delivered
O04316,C0699,2025-02-26,Credit Card,Delivered
O04317,C0539,2025-04-08,Cash on Delivery,Cancelled
O04318,C0976,2025-07-10,UPI,Delivered
O04319,C0941,2025-07-04,Debit Card,Delivered
O04320,C0859,2025-05-30,Credit Card,Cancelled
O04321,C0294,2025-05-25,Cash on Delivery,Returned
O04322,C0935,2025-03-08,Cash on Delivery,Delivered
O04323,C0478,2025-07-14,Debit Card,Delivered
O04324,C0567,2025-04-30,Cash on Delivery,Delivered
O04325,C0273,2025-08-29,Cash on Delivery,Delivered
O04326,C0256,2025-07-25,Credit Card,Delivered
O04327,C0349,2025-07-19,Cash on Delivery,Cancelled
O04328,C0968,2025-05-25,Cash on Delivery,Delivered
O04329,C0632,2025-10-16,UPI,Delivered
O04330,C0848,2025-12-11,UPI,Returned
O04331,C0233,2025-08-31,UPI,Delivered
O04332,C0633,2025-02-04,UPI,Returned
O04333,C0016,2025-08-19,Cash on Delivery,Cancelled
O04334,C0764,2025-04-01,UPI,Delivered
O04335,C0260,2025-04-23,Debit Card,Delivered
O04336,C0617,2025-04-21,Debit Card,Delivered
O04337,C0995,2025-04-24,UPI,Delivered
O04338,C0553,2025-08-20,Debit Card,Cancelled
O04339,C0089,2025-04-05,Credit Card,Cancelled
O04340,C0249,2025-07-16,Cash on Delivery,Delivered
O04341,C0796,2025-04-24,UPI,Returned
O04342,C0380,2025-04-06,Debit Card,Delivered
O04343,C0382,2025-11-16,Debit Card,Delivered
O04344,C0635,2025-03-02,UPI,Delivered
O04345,C0740,2025-02-21,Credit Card,Delivered
O04346,C0546,2025-03-22,Credit Card,Delivered
O04347,C0459,2025-12-07,Credit Card,Delivered
O04348,C0278,2025-11-17,UPI,Delivered
O04349,C0206,2025-11-25,Credit Card,Returned
O04350,C0063,2025-12-12,Credit Card,Delivered
O04351,C0655,2025-04-10,Cash on Delivery,Delivered
O04352,C0841,2025-11-25,Cash on Delivery,Delivered
O04353,C0813,2025-01-26,Debit Card,Delivered
O04354,C0149,2025-03-10,Debit Card,Delivered
O04355,C0719,2025-01-23,UPI,Delivered
O04356,C0941,2025-06-06,Debit Card,Returned
O04357,C0363,2025-02-22,Credit Card,Delivered
O04358,C0953,2025-07-21,UPI,Delivered
O04359,C0004,2025-02-24,Credit Card,Delivered
O04360,C0173,2025-07-30,Credit Card,Cancelled
O04361,C0086,2025-01-14,Debit Card,Delivered
O04362,C0782,2025-07-18,Credit Card,Delivered
O04363,C0956,2025-06-05,UPI,Delivered
O04364,C0107,2025-12-03,UPI,Delivered
O04365,C0048,2025-11-01,UPI,Delivered
O04366,C0160,2025-04-22,UPI,Cancelled
O04367,C0917,2025-06-15,Credit Card,Delivered
O04368,C0139,2025-10-23,UPI,Delivered
O04369,C0229,2025-05-09,UPI,Delivered
O04370,C0303,2025-12-06,Credit Card,Delivered
O04371,C0514,2025-07-11,Debit Card,Delivered
O04372,C0349,2025-11-27,Credit Card,Returned
O04373,C0711,2025-12-19,Credit Card,Cancelled
O04374,C0939,2025-08-30,Credit Card,Delivered
O04375,C0279,2025-11-18,Debit Card,Delivered
O04376,C0309,2025-12-11,UPI,Returned
O04377,C0535,2025-09-18,UPI,Delivered
O04378,C0069,2025-09-15,Credit Card,Delivered
O04379,C0485,2025-02-18,Debit Card,Delivered
O04380,C0636,2025-05-04,Debit Card,Delivered
O04381,C0674,2025-10-07,Credit Card,Delivered
O04382,C0430,2025-08-16,Credit Card,Delivered
O04383,C0790,2025-09-10,Debit Card,Delivered
O04384,C0747,2025-12-01,Debit Card,Delivered
O04385,C0405,2025-04-08,Credit Card,Cancelled
O04386,C0424,2025-04-07,UPI,Delivered
O04387,C0386,2025-04-16,Credit Card,Returned
O04388,C0401,2025-10-10,Credit Card,Delivered
O04389,C0955,2025-02-05,Credit Card,Delivered
O04390,C0089,2025-01-17,Credit Card,Returned
O04391,C0031,2025-12-16,Credit Card,Delivered
O04392,C0279,2025-10-05,Credit Card,Delivered
O04393,C0787,2025-04-09,Credit Card,Delivered
O04394,C0422,2025-07-24,Credit Card,Delivered
O04395,C0719,2025-04-01,Cash on Delivery,Delivered
O04396,C0737,2025-04-26,UPI,Delivered
O04397,C0469,2025-07-11,Credit Card,Delivered
O04398,C0330,2025-07-08,Debit Card,Delivered
O04399,C0954,2025-10-19,Debit Card,Delivered
O04400,C0879,2025-03-26,UPI,Delivered
O04401,C0165,2025-09-14,Cash on Delivery,Delivered
O04402,C0524,2025-10-09,Debit Card,Cancelled
O04403,C0124,2025-06-20,UPI,Delivered
O04404,C0654,2025-11-02,Credit Card,Cancelled
O04405,C0831,2025-08-20,Cash on Delivery,Delivered
O04406,C0026,2025-07-01,UPI,Delivered
O04407,C0202,2025-07-04,Cash on Delivery,Delivered
O04408,C0365,2025-10-17,UPI,Returned
O04409,C0611,2025-06-21,Cash on Delivery,Delivered
O04410,C0128,2025-12-28,Debit Card,Delivered
O04411,C0934,2025-07-16,Credit Card,Delivered
O04412,C0829,2025-08-17,Cash on Delivery,Cancelled
O04413,C0550,2025-03-06,Debit Card,Delivered
O04414,C0980,2025-02-06,Credit Card,Delivered
O04415,C0231,2025-04-17,Debit Card,Delivered
O04416,C0009,2025-11-25,Debit Card,Delivered
O04417,C0557,2025-04-06,Credit Card,Delivered
O04418,C0251,2025-06-09,Credit Card,Cancelled
O04419,C0517,2025-06-05,Cash on Delivery,Delivered
O04420,C0665,2025-12-03,UPI,Cancelled
O04421,C0236,2025-12-05,Debit Card,Delivered
O04422,C0920,2025-02-23,Debit Card,Delivered
O04423,C0010,2025-10-09,UPI,Delivered
O04424,C0168,2025-12-27,Credit Card,Delivered
O04425,C0258,2025-11-10,Debit Card,Delivered
O04426,C0272,2025-12-13,Credit Card,Delivered
O04427,C0859,2025-01-27,Debit Card,Delivered
O04428,C0292,2025-03-01,Cash on Delivery,Delivered
O04429,C0646,2025-10-20,UPI,Returned
O04430,C0270,2025-05-12,Credit Card,Delivered
O04431,C0204,2025-07-13,Credit Card,Cancelled
O04432,C0178,2025-12-22,Credit Card,Delivered
O04433,C0792,2025-03-25,Credit Card,Delivered
O04434,C0884,2025-11-17,UPI,Delivered
O04435,C0973,2025-08-05,UPI,Delivered
O04436,C0716,2025-06-02,UPI,Delivered
O04437,C0477,2025-07-28,Debit Card,Delivered
O04438,C0257,2025-06-13,UPI,Delivered
O04439,C0201,2025-03-12,UPI,Delivered
O04440,C0201,2025-09-08,UPI,Cancelled
O04441,C0752,2025-05-04,UPI,Delivered
O04442,C0152,2025-06-15,Credit Card,Delivered
O04443,C0339,2025-03-22,Cash on Delivery,Delivered
O04444,C0314,2025-05-21,UPI,Cancelled
O04445,C0424,2025-02-26,Credit Card,Cancelled
O04446,C0006,2025-08-03,Debit Card,Delivered
O04447,C0941,2025-02-25,UPI,Delivered
O04448,C0011,2025-06-12,Cash on Delivery,Delivered
O04449,C0743,2025-09-03,Cash on Delivery,Delivered
O04450,C0639,2025-07-15,Credit Card,Delivered
O04451,C0954,2025-11-24,Credit Card,Delivered
O04452,C0464,2025-07-12,Cash on Delivery,Delivered
O04453,C0874,2025-03-16,Credit Card,Cancelled
O04454,C0130,2025-04-29,UPI,Delivered
O04455,C0450,2025-10-24,Credit Card,Delivered
O04456,C0514,2025-11-07,Cash on Delivery,Delivered
O04457,C0981,2025-07-29,Cash on Delivery,Delivered
O04458,C0199,2025-09-03,Cash on Delivery,Delivered
O04459,C0148,2025-12-23,UPI,Returned
O04460,C0543,2025-06-15,Debit Card,Delivered
O04461,C0930,2025-10-04,UPI,Cancelled
O04462,C0110,2025-10-08,Credit Card,Delivered
O04463,C0124,2025-07-21,UPI,Delivered
O04464,C0537,2025-01-25,Credit Card,Delivered
O04465,C0840,2025-12-25,UPI,Delivered
O04466,C0408,2025-12-18,Cash on Delivery,Delivered
O04467,C0895,2025-10-22,Debit Card,Delivered
O04468,C0435,2025-05-25,Debit Card,Delivered
O04469,C0705,2025-02-15,UPI,Delivered
O04470,C0891,2025-03-22,Credit Card,Delivered
O04471,C0513,2025-02-20,Debit Card,Delivered
O04472,C0259,2025-04-25,Cash on Delivery,Delivered
O04473,C0950,2025-06-30,UPI,Delivered
O04474,C0763,2025-11-30,UPI,Delivered
O04475,C0338,2025-10-14,Cash on Delivery,Delivered
O04476,C0036,2025-10-07,UPI,Delivered
O04477,C0472,2025-10-22,Cash on Delivery,Delivered
O04478,C0382,2025-05-23,UPI,Delivered
O04479,C0139,2025-09-02,Credit Card,Delivered
O04480,C0503,2025-09-17,Debit Card,Returned
O04481,C0157,2025-01-07,Debit Card,Delivered
O04482,C0538,2025-04-01,UPI,Delivered
O04483,C0175,2025-01-18,Debit Card,Delivered
O04484,C0756,2025-10-30,Debit Card,Delivered
O04485,C0555,2025-09-28,Cash on Delivery,Delivered
O04486,C0210,2025-06-30,UPI,Delivered
O04487,C0193,2025-12-02,Debit Card,Returned
O04488,C0005,2025-12-31,Debit Card,Delivered
O04489,C0737,2025-11-23,Debit Card,Delivered
O04490,C0827,2025-08-27,Credit Card,Delivered
O04491,C0409,2025-02-15,Debit Card,Delivered
O04492,C0677,2025-03-17,Debit Card,Delivered
O04493,C0812,2025-07-22,Debit Card,Delivered
O04494,C0290,2025-11-19,Cash on Delivery,Delivered
O04495,C0208,2025-12-06,Debit Card,Delivered
O04496,C0566,2025-08-20,UPI,Delivered
O04497,C0519,2025-09-20,UPI,Delivered
O04498,C0389,2025-05-31,UPI,Delivered
O04499,C0092,2025-04-26,Credit Card,Cancelled
O04500,C0588,2025-08-29,UPI,Returned
O04501,C0740,2025-05-11,UPI,Delivered
O04502,C0811,2025-11-16,UPI,Delivered
O04503,C0645,2025-02-11,Cash on Delivery,Delivered
O04504,C0102,2025-09-21,Cash on Delivery,Delivered
O04505,C0963,2025-05-31,Credit Card,Returned
O04506,C0056,2025-12-14,Cash on Delivery,Returned
O04507,C0845,2025-11-23,Debit Card,Delivered
O04508,C0777,2025-06-19,Credit Card,Delivered
O04509,C0835,2025-09-27,Credit Card,Delivered
O04510,C0048,2025-11-21,UPI,Delivered
O04511,C0340,2025-03-21,Cash on Delivery,Delivered
O04512,C0750,2025-01-07,Cash on Delivery,Delivered
O04513,C0494,2025-05-15,UPI,Cancelled
O04514,C0931,2025-05-29,Cash on Delivery,Cancelled
O04515,C0693,2025-09-07,Credit Card,Returned
O04516,C0372,2025-09-07,Cash on Delivery,Delivered
O04517,C0671,2025-10-26,Debit Card,Delivered
O04518,C0776,2025-07-29,UPI,Delivered
O04519,C0451,2025-01-11,Debit Card,Delivered
O04520,C0206,2025-10-14,Debit Card,Delivered
O04521,C0991,2025-05-21,Debit Card,Delivered
O04522,C0200,2025-06-12,UPI,Delivered
O04523,C0723,2025-04-08,Cash on Delivery,Delivered
O04524,C0110,2025-12-18,UPI,Delivered
O04525,C0244,2025-06-24,Cash on Delivery,Cancelled
O04526,C0617,2025-06-26,Cash on Delivery,Delivered
O04527,C0934,2025-01-15,Credit Card,Delivered
O04528,C0040,2025-03-08,Cash on Delivery,Delivered
O04529,C0787,2025-09-10,Credit Card,Delivered
O04530,C0205,2025-05-14,Cash on Delivery,Delivered
O04531,C0256,2025-12-22,UPI,Delivered
O04532,C0505,2025-08-13,Debit Card,Delivered
O04533,C0116,2025-04-02,UPI,Delivered
O04534,C0027,2025-07-26,Cash on Delivery,Returned
O04535,C0068,2025-02-28,UPI,Delivered
O04536,C0943,2025-04-20,Cash on Delivery,Cancelled
O04537,C0661,2025-06-07,Cash on Delivery,Delivered
O04538,C0240,2025-08-24,UPI,Delivered
O04539,C0734,2025-07-07,UPI,Delivered
O04540,C0938,2025-09-04,UPI,Delivered
O04541,C0428,2025-07-19,Credit Card,Delivered
O04542,C0518,2025-01-01,Credit Card,Delivered
O04543,C0528,2025-08-29,Credit Card,Delivered
O04544,C0042,2025-12-06,UPI,Delivered
O04545,C0019,2025-12-31,UPI,Delivered
O04546,C0437,2025-08-07,Debit Card,Delivered
O04547,C0986,2025-09-25,Credit Card,Delivered
O04548,C0524,2025-11-06,Credit Card,Delivered
O04549,C0879,2025-02-04,Debit Card,Delivered
O04550,C0433,2025-10-25,UPI,Delivered
O04551,C0039,2025-10-25,Credit Card,Delivered
O04552,C0875,2025-09-20,UPI,Delivered
O04553,C0292,2025-09-22,Credit Card,Delivered
O04554,C0679,2025-07-15,UPI,Delivered
O04555,C0050,2025-03-02,UPI,Delivered
O04556,C0469,2025-11-29,Debit Card,Delivered
O04557,C0461,2025-11-28,Credit Card,Delivered
O04558,C0938,2025-05-28,UPI,Returned
O04559,C0582,2025-09-12,Cash on Delivery,Delivered
O04560,C0846,2025-07-15,UPI,Delivered
O04561,C0953,2025-11-24,Credit Card,Delivered
O04562,C0176,2025-04-19,Cash on Delivery,Delivered
O04563,C0566,2025-07-25,Cash on Delivery,Delivered
O04564,C0140,2025-05-31,UPI,Delivered
O04565,C0663,2025-02-24,Cash on Delivery,Delivered
O04566,C0767,2025-02-13,Debit Card,Delivered
O04567,C0383,2025-09-19,Credit Card,Delivered
O04568,C0904,2025-11-05,Cash on Delivery,Delivered
O04569,C0934,2025-10-18,UPI,Returned
O04570,C0894,2025-05-17,Credit Card,Delivered
O04571,C0249,2025-10-15,Cash on Delivery,Delivered
O04572,C0759,2025-03-28,Debit Card,Delivered
O04573,C0983,2025-06-22,Debit Card,Cancelled
O04574,C0714,2025-08-23,Cash on Delivery,Delivered
O04575,C0025,2025-07-12,Debit Card,Delivered
O04576,C0619,2025-04-05,UPI,Delivered
O04577,C0054,2025-04-03,Credit Card,Returned
O04578,C0447,2025-03-22,Credit Card,Delivered
O04579,C0698,2025-04-27,Debit Card,Delivered
O04580,C0627,2025-08-12,Debit Card,Delivered
O04581,C0262,2025-08-01,Debit Card,Delivered
O04582,C0207,2025-07-13,UPI,Delivered
O04583,C0080,2025-09-11,UPI,Returned
O04584,C0675,2025-05-04,Credit Card,Delivered
O04585,C0566,2025-09-07,UPI,Delivered
O04586,C0636,2025-09-30,UPI,Delivered
O04587,C0767,2025-12-21,Credit Card,Delivered
O04588,C0617,2025-10-23,Cash on Delivery,Delivered
O04589,C0267,2025-05-20,Credit Card,Delivered
O04590,C0538,2025-11-13,UPI,Returned
O04591,C0387,2025-07-04,Cash on Delivery,Delivered
O04592,C0249,2025-12-27,Debit Card,Returned
O04593,C0052,2025-07-28,Credit Card,Delivered
O04594,C0136,2025-10-05,Debit Card,Delivered
O04595,C0309,2025-09-01,Cash on Delivery,Returned
O04596,C0351,2025-10-03,Cash on Delivery,Returned
O04597,C0033,2025-08-17,Credit Card,Delivered
O04598,C0654,2025-12-11,Debit Card,Cancelled
O04599,C0558,2025-05-13,Debit Card,Delivered
O04600,C0140,2025-09-22,Debit Card,Returned
O04601,C0481,2025-06-19,Cash on Delivery,Delivered
O04602,C0020,2025-11-01,Debit Card,Delivered
O04603,C0185,2025-02-03,Credit Card,Delivered
O04604,C0503,2025-03-29,Cash on Delivery,Delivered
O04605,C0542,2025-10-24,Debit Card,Delivered
O04606,C0022,2025-06-13,Credit Card,Delivered
O04607,C0696,2025-07-05,UPI,Returned
O04608,C0602,2025-01-10,Debit Card,Delivered
O04609,C0909,2025-02-03,UPI,Delivered
O04610,C0797,2025-05-15,Debit Card,Cancelled
O04611,C0026,2025-05-30,Cash on Delivery,Delivered
O04612,C0284,2025-06-20,Credit Card,Delivered
O04613,C0586,2025-07-01,Credit Card,Delivered
O04614,C0219,2025-04-30,Cash on Delivery,Returned
O04615,C0725,2025-12-23,Cash on Delivery,Delivered
O04616,C0280,2025-10-02,Debit Card,Delivered
O04617,C0619,2025-06-08,Debit Card,Delivered
O04618,C0611,2025-04-24,UPI,Returned
O04619,C0151,2025-11-05,UPI,Delivered
O04620,C0121,2025-11-21,UPI,Delivered
O04621,C0764,2025-12-28,Debit Card,Delivered
O04622,C0127,2025-05-14,Credit Card,Delivered
O04623,C0637,2025-08-01,Credit Card,Delivered
O04624,C0135,2025-05-28,Cash on Delivery,Delivered
O04625,C0092,2025-06-23,Cash on Delivery,Delivered
O04626,C0717,2025-10-11,UPI,Delivered
O04627,C0516,2025-12-01,UPI,Delivered
O04628,C0572,2025-08-03,UPI,Delivered
O04629,C0523,2025-01-31,Debit Card,Delivered
O04630,C0917,2025-10-31,Cash on Delivery,Delivered
O04631,C0940,2025-06-25,UPI,Delivered
O04632,C0923,2025-09-17,UPI,Delivered
O04633,C0400,2025-10-09,UPI,Cancelled
O04634,C0846,2025-06-04,Credit Card,Returned
O04635,C0284,2025-09-11,Debit Card,Returned
O04636,C0344,2025-07-01,Debit Card,Delivered
O04637,C0199,2025-03-13,Cash on Delivery,Cancelled
O04638,C0526,2025-08-14,Cash on Delivery,Delivered
O04639,C0763,2025-11-27,Cash on Delivery,Delivered
O04640,C0627,2025-05-15,Cash on Delivery,Delivered
O04641,C0795,2025-02-08,UPI,Delivered
O04642,C0456,2025-06-08,Credit Card,Delivered
O04643,C0466,2025-04-28,Cash on Delivery,Delivered
O04644,C0999,2025-04-06,UPI,Delivered
O04645,C0925,2025-11-13,Credit Card,Cancelled
O04646,C0384,2025-10-12,Cash on Delivery,Delivered
O04647,C0543,2025-08-10,Credit Card,Delivered
O04648,C0588,2025-05-21,Credit Card,Delivered
O04649,C0889,2025-10-10,Credit Card,Delivered
O04650,C0921,2025-04-04,Credit Card,Delivered
O04651,C0053,2025-05-26,UPI,Delivered
O04652,C0764,2025-11-13,Cash on Delivery,Delivered
O04653,C0721,2025-10-10,UPI,Delivered
O04654,C0507,2025-12-17,Credit Card,Delivered
O04655,C0216,2025-05-25,Credit Card,Delivered
O04656,C0974,2025-10-04,Debit Card,Delivered
O04657,C0403,2025-04-16,Debit Card,Returned
O04658,C0777,2025-10-30,UPI,Cancelled
O04659,C0286,2025-04-17,UPI,Delivered
O04660,C0131,2025-01-09,Cash on Delivery,Delivered
O04661,C0010,2025-05-06,UPI,Delivered
O04662,C0885,2025-09-03,UPI,Delivered
O04663,C0026,2025-09-25,Debit Card,Delivered
O04664,C0855,2025-11-29,Debit Card,Cancelled
O04665,C0248,2025-04-30,Cash on Delivery,Returned
O04666,C0584,2025-03-03,Cash on Delivery,Delivered
O04667,C0620,2025-02-12,Debit Card,Delivered
O04668,C0638,2025-05-11,Debit Card,Delivered
O04669,C0280,2025-08-20,Debit Card,Delivered
O04670,C0296,2025-07-14,Credit Card,Delivered
O04671,C0651,2025-06-30,UPI,Delivered
O04672,C0899,2025-11-23,Cash on Delivery,Delivered
O04673,C0396,2025-08-25,UPI,Delivered
O04674,C0253,2025-05-15,Debit Card,Delivered
O04675,C0251,2025-06-28,UPI,Delivered
O04676,C0933,2025-07-25,Credit Card,Delivered
O04677,C0966,2025-10-09,Cash on Delivery,Delivered
O04678,C0634,2025-06-07,Debit Card,Delivered
O04679,C0815,2025-07-01,UPI,Delivered
O04680,C0969,2025-04-08,Debit Card,Delivered
O04681,C0072,2025-12-12,Cash on Delivery,Delivered
O04682,C0100,2025-11-06,Cash on Delivery,Delivered
O04683,C0947,2025-11-25,Cash on Delivery,Returned
O04684,C0356,2025-04-06,Credit Card,Returned
O04685,C0601,2025-01-20,Cash on Delivery,Delivered
O04686,C0896,2025-04-25,UPI,Returned
O04687,C0653,2025-01-08,Credit Card,Cancelled
O04688,C0554,2025-04-30,UPI,Delivered
O04689,C0959,2025-06-28,Credit Card,Delivered
O04690,C0173,2025-02-10,UPI,Returned
O04691,C0217,2025-06-05,Debit Card,Delivered
O04692,C0574,2025-06-13,Debit Card,Cancelled
O04693,C0525,2025-02-13,UPI,Cancelled
O04694,C0221,2025-07-26,UPI,Cancelled
O04695,C0463,2025-05-09,Cash on Delivery,Delivered
O04696,C0682,2025-05-04,Debit Card,Delivered
O04697,C0587,2025-10-26,Credit Card,Delivered
O04698,C0191,2025-08-25,UPI,Delivered
O04699,C0200,2025-11-29,Cash on Delivery,Delivered
O04700,C0373,2025-11-06,Cash on Delivery,Delivered
O04701,C0495,2025-08-24,Cash on Delivery,Cancelled
O04702,C0314,2025-09-06,Cash on Delivery,Cancelled
O04703,C0684,2025-05-17,UPI,Delivered
O04704,C0196,2025-07-03,Cash on Delivery,Delivered
O04705,C0980,2025-12-29,Debit Card,Delivered
O04706,C0242,2025-10-03,Cash on Delivery,Delivered
O04707,C0530,2025-08-06,Debit Card,Delivered
O04708,C0253,2025-09-21,Credit Card,Delivered
O04709,C0265,2025-04-16,UPI,Delivered
O04710,C0477,2025-04-26,Debit Card,Delivered
O04711,C0122,2025-12-16,Credit Card,Delivered
O04712,C0336,2025-05-28,Debit Card,Delivered
O04713,C0900,2025-09-02,UPI,Delivered
O04714,C0241,2025-03-27,Debit Card,Delivered
O04715,C0573,2025-06-15,Debit Card,Delivered
O04716,C0157,2025-08-25,Cash on Delivery,Delivered
O04717,C0881,2025-08-31,Cash on Delivery,Cancelled
O04718,C0793,2025-06-03,Cash on Delivery,Returned
O04719,C0797,2025-03-05,Debit Card,Delivered
O04720,C0113,2025-12-15,UPI,Delivered
O04721,C0471,2025-01-23,UPI,Delivered
O04722,C0410,2025-05-20,Credit Card,Delivered
O04723,C0714,2025-02-25,UPI,Delivered
O04724,C0584,2025-07-21,Credit Card,Delivered
O04725,C0784,2025-08-21,UPI,Delivered
O04726,C0218,2025-11-14,UPI,Delivered
O04727,C0731,2025-12-03,Credit Card,Delivered
O04728,C0769,2025-05-31,Cash on Delivery,Delivered
O04729,C0259,2025-07-07,Cash on Delivery,Delivered
O04730,C0512,2025-07-10,UPI,Delivered
O04731,C0115,2025-04-16,Credit Card,Delivered
O04732,C0169,2025-07-22,Debit Card,Returned
O04733,C0181,2025-10-21,Cash on Delivery,Delivered
O04734,C0100,2025-11-29,UPI,Delivered
O04735,C0898,2025-01-05,Cash on Delivery,Returned
O04736,C0972,2025-12-28,Cash on Delivery,Delivered
O04737,C0870,2025-01-07,Credit Card,Delivered
O04738,C0215,2025-01-06,Debit Card,Delivered
O04739,C0355,2025-09-19,Credit Card,Delivered
O04740,C0275,2025-06-20,UPI,Delivered
O04741,C0813,2025-12-10,Cash on Delivery,Delivered
O04742,C0258,2025-08-14,Cash on Delivery,Returned
O04743,C0880,2025-09-21,UPI,Cancelled
O04744,C0911,2025-11-23,Debit Card,Delivered
O04745,C0026,2025-05-20,Cash on Delivery,Delivered
O04746,C0881,2025-12-19,UPI,Delivered
O04747,C0136,2025-11-25,Cash on Delivery,Returned
O04748,C0588,2025-08-02,Cash on Delivery,Delivered
O04749,C0641,2025-10-30,Cash on Delivery,Delivered
O04750,C0645,2025-03-18,Debit Card,Delivered
O04751,C0342,2025-10-15,Cash on Delivery,Delivered
O04752,C0005,2025-05-07,UPI,Delivered
O04753,C0120,2025-11-01,Credit Card,Delivered
O04754,C0238,2025-07-12,UPI,Delivered
O04755,C0432,2025-02-01,UPI,Delivered
O04756,C0475,2025-04-21,UPI,Delivered
O04757,C0991,2025-10-24,Cash on Delivery,Delivered
O04758,C0633,2025-06-14,Credit Card,Delivered
O04759,C0495,2025-07-30,UPI,Delivered
O04760,C0905,2025-11-13,Cash on Delivery,Cancelled
O04761,C0122,2025-07-28,Cash on Delivery,Delivered
O04762,C0978,2025-07-18,Debit Card,Cancelled
O04763,C0077,2025-02-25,Debit Card,Delivered
O04764,C0519,2025-07-23,Debit Card,Returned
O04765,C0099,2025-04-29,Debit Card,Delivered
O04766,C0136,2025-12-14,UPI,Delivered
O04767,C0927,2025-02-18,Credit Card,Returned
O04768,C0854,2025-10-30,Cash on Delivery,Delivered
O04769,C0861,2025-11-19,Cash on Delivery,Returned
O04770,C0615,2025-02-25,Cash on Delivery,Delivered
O04771,C0334,2025-05-16,Cash on Delivery,Cancelled
O04772,C0549,2025-01-01,Credit Card,Delivered
O04773,C0840,2025-02-28,Debit Card,Delivered
O04774,C0425,2025-10-03,UPI,Delivered
O04775,C0315,2025-03-10,Credit Card,Delivered
O04776,C0504,2025-12-18,UPI,Returned
O04777,C0422,2025-08-21,Debit Card,Delivered
O04778,C0886,2025-03-03,Cash on Delivery,Delivered
O04779,C0551,2025-11-10,Debit Card,Delivered
O04780,C0617,2025-10-12,Debit Card,Cancelled
O04781,C0187,2025-02-20,UPI,Delivered
O04782,C0923,2025-04-07,Cash on Delivery,Cancelled
O04783,C0581,2025-01-14,Credit Card,Delivered
O04784,C0771,2025-02-15,Debit Card,Delivered
O04785,C0041,2025-10-06,Cash on Delivery,Delivered
O04786,C0817,2025-01-20,Credit Card,Cancelled
O04787,C0626,2025-04-11,Cash on Delivery,Delivered
O04788,C0590,2025-12-26,Cash on Delivery,Delivered
O04789,C0413,2025-10-02,Cash on Delivery,Delivered
O04790,C0301,2025-09-10,UPI,Returned
O04791,C0966,2025-03-01,Credit Card,Delivered
O04792,C0438,2025-04-18,Debit Card,Cancelled
O04793,C0619,2025-03-24,Debit Card,Returned
O04794,C0034,2025-03-15,Debit Card,Returned
O04795,C0593,2025-10-28,Cash on Delivery,Delivered
O04796,C0567,2025-08-12,Cash on Delivery,Delivered
O04797,C0414,2025-08-19,Credit Card,Delivered
O04798,C0006,2025-10-11,Credit Card,Delivered
O04799,C0062,2025-06-21,UPI,Delivered
O04800,C0747,2025-08-28,Cash on Delivery,Delivered
O04801,C0271,2025-05-28,Cash on Delivery,Delivered
O04802,C0808,2025-05-04,Debit Card,Cancelled
O04803,C0345,2025-06-15,Credit Card,Delivered
O04804,C0552,2025-03-22,Credit Card,Delivered
O04805,C0247,2025-06-09,UPI,Delivered
O04806,C0554,2025-12-31,Cash on Delivery,Delivered
O04807,C0272,2025-12-15,Debit Card,Delivered
O04808,C0686,2025-01-24,Credit Card,Delivered
O04809,C0104,2025-07-22,UPI,Delivered
O04810,C0997,2025-12-16,Cash on Delivery,Delivered
O04811,C0735,2025-01-19,Credit Card,Delivered
O04812,C0620,2025-04-02,Credit Card,Delivered
O04813,C0478,2025-04-26,Credit Card,Delivered
O04814,C0348,2025-10-06,UPI,Delivered
O04815,C0655,2025-07-11,UPI,Delivered
O04816,C0107,2025-03-07,UPI,Delivered
O04817,C0470,2025-07-24,Credit Card,Delivered
O04818,C0685,2025-10-27,Credit Card,Delivered
O04819,C0850,2025-11-20,Credit Card,Delivered
O04820,C0637,2025-06-28,Cash on Delivery,Delivered
O04821,C0684,2025-02-09,Credit Card,Delivered
O04822,C0551,2025-10-23,Debit Card,Delivered
O04823,C0659,2025-11-27,Credit Card,Delivered
O04824,C0650,2025-10-22,Credit Card,Delivered
O04825,C0092,2025-05-03,Credit Card,Delivered
O04826,C0984,2025-03-22,UPI,Delivered
O04827,C0297,2025-08-29,Debit Card,Delivered
O04828,C0520,2025-11-19,Credit Card,Cancelled
O04829,C0509,2025-11-06,Credit Card,Delivered
O04830,C0019,2025-12-14,Debit Card,Delivered
O04831,C0539,2025-10-28,Cash on Delivery,Returned
O04832,C0489,2025-09-04,Credit Card,Delivered
O04833,C0655,2025-08-21,Cash on Delivery,Delivered
O04834,C0130,2025-02-03,Credit Card,Delivered
O04835,C0919,2025-06-07,Credit Card,Cancelled
O04836,C0095,2025-05-02,Debit Card,Delivered
O04837,C0683,2025-05-12,Cash on Delivery,Delivered
O04838,C0927,2025-11-09,Credit Card,Delivered
O04839,C0987,2025-09-01,Credit Card,Delivered
O04840,C0086,2025-04-28,Credit Card,Delivered
O04841,C0154,2025-01-12,Debit Card,Delivered
O04842,C0980,2025-06-16,Debit Card,Delivered
O04843,C0444,2025-06-17,Debit Card,Delivered
O04844,C0747,2025-12-21,UPI,Delivered
O04845,C0620,2025-12-19,Cash on Delivery,Delivered
O04846,C0015,2025-05-22,Cash on Delivery,Delivered
O04847,C0273,2025-04-19,Cash on Delivery,Delivered
O04848,C0046,2025-08-13,UPI,Returned
O04849,C0730,2025-01-25,Debit Card,Cancelled
O04850,C0667,2025-06-16,Cash on Delivery,Cancelled
O04851,C0621,2025-01-20,Credit Card,Delivered
O04852,C0478,2025-02-14,UPI,Delivered
O04853,C0501,2025-03-16,Cash on Delivery,Delivered
O04854,C0067,2025-11-30,Cash on Delivery,Delivered
O04855,C0137,2025-07-24,UPI,Returned
O04856,C0017,2025-05-02,Credit Card,Delivered
O04857,C0692,2025-05-02,UPI,Cancelled
O04858,C0855,2025-09-27,Debit Card,Returned
O04859,C0154,2025-03-10,Credit Card,Delivered
O04860,C0780,2025-04-09,UPI,Cancelled
O04861,C0258,2025-10-03,UPI,Returned
O04862,C0274,2025-06-17,Credit Card,Delivered
O04863,C0666,2025-02-03,Cash on Delivery,Delivered
O04864,C0477,2025-06-27,UPI,Delivered
O04865,C0361,2025-07-11,UPI,Delivered
O04866,C0461,2025-08-02,Debit Card,Delivered
O04867,C0809,2025-12-11,Credit Card,Delivered
O04868,C0999,2025-09-24,Debit Card,Delivered
O04869,C0901,2025-03-20,UPI,Delivered
O04870,C0431,2025-08-26,Credit Card,Delivered
O04871,C0335,2025-02-28,Cash on Delivery,Delivered
O04872,C0665,2025-04-11,UPI,Delivered
O04873,C0779,2025-03-14,Debit Card,Delivered
O04874,C0590,2025-09-28,Credit Card,Returned
O04875,C0466,2025-10-18,UPI,Delivered
O04876,C0201,2025-01-13,Debit Card,Delivered
O04877,C0309,2025-06-08,Cash on Delivery,Cancelled
O04878,C0758,2025-05-05,Cash on Delivery,Delivered
O04879,C0826,2025-11-10,Debit Card,Returned
O04880,C0641,2025-12-26,Cash on Delivery,Delivered
O04881,C0603,2025-06-21,Debit Card,Returned
O04882,C0728,2025-08-14,Credit Card,Delivered
O04883,C0816,2025-10-31,UPI,Cancelled
O04884,C0578,2025-12-29,Debit Card,Delivered
O04885,C0639,2025-01-09,UPI,Delivered
O04886,C0254,2025-01-25,UPI,Returned
O04887,C0286,2025-03-29,UPI,Delivered
O04888,C0961,2025-03-13,Credit Card,Cancelled
O04889,C0564,2025-12-12,Credit Card,Delivered
O04890,C0613,2025-02-17,Debit Card,Returned
O04891,C0211,2025-02-18,UPI,Cancelled
O04892,C0618,2025-01-17,UPI,Delivered
O04893,C0873,2025-03-20,Debit Card,Delivered
O04894,C0806,2025-08-16,Debit Card,Delivered
O04895,C0867,2025-12-23,UPI,Delivered
O04896,C0272,2025-12-13,Debit Card,Delivered
O04897,C0323,2025-06-12,Debit Card,Delivered
O04898,C0905,2025-04-08,Cash on Delivery,Delivered
O04899,C0399,2025-11-09,Cash on Delivery,Delivered
O04900,C0848,2025-05-13,Debit Card,Delivered
O04901,C0426,2025-04-21,UPI,Delivered
O04902,C0718,2025-06-05,UPI,Delivered
O04903,C0052,2025-04-12,Credit Card,Delivered
O04904,C0222,2025-11-05,Cash on Delivery,Delivered
O04905,C0055,2025-04-08,UPI,Delivered
O04906,C0254,2025-03-12,Cash on Delivery,Delivered
O04907,C0580,2025-03-31,Credit Card,Delivered
O04908,C0279,2025-03-13,UPI,Delivered
O04909,C0754,2025-03-08,Debit Card,Delivered
O04910,C0180,2025-07-27,Debit Card,Delivered
O04911,C0678,2025-02-22,UPI,Delivered
O04912,C0285,2025-10-30,Credit Card,Delivered
O04913,C0352,2025-02-21,Cash on Delivery,Delivered
O04914,C0563,2025-02-06,Cash on Delivery,Cancelled
O04915,C0878,2025-06-04,Credit Card,Delivered
O04916,C0658,2025-10-20,Cash on Delivery,Delivered
O04917,C0734,2025-12-29,UPI,Delivered
O04918,C0874,2025-10-17,Cash on Delivery,Delivered
O04919,C0957,2025-10-05,Cash on Delivery,Delivered
O04920,C0959,2025-01-01,Credit Card,Delivered
O04921,C0553,2025-09-10,Credit Card,Delivered
O04922,C0012,2025-07-29,Debit Card,Delivered
O04923,C0283,2025-09-19,UPI,Delivered
O04924,C0984,2025-05-16,Credit Card,Delivered
O04925,C0829,2025-09-15,Credit Card,Cancelled
O04926,C0147,2025-07-10,Credit Card,Cancelled
O04927,C0377,2025-02-08,UPI,Delivered
O04928,C0650,2025-09-18,Cash on Delivery,Delivered
O04929,C0350,2025-03-13,UPI,Cancelled
O04930,C0803,2025-05-08,Debit Card,Delivered
O04931,C0174,2025-02-17,UPI,Delivered
O04932,C0486,2025-04-27,Debit Card,Delivered
O04933,C0292,2025-04-17,Cash on Delivery,Delivered
O04934,C0001,2025-05-27,Debit Card,Delivered
O04935,C0467,2025-10-25,UPI,Delivered
O04936,C0424,2025-12-08,Cash on Delivery,Delivered
O04937,C0481,2025-05-28,Credit Card,Delivered
O04938,C0473,2025-12-31,Cash on Delivery,Delivered
O04939,C0125,2025-11-18,Cash on Delivery,Delivered
O04940,C0453,2025-04-22,Cash on Delivery,Delivered
O04941,C0895,2025-01-13,Debit Card,Delivered
O04942,C0934,2025-03-02,UPI,Returned
O04943,C0174,2025-06-22,Credit Card,Returned
O04944,C0445,2025-12-21,UPI,Delivered
O04945,C0175,2025-12-28,Cash on Delivery,Cancelled
O04946,C0953,2025-12-21,Debit Card,Returned
O04947,C0430,2025-08-31,Credit Card,Delivered
O04948,C0570,2025-12-06,Credit Card,Delivered
O04949,C0111,2025-06-06,UPI,Delivered
O04950,C0082,2025-02-14,Cash on Delivery,Delivered
O04951,C0859,2025-07-11,Credit Card,Delivered
O04952,C0765,2025-01-13,Debit Card,Delivered
O04953,C0675,2025-06-01,Debit Card,Delivered
O04954,C0682,2025-05-04,Debit Card,Delivered
O04955,C0020,2025-08-12,UPI,Delivered
O04956,C0458,2025-05-11,UPI,Delivered
O04957,C0896,2025-02-11,Debit Card,Delivered
O04958,C0087,2025-07-22,Cash on Delivery,Delivered
O04959,C0879,2025-07-19,Cash on Delivery,Returned
O04960,C0131,2025-04-23,Cash on Delivery,Delivered
O04961,C0193,2025-09-21,Cash on Delivery,Delivered
O04962,C0356,2025-10-04,Debit Card,Delivered
O04963,C0746,2025-02-21,Credit Card,Delivered
O04964,C0858,2025-12-12,Debit Card,Delivered
O04965,C0765,2025-08-28,UPI,Delivered
O04966,C0924,2025-08-22,UPI,Delivered
O04967,C0957,2025-05-02,Credit Card,Delivered
O04968,C0847,2025-05-19,Credit Card,Delivered
O04969,C0926,2025-04-24,Credit Card,Delivered
O04970,C0053,2025-03-24,Cash on Delivery,Delivered
O04971,C0794,2025-07-23,Debit Card,Delivered
O04972,C0218,2025-11-13,UPI,Cancelled
O04973,C0177,2025-04-24,Cash on Delivery,Delivered
O04974,C0263,2025-02-01,Credit Card,Delivered
O04975,C0576,2025-11-03,UPI,Delivered
O04976,C0031,2025-04-01,Credit Card,Delivered
O04977,C0352,2025-12-10,Credit Card,Delivered
O04978,C0232,2025-11-05,Debit Card,Delivered
O04979,C0985,2025-09-13,Credit Card,Delivered
O04980,C0579,2025-03-30,Cash on Delivery,Delivered
O04981,C0503,2025-06-01,Cash on Delivery,Delivered
O04982,C0891,2025-08-17,Debit Card,Delivered
O04983,C0851,2025-07-03,UPI,Delivered
O04984,C0858,2025-12-21,Credit Card,Returned
O04985,C0213,2025-02-08,Credit Card,Returned
O04986,C0150,2025-08-24,Debit Card,Delivered
O04987,C0688,2025-07-06,UPI,Delivered
O04988,C0939,2025-10-07,UPI,Delivered
O04989,C0465,2025-06-04,Credit Card,Delivered
O04990,C0212,2025-06-07,Debit Card,Delivered
O04991,C0366,2025-12-17,Credit Card,Delivered
O04992,C0689,2025-04-26,UPI,Delivered
O04993,C0741,2025-04-26,Debit Card,Delivered
O04994,C0912,2025-09-19,UPI,Delivered
O04995,C0194,2025-12-28,UPI,Delivered
O04996,C0791,2025-10-02,UPI,Delivered
O04997,C0680,2025-03-08,Debit Card,Delivered
O04998,C0146,2025-07-23,UPI,Delivered
O04999,C0789,2025-10-28,UPI,Delivered
O05000,C0995,2025-06-01,UPI,Delivered
