review_id,customer_id,product_id,rating,review_text,review_date
R00001,C0238,P0066,4,Average product,2025-12-04
R00002,C0593,P0073,3,Worth the price,2025-01-11
R00003,C0287,P0073,5,Good product,2025-08-10
R00004,C0567,P0041,3,Average product,2025-11-17
R00005,C0347,P0038,4,Worth the price,2025-03-06
R00006,C0516,P0047,4,Average product,2025-06-16
R00007,C0600,P0038,5,Good product,2025-07-17
R00008,C0789,P0020,4,Very good quality,2025-02-26
R00009,C0116,P0038,4,Average product,2025-06-12
R00010,C0411,P0036,4,Average product,2025-10-05
R00011,C0941,P0029,3,Average product,2025-12-26
R00012,C0203,P0034,3,Very good quality,2025-12-13
R00013,C0509,P0018,4,Worth the price,2025-08-19
R00014,C0957,P0066,4,Not satisfied,2025-05-03
R00015,C0549,P0068,3,Good product,2025-01-06
R00016,C0840,P0023,3,Not satisfied,2025-06-25
R00017,C0189,P0035,3,Worth the price,2025-11-05
R00018,C0352,P0026,1,Very good quality,2025-04-06
R00019,C0083,P0027,2,Average product,2025-02-24
R00020,C0766,P0059,4,Very good quality,2025-07-05
R00021,C0372,P0099,5,Worth the price,2025-06-25
R00022,C0719,P0048,4,Not satisfied,2025-05-27
R00023,C0509,P0068,4,Excellent product,2025-06-02
R00024,C0974,P0066,5,Good product,2025-07-04
R00025,C0022,P0062,4,Very good quality,2025-04-04
R00026,C0867,P0008,5,Average product,2025-08-18
R00027,C0016,P0057,3,Average product,2025-06-13
R00028,C0688,P0001,4,Excellent product,2025-08-28
R00029,C0168,P0012,3,Worth the price,2025-09-18
R00030,C0103,P0029,4,Worth the price,2025-12-24
R00031,C0575,P0094,3,Excellent product,2025-10-22
R00032,C0626,P0072,1,Very good quality,2025-03-10
R00033,C0639,P0005,2,Excellent product,2025-05-04
R00034,C0603,P0042,3,Very good quality,2025-12-12
R00035,C0394,P0028,1,Good product,2025-08-20
R00036,C0482,P0024,4,Worth the price,2025-07-06
R00037,C0432,P0015,1,Very good quality,2025-12-04
R00038,C0161,P0012,3,Good product,2025-12-10
R00039,C0260,P0041,5,Good product,2025-05-01
R00040,C0393,P0091,4,Excellent product,2025-01-13
R00041,C0799,P0060,2,Not satisfied,2025-08-28
R00042,C0156,P0007,3,Not satisfied,2025-05-24
R00043,C0465,P0039,4,Not satisfied,2025-02-13
R00044,C0010,P0044,5,Average product,2025-12-11
R00045,C0442,P0029,5,Very good quality,2025-04-11
R00046,C0436,P0081,2,Average product,2025-08-06
R00047,C0303,P0056,2,Worth the price,2025-03-26
R00048,C0282,P0041,5,Not satisfied,2025-10-04
R00049,C0204,P0075,3,Excellent product,2025-02-03
R00050,C0919,P0066,3,Good product,2025-03-22
R00051,C0831,P0042,5,Not satisfied,2025-09-01
R00052,C0567,P0089,4,Good product,2025-04-11
R00053,C0264,P0066,4,Excellent product,2025-11-17
R00054,C0807,P0093,4,Very good quality,2025-04-15
R00055,C0259,P0023,2,Not satisfied,2025-07-01
R00056,C0940,P0094,4,Average product,2025-12-21
R00057,C0879,P0039,3,Not satisfied,2025-07-09
R00058,C0240,P0035,5,Average product,2025-03-04
R00059,C0164,P0033,4,Not satisfied,2025-09-20
R00060,C0761,P0073,5,Good product,2025-02-01
R00061,C0698,P0080,5,Excellent product,2025-09-28
R00062,C0079,P0078,4,Excellent product,2025-09-26
R00063,C0178,P0045,5,Very good quality,2025-01-23
R00064,C0624,P0057,4,Worth the price,2025-02-19
R00065,C0302,P0005,4,Excellent product,2025-11-05
R00066,C0326,P0011,5,Very good quality,2025-02-06
R00067,C0350,P0019,4,Not satisfied,2025-08-05
R00068,C0482,P0088,3,Worth the price,2025-10-02
R00069,C0180,P0045,3,Excellent product,2025-01-23
R00070,C0295,P0081,4,Worth the price,2025-02-12
R00071,C0808,P0073,1,Average product,2025-01-19
R00072,C0257,P0012,4,Average product,2025-12-23
R00073,C0081,P0037,3,Excellent product,2025-01-27
R00074,C0823,P0009,4,Average product,2025-03-21
R00075,C0921,P0015,5,Excellent product,2025-12-08
R00076,C0427,P0055,4,Average product,2025-11-25
R00077,C0705,P0077,5,Worth the price,2025-09-21
R00078,C0773,P0057,4,Good product,2025-06-14
R00079,C0045,P0062,4,Worth the price,2025-05-24
R00080,C0702,P0007,4,Excellent product,2025-07-07
R00081,C0566,P0031,5,Average product,2025-08-06
R00082,C0430,P0095,4,Worth the price,2025-11-03
R00083,C0902,P0010,5,Very good quality,2025-10-06
R00084,C0795,P0017,5,Good product,2025-07-17
R00085,C0461,P0043,4,Very good quality,2025-01-17
R00086,C0798,P0012,2,Worth the price,2025-12-12
R00087,C0467,P0023,4,Good product,2025-05-02
R00088,C0066,P0039,5,Excellent product,2025-11-09
R00089,C0578,P0018,4,Not satisfied,2025-02-23
R00090,C0852,P0007,5,Very good quality,2025-07-06
R00091,C0584,P0009,4,Worth the price,2025-09-19
R00092,C0728,P0069,5,Excellent product,2025-06-29
R00093,C0368,P0061,4,Good product,2025-09-29
R00094,C0867,P0058,4,Excellent product,2025-01-17
R00095,C0649,P0051,3,Average product,2025-02-20
R00096,C0288,P0036,3,Worth the price,2025-09-04
R00097,C0336,P0053,4,Not satisfied,2025-06-16
R00098,C0671,P0064,5,Average product,2025-09-18
R00099,C0572,P0055,5,Not satisfied,2025-07-06
R00100,C0873,P0079,5,Not satisfied,2025-12-16
R00101,C0224,P0027,4,Average product,2025-03-11
R00102,C0289,P0082,5,Average product,2025-09-09
R00103,C0669,P0031,3,Very good quality,2025-08-20
R00104,C0653,P0092,5,Excellent product,2025-05-10
R00105,C0327,P0077,4,Very good quality,2025-03-02
R00106,C0361,P0060,5,Worth the price,2025-02-25
R00107,C0276,P0038,3,Average product,2025-08-02
R00108,C0681,P0047,2,Very good quality,2025-04-01
R00109,C0980,P0032,4,Worth the price,2025-02-25
R00110,C0809,P0080,4,Worth the price,2025-10-27
R00111,C0692,P0023,1,Good product,2025-08-30
R00112,C0670,P0017,5,Worth the price,2025-04-23
R00113,C0514,P0013,2,Worth the price,2025-03-08
R00114,C0662,P0052,3,Good product,2025-03-02
R00115,C0544,P0072,1,Worth the price,2025-10-09
R00116,C0591,P0023,2,Average product,2025-06-16
R00117,C0832,P0037,3,Average product,2025-08-01
R00118,C0513,P0010,3,Worth the price,2025-09-23
R00119,C0533,P0015,4,Not satisfied,2025-05-13
R00120,C0707,P0052,4,Not satisfied,2025-07-20
R00121,C0605,P0008,2,Very good quality,2025-04-29
R00122,C0011,P0045,4,Average product,2025-07-06
R00123,C0312,P0033,5,Excellent product,2025-10-01
R00124,C0471,P0040,4,Excellent product,2025-07-19
R00125,C0051,P0067,4,Excellent product,2025-01-29
R00126,C0704,P0047,5,Very good quality,2025-03-29
R00127,C0063,P0025,3,Worth the price,2025-03-31
R00128,C0500,P0012,5,Good product,2025-10-27
R00129,C0549,P0060,4,Excellent product,2025-09-05
R00130,C0727,P0006,3,Average product,2025-09-28
R00131,C0673,P0039,4,Good product,2025-11-07
R00132,C0005,P0004,5,Excellent product,2025-11-03
R00133,C0939,P0026,4,Excellent product,2025-09-06
R00134,C0866,P0004,2,Not satisfied,2025-06-17
R00135,C0031,P0091,4,Not satisfied,2025-05-20
R00136,C0148,P0052,5,Good product,2025-01-09
R00137,C0917,P0049,3,Good product,2025-10-16
R00138,C0440,P0067,1,Worth the price,2025-10-02
R00139,C0779,P0096,3,Good product,2025-11-25
R00140,C0687,P0027,2,Worth the price,2025-01-11
R00141,C0221,P0044,4,Worth the price,2025-01-27
R00142,C0282,P0045,3,Average product,2025-07-13
R00143,C0243,P0040,3,Not satisfied,2025-08-16
R00144,C0270,P0041,2,Excellent product,2025-09-14
R00145,C0231,P0079,5,Very good quality,2025-12-07
R00146,C0840,P0026,4,Worth the price,2025-04-25
R00147,C0549,P0096,5,Not satisfied,2025-10-16
R00148,C0595,P0009,4,Average product,2025-04-30
R00149,C0539,P0024,1,Not satisfied,2025-05-05
R00150,C0842,P0046,2,Very good quality,2025-06-08
R00151,C0948,P0011,5,Very good quality,2025-06-01
R00152,C0375,P0073,3,Excellent product,2025-05-19
R00153,C0157,P0085,4,Good product,2025-04-04
R00154,C0996,P0045,4,Average product,2025-05-02
R00155,C0279,P0079,5,Very good quality,2025-08-02
R00156,C0169,P0065,4,Very good quality,2025-07-29
R00157,C0882,P0049,5,Good product,2025-02-08
R00158,C0749,P0037,1,Average product,2025-11-16
R00159,C0824,P0094,2,Average product,2025-07-27
R00160,C0401,P0023,3,Average product,2025-02-23
R00161,C0706,P0057,4,Very good quality,2025-06-18
R00162,C0477,P0024,2,Very good quality,2025-02-20
R00163,C0807,P0052,3,Very good quality,2025-01-18
R00164,C0239,P0031,3,Good product,2025-02-02
R00165,C0049,P0026,5,Worth the price,2025-07-17
R00166,C0350,P0079,5,Excellent product,2025-12-18
R00167,C0126,P0018,4,Average product,2025-07-31
R00168,C0247,P0028,4,Average product,2025-08-28
R00169,C0593,P0079,5,Not satisfied,2025-12-25
R00170,C0126,P0007,4,Very good quality,2025-06-23
R00171,C0625,P0054,5,Excellent product,2025-09-22
R00172,C0711,P0045,4,Average product,2025-03-01
R00173,C0105,P0083,4,Very good quality,2025-06-16
R00174,C0392,P0069,4,Good product,2025-05-28
R00175,C0443,P0009,3,Excellent product,2025-01-07
R00176,C0309,P0008,1,Not satisfied,2025-05-04
R00177,C0338,P0015,4,Good product,2025-12-20
R00178,C0841,P0086,4,Very good quality,2025-06-27
R00179,C0425,P0041,3,Average product,2025-01-19
R00180,C0217,P0091,4,Very good quality,2025-05-07
R00181,C0871,P0066,4,Excellent product,2025-02-22
R00182,C0755,P0078,2,Not satisfied,2025-03-05
R00183,C0371,P0060,4,Average product,2025-09-07
R00184,C0580,P0015,2,Average product,2025-09-18
R00185,C0180,P0033,4,Very good quality,2025-11-20
R00186,C0845,P0060,5,Worth the price,2025-09-19
R00187,C0535,P0052,2,Average product,2025-11-03
R00188,C0781,P0005,3,Very good quality,2025-05-11
R00189,C0884,P0067,3,Excellent product,2025-04-15
R00190,C0325,P0023,2,Excellent product,2025-07-08
R00191,C0516,P0041,4,Excellent product,2025-12-28
R00192,C0480,P0085,4,Worth the price,2025-07-28
R00193,C0818,P0011,3,Not satisfied,2025-12-20
R00194,C0979,P0071,5,Very good quality,2025-01-06
R00195,C0329,P0059,4,Not satisfied,2025-10-10
R00196,C0464,P0069,5,Not satisfied,2025-11-07
R00197,C0033,P0074,2,Average product,2025-09-07
R00198,C0277,P0035,5,Average product,2025-11-01
R00199,C0102,P0086,5,Excellent product,2025-04-21
R00200,C0958,P0097,4,Average product,2025-08-18
R00201,C0760,P0091,5,Worth the price,2025-12-01
R00202,C0986,P0018,5,Not satisfied,2025-09-30
R00203,C0204,P0068,3,Not satisfied,2025-02-22
R00204,C0875,P0087,4,Good product,2025-10-24
R00205,C0567,P0023,4,Not satisfied,2025-06-14
R00206,C0061,P0094,3,Worth the price,2025-11-23
R00207,C0687,P0003,3,Worth the price,2025-07-19
R00208,C0444,P0099,4,Good product,2025-04-16
R00209,C0069,P0019,5,Average product,2025-09-28
R00210,C0748,P0056,5,Not satisfied,2025-09-21
R00211,C0387,P0046,5,Worth the price,2025-05-06
R00212,C0506,P0067,4,Worth the price,2025-11-15
R00213,C0878,P0099,3,Excellent product,2025-02-18
R00214,C0639,P0045,4,Very good quality,2025-10-07
R00215,C0706,P0030,4,Average product,2025-08-17
R00216,C0246,P0094,2,Very good quality,2025-04-30
R00217,C0981,P0069,4,Excellent product,2025-06-21
R00218,C0065,P0011,4,Very good quality,2025-06-27
R00219,C0060,P0051,4,Average product,2025-01-25
R00220,C0927,P0092,4,Very good quality,2025-01-29
R00221,C0521,P0015,5,Not satisfied,2025-05-22
R00222,C0395,P0069,3,Good product,2025-03-24
R00223,C0073,P0082,2,Worth the price,2025-09-02
R00224,C0336,P0026,4,Worth the price,2025-01-28
R00225,C0076,P0080,4,Not satisfied,2025-11-02
R00226,C0102,P0083,4,Excellent product,2025-02-12
R00227,C0140,P0068,4,Not satisfied,2025-08-26
R00228,C0593,P0050,4,Good product,2025-01-18
R00229,C0313,P0074,2,Not satisfied,2025-12-06
R00230,C0677,P0041,4,Excellent product,2025-01-14
R00231,C0919,P0056,4,Not satisfied,2025-01-03
R00232,C0877,P0095,5,Good product,2025-04-29
R00233,C0609,P0041,5,Good product,2025-04-19
R00234,C0231,P0031,3,Not satisfied,2025-06-27
R00235,C0318,P0049,3,Worth the price,2025-09-03
R00236,C0104,P0088,2,Good product,2025-06-24
R00237,C0458,P0012,4,Average product,2025-05-24
R00238,C0332,P0035,4,Excellent product,2025-01-31
R00239,C0149,P0006,2,Excellent product,2025-08-04
R00240,C0026,P0081,5,Average product,2025-09-07
R00241,C0313,P0030,4,Worth the price,2025-07-05
R00242,C0257,P0076,4,Average product,2025-06-22
R00243,C0057,P0098,4,Average product,2025-03-20
R00244,C0324,P0033,2,Very good quality,2025-03-13
R00245,C0463,P0089,2,Good product,2025-09-29
R00246,C0118,P0012,2,Good product,2025-12-18
R00247,C0183,P0045,4,Excellent product,2025-03-03
R00248,C0065,P0040,3,Very good quality,2025-07-02
R00249,C0254,P0076,5,Worth the price,2025-12-21
R00250,C0024,P0017,5,Good product,2025-01-02
R00251,C0958,P0030,5,Average product,2025-06-22
R00252,C0986,P0050,4,Excellent product,2025-03-09
R00253,C0713,P0056,5,Not satisfied,2025-12-31
R00254,C0364,P0082,4,Good product,2025-11-14
R00255,C0949,P0014,2,Not satisfied,2025-05-21
R00256,C0276,P0073,5,Good product,2025-05-02
R00257,C0101,P0052,4,Good product,2025-10-29
R00258,C0871,P0093,4,Not satisfied,2025-05-17
R00259,C0430,P0015,2,Not satisfied,2025-07-16
R00260,C0759,P0060,3,Good product,2025-01-23
R00261,C0253,P0093,5,Good product,2025-09-05
R00262,C0697,P0026,2,Excellent product,2025-06-26
R00263,C0619,P0014,3,Average product,2025-09-28
R00264,C0318,P0063,3,Average product,2025-06-05
R00265,C0082,P0094,4,Not satisfied,2025-12-30
R00266,C0512,P0010,5,Average product,2025-02-23
R00267,C0868,P0066,5,Very good quality,2025-08-14
R00268,C0242,P0096,4,Worth the price,2025-04-01
R00269,C0785,P0042,5,Very good quality,2025-03-21
R00270,C0344,P0061,3,Not satisfied,2025-06-01
R00271,C0011,P0099,5,Excellent product,2025-05-14
R00272,C0251,P0008,4,Excellent product,2025-11-20
R00273,C0714,P0031,3,Average product,2025-05-13
R00274,C0850,P0038,4,Very good quality,2025-12-25
R00275,C0114,P0002,5,Worth the price,2025-03-16
R00276,C0094,P0040,4,Average product,2025-10-06
R00277,C0622,P0065,3,Average product,2025-10-12
R00278,C0312,P0067,5,Not satisfied,2025-05-04
R00279,C0756,P0096,5,Not satisfied,2025-05-29
R00280,C0745,P0077,5,Very good quality,2025-02-20
R00281,C0197,P0006,1,Good product,2025-12-05
R00282,C0963,P0029,3,Excellent product,2025-10-17
R00283,C0834,P0099,5,Average product,2025-08-10
R00284,C0616,P0093,4,Good product,2025-08-06
R00285,C0311,P0068,4,Excellent product,2025-12-25
R00286,C0667,P0027,4,Good product,2025-12-21
R00287,C0677,P0046,2,Not satisfied,2025-06-06
R00288,C0043,P0042,5,Very good quality,2025-06-08
R00289,C0711,P0073,5,Good product,2025-01-22
R00290,C0623,P0037,5,Worth the price,2025-12-17
R00291,C0258,P0013,3,Average product,2025-07-14
R00292,C0794,P0062,5,Not satisfied,2025-08-26
R00293,C0635,P0001,4,Average product,2025-04-19
R00294,C0376,P0023,4,Excellent product,2025-08-18
R00295,C0748,P0092,4,Average product,2025-06-28
R00296,C0225,P0082,4,Average product,2025-08-23
R00297,C0446,P0077,5,Average product,2025-02-21
R00298,C0846,P0044,1,Very good quality,2025-05-25
R00299,C0158,P0019,4,Very good quality,2025-10-15
R00300,C0420,P0041,4,Very good quality,2025-06-07
R00301,C0600,P0099,5,Good product,2025-05-02
R00302,C0577,P0073,3,Not satisfied,2025-10-02
R00303,C0692,P0045,4,Excellent product,2025-03-15
R00304,C0367,P0065,1,Average product,2025-09-28
R00305,C0362,P0057,2,Good product,2025-05-27
R00306,C0191,P0059,2,Not satisfied,2025-10-13
R00307,C0320,P0071,5,Excellent product,2025-05-08
R00308,C0048,P0052,4,Very good quality,2025-01-12
R00309,C0497,P0014,5,Very good quality,2025-03-11
R00310,C0091,P0012,4,Average product,2025-08-26
R00311,C0148,P0069,4,Very good quality,2025-12-28
R00312,C0657,P0038,4,Not satisfied,2025-10-06
R00313,C0957,P0085,4,Average product,2025-06-13
R00314,C0500,P0067,4,Very good quality,2025-08-19
R00315,C0575,P0072,5,Not satisfied,2025-09-23
R00316,C0086,P0003,4,Average product,2025-09-08
R00317,C0733,P0048,3,Not satisfied,2025-02-13
R00318,C0726,P0074,3,Worth the price,2025-07-30
R00319,C0049,P0062,5,Good product,2025-11-05
R00320,C0233,P0002,5,Not satisfied,2025-06-23
R00321,C0308,P0006,4,Good product,2025-07-29
R00322,C0451,P0038,4,Good product,2025-10-04
R00323,C0306,P0028,3,Worth the price,2025-05-16
R00324,C0219,P0063,2,Worth the price,2025-02-11
R00325,C0804,P0081,5,Average product,2025-04-04
R00326,C0037,P0097,5,Excellent product,2025-07-10
R00327,C0250,P0046,4,Good product,2025-02-24
R00328,C0768,P0061,3,Excellent product,2025-08-24
R00329,C0982,P0068,4,Worth the price,2025-09-14
R00330,C0212,P0052,2,Good product,2025-03-20
R00331,C0098,P0092,3,Excellent product,2025-10-07
R00332,C0848,P0026,2,Worth the price,2025-04-11
R00333,C0491,P0061,3,Average product,2025-02-21
R00334,C0803,P0099,4,Very good quality,2025-01-13
R00335,C0569,P0048,1,Excellent product,2025-04-06
R00336,C0842,P0007,4,Not satisfied,2025-09-25
R00337,C0126,P0033,3,Worth the price,2025-02-18
R00338,C0500,P0014,4,Excellent product,2025-04-27
R00339,C0102,P0033,1,Worth the price,2025-12-18
R00340,C0002,P0099,4,Not satisfied,2025-07-31
R00341,C0408,P0082,5,Good product,2025-11-20
R00342,C0971,P0060,3,Excellent product,2025-05-02
R00343,C0864,P0024,4,Not satisfied,2025-08-17
R00344,C0235,P0091,4,Good product,2025-06-29
R00345,C0264,P0012,4,Very good quality,2025-02-25
R00346,C0144,P0085,4,Worth the price,2025-05-01
R00347,C0213,P0039,5,Worth the price,2025-07-28
R00348,C0158,P0031,4,Worth the price,2025-09-21
R00349,C0027,P0061,5,Average product,2025-01-12
R00350,C0406,P0044,3,Good product,2025-05-28
R00351,C0442,P0032,5,Very good quality,2025-02-26
R00352,C0647,P0031,5,Very good quality,2025-03-18
R00353,C0784,P0051,2,Average product,2025-02-26
R00354,C0072,P0084,2,Good product,2025-06-25
R00355,C0812,P0014,3,Very good quality,2025-09-19
R00356,C0732,P0035,3,Not satisfied,2025-08-10
R00357,C0122,P0078,4,Not satisfied,2025-07-16
R00358,C0470,P0075,2,Excellent product,2025-10-02
R00359,C0954,P0026,5,Excellent product,2025-05-17
R00360,C0671,P0099,4,Worth the price,2025-02-07
R00361,C0098,P0026,3,Good product,2025-05-02
R00362,C0147,P0058,5,Worth the price,2025-04-12
R00363,C0430,P0071,5,Very good quality,2025-01-07
R00364,C0631,P0097,3,Very good quality,2025-10-23
R00365,C0092,P0014,4,Average product,2025-07-08
R00366,C0803,P0083,3,Very good quality,2025-12-25
R00367,C0793,P0041,5,Worth the price,2025-11-20
R00368,C0573,P0021,2,Worth the price,2025-08-28
R00369,C0889,P0001,2,Very good quality,2025-07-19
R00370,C0659,P0077,1,Excellent product,2025-02-27
R00371,C0524,P0061,5,Worth the price,2025-08-28
R00372,C0291,P0083,4,Worth the price,2025-12-15
R00373,C0527,P0052,4,Average product,2025-10-13
R00374,C0640,P0082,5,Very good quality,2025-08-31
R00375,C0491,P0006,3,Excellent product,2025-05-02
R00376,C0075,P0029,4,Excellent product,2025-05-16
R00377,C0110,P0026,5,Good product,2025-10-23
R00378,C0452,P0053,5,Very good quality,2025-11-23
R00379,C0653,P0056,5,Excellent product,2025-06-19
R00380,C0209,P0015,5,Not satisfied,2025-01-07
R00381,C0497,P0006,4,Very good quality,2025-01-22
R00382,C0570,P0021,2,Very good quality,2025-09-01
R00383,C0020,P0076,5,Excellent product,2025-01-23
R00384,C0876,P0041,5,Worth the price,2025-06-22
R00385,C0821,P0096,4,Good product,2025-12-20
R00386,C0347,P0029,5,Good product,2025-12-27
R00387,C0125,P0064,3,Good product,2025-07-31
R00388,C0303,P0075,5,Not satisfied,2025-07-17
R00389,C0299,P0087,3,Excellent product,2025-03-09
R00390,C0706,P0084,4,Not satisfied,2025-04-08
R00391,C0160,P0091,5,Average product,2025-09-29
R00392,C0454,P0003,4,Very good quality,2025-04-07
R00393,C0470,P0063,3,Not satisfied,2025-07-28
R00394,C0964,P0012,5,Good product,2025-02-21
R00395,C0043,P0082,3,Excellent product,2025-04-02
R00396,C0989,P0036,5,Excellent product,2025-11-04
R00397,C0256,P0043,4,Good product,2025-03-23
R00398,C0779,P0070,4,Not satisfied,2025-07-12
R00399,C0228,P0094,3,Very good quality,2025-08-27
R00400,C0252,P0012,3,Average product,2025-09-12
R00401,C0999,P0040,4,Not satisfied,2025-03-07
R00402,C0639,P0083,5,Excellent product,2025-09-10
R00403,C0926,P0056,4,Not satisfied,2025-01-16
R00404,C0909,P0015,3,Average product,2025-11-06
R00405,C0833,P0099,5,Good product,2025-03-07
R00406,C0948,P0052,4,Very good quality,2025-01-29
R00407,C0473,P0042,5,Worth the price,2025-01-17
R00408,C0646,P0022,3,Average product,2025-11-20
R00409,C0174,P0022,2,Excellent product,2025-09-26
R00410,C0406,P0039,4,Not satisfied,2025-12-14
R00411,C0740,P0005,5,Worth the price,2025-12-25
R00412,C0312,P0051,4,Worth the price,2025-08-23
R00413,C0022,P0081,5,Excellent product,2025-04-08
R00414,C0169,P0025,5,Excellent product,2025-05-25
R00415,C0559,P0048,2,Not satisfied,2025-01-08
R00416,C0795,P0076,2,Not satisfied,2025-07-15
R00417,C0219,P0064,1,Good product,2025-03-10
R00418,C0663,P0061,1,Very good quality,2025-09-02
R00419,C0007,P0078,4,Very good quality,2025-09-28
R00420,C0278,P0047,4,Very good quality,2025-07-26
R00421,C0411,P0063,2,Good product,2025-03-08
R00422,C0426,P0041,5,Not satisfied,2025-11-27
R00423,C0590,P0081,3,Excellent product,2025-09-26
R00424,C0582,P0054,3,Very good quality,2025-07-22
R00425,C0890,P0077,3,Not satisfied,2025-04-17
R00426,C0479,P0092,1,Good product,2025-07-01
R00427,C0197,P0026,1,Excellent product,2025-07-27
R00428,C0303,P0029,5,Good product,2025-03-12
R00429,C0546,P0006,4,Excellent product,2025-03-20
R00430,C0907,P0042,3,Excellent product,2025-07-25
R00431,C0571,P0029,4,Very good quality,2025-02-12
R00432,C0616,P0013,5,Good product,2025-07-30
R00433,C0398,P0061,4,Worth the price,2025-07-29
R00434,C0780,P0010,5,Worth the price,2025-03-01
R00435,C0086,P0038,4,Average product,2025-01-21
R00436,C0389,P0035,4,Very good quality,2025-11-21
R00437,C0040,P0086,5,Very good quality,2025-12-06
R00438,C0516,P0009,3,Not satisfied,2025-06-27
R00439,C0811,P0058,4,Not satisfied,2025-08-14
R00440,C0736,P0026,5,Worth the price,2025-10-03
R00441,C0374,P0080,3,Average product,2025-01-02
R00442,C0499,P0093,4,Excellent product,2025-04-06
R00443,C0285,P0076,3,Worth the price,2025-06-02
R00444,C0985,P0046,4,Not satisfied,2025-03-16
R00445,C0654,P0020,4,Excellent product,2025-03-05
R00446,C0550,P0010,5,Worth the price,2025-06-06
R00447,C0335,P0093,2,Good product,2025-02-20
R00448,C0225,P0026,4,Excellent product,2025-05-13
R00449,C0044,P0083,4,Very good quality,2025-03-23
R00450,C0784,P0089,5,Very good quality,2025-06-18
R00451,C0109,P0049,2,Good product,2025-11-23
R00452,C0785,P0004,4,Average product,2025-08-08
R00453,C0712,P0083,4,Worth the price,2025-10-11
R00454,C0716,P0030,4,Average product,2025-05-03
R00455,C0306,P0063,2,Very good quality,2025-12-18
R00456,C0131,P0075,5,Average product,2025-06-16
R00457,C0052,P0038,4,Very good quality,2025-09-25
R00458,C0962,P0047,2,Very good quality,2025-05-15
R00459,C0214,P0037,1,Very good quality,2025-03-28
R00460,C0525,P0066,3,Good product,2025-11-17
R00461,C0209,P0009,5,Not satisfied,2025-12-25
R00462,C0549,P0087,2,Worth the price,2025-09-03
R00463,C0362,P0007,3,Very good quality,2025-09-17
R00464,C0502,P0067,5,Good product,2025-03-17
R00465,C0744,P0007,4,Worth the price,2025-02-20
R00466,C0445,P0031,4,Good product,2025-09-07
R00467,C0613,P0010,3,Good product,2025-07-05
R00468,C0951,P0085,3,Excellent product,2025-01-28
R00469,C0610,P0096,3,Worth the price,2025-02-18
R00470,C0609,P0096,2,Not satisfied,2025-02-17
R00471,C0903,P0068,3,Good product,2025-05-16
R00472,C0753,P0041,4,Good product,2025-09-12
R00473,C0684,P0036,3,Not satisfied,2025-06-03
R00474,C0213,P0087,4,Not satisfied,2025-03-16
R00475,C0058,P0074,3,Not satisfied,2025-12-11
R00476,C0564,P0048,4,Not satisfied,2025-05-30
R00477,C0126,P0029,4,Not satisfied,2025-02-28
R00478,C0482,P0068,4,Excellent product,2025-12-20
R00479,C0061,P0030,4,Average product,2025-05-11
R00480,C0848,P0077,4,Average product,2025-10-27
R00481,C0732,P0056,3,Very good quality,2025-10-07
R00482,C0483,P0085,4,Not satisfied,2025-06-24
R00483,C0017,P0045,5,Worth the price,2025-08-14
R00484,C0743,P0056,4,Very good quality,2025-05-13
R00485,C0700,P0011,5,Good product,2025-10-10
R00486,C0958,P0045,4,Very good quality,2025-11-20
R00487,C0378,P0068,4,Worth the price,2025-07-04
R00488,C0438,P0058,4,Worth the price,2025-08-19
R00489,C0666,P0087,5,Average product,2025-05-11
R00490,C0042,P0012,4,Worth the price,2025-02-06
R00491,C0957,P0041,5,Excellent product,2025-02-04
R00492,C0183,P0089,4,Excellent product,2025-11-28
R00493,C0756,P0076,4,Good product,2025-09-24
R00494,C0695,P0099,5,Average product,2025-01-31
R00495,C0429,P0087,4,Average product,2025-04-22
R00496,C0417,P0014,4,Not satisfied,2025-11-28
R00497,C0175,P0040,2,Excellent product,2025-08-25
R00498,C0507,P0024,3,Excellent product,2025-12-26
R00499,C0350,P0082,2,Worth the price,2025-12-10
R00500,C0833,P0012,5,Good product,2025-06-18
R00501,C0859,P0053,5,Excellent product,2025-10-04
R00502,C0127,P0061,4,Worth the price,2025-05-03
R00503,C0885,P0100,2,Worth the price,2025-01-15
R00504,C0346,P0043,2,Excellent product,2025-06-17
R00505,C0586,P0034,2,Excellent product,2025-12-31
R00506,C0675,P0039,5,Not satisfied,2025-01-30
R00507,C0293,P0021,4,Good product,2025-11-25
R00508,C0006,P0001,3,Not satisfied,2025-04-09
R00509,C0616,P0019,5,Worth the price,2025-04-16
R00510,C0551,P0056,3,Good product,2025-01-02
R00511,C0930,P0070,3,Worth the price,2025-02-11
R00512,C0955,P0074,4,Average product,2025-08-27
R00513,C0604,P0038,5,Not satisfied,2025-11-14
R00514,C0707,P0007,5,Worth the price,2025-10-25
R00515,C0693,P0066,4,Average product,2025-08-20
R00516,C0730,P0030,4,Good product,2025-03-03
R00517,C0462,P0086,5,Excellent product,2025-02-18
R00518,C0875,P0081,4,Very good quality,2025-08-23
R00519,C0949,P0087,4,Not satisfied,2025-12-30
R00520,C0136,P0040,3,Worth the price,2025-06-13
R00521,C0048,P0002,2,Good product,2025-08-22
R00522,C0108,P0066,4,Average product,2025-09-29
R00523,C0808,P0048,2,Very good quality,2025-10-25
R00524,C0928,P0086,5,Not satisfied,2025-07-16
R00525,C0425,P0012,1,Worth the price,2025-07-04
R00526,C0491,P0009,1,Good product,2025-12-04
R00527,C0877,P0075,4,Average product,2025-05-27
R00528,C0823,P0085,4,Good product,2025-12-02
R00529,C0987,P0023,1,Not satisfied,2025-10-24
R00530,C0056,P0063,5,Excellent product,2025-01-15
R00531,C0429,P0043,4,Excellent product,2025-10-04
R00532,C0683,P0017,3,Not satisfied,2025-06-11
R00533,C0888,P0001,5,Worth the price,2025-10-28
R00534,C0236,P0096,4,Excellent product,2025-09-18
R00535,C0625,P0085,4,Average product,2025-05-18
R00536,C0093,P0029,5,Average product,2025-08-24
R00537,C0690,P0072,4,Good product,2025-03-23
R00538,C0124,P0054,5,Good product,2025-05-04
R00539,C0157,P0089,5,Excellent product,2025-04-04
R00540,C0157,P0054,3,Good product,2025-05-10
R00541,C0178,P0023,5,Not satisfied,2025-01-29
R00542,C0662,P0057,5,Worth the price,2025-03-09
R00543,C0859,P0058,2,Not satisfied,2025-10-24
R00544,C0007,P0040,2,Worth the price,2025-06-17
R00545,C0218,P0082,1,Very good quality,2025-08-28
R00546,C0834,P0056,5,Very good quality,2025-10-01
R00547,C0440,P0019,4,Very good quality,2025-05-09
R00548,C0492,P0028,2,Excellent product,2025-04-21
R00549,C0739,P0095,2,Good product,2025-11-12
R00550,C0719,P0083,2,Average product,2025-04-26
R00551,C0666,P0001,3,Excellent product,2025-10-27
R00552,C0460,P0050,5,Excellent product,2025-01-07
R00553,C0571,P0052,3,Worth the price,2025-02-14
R00554,C0688,P0061,3,Not satisfied,2025-06-29
R00555,C0207,P0019,5,Average product,2025-08-20
R00556,C0558,P0047,5,Very good quality,2025-06-25
R00557,C0373,P0048,5,Not satisfied,2025-03-10
R00558,C0883,P0086,4,Worth the price,2025-12-25
R00559,C0067,P0011,5,Good product,2025-07-08
R00560,C0753,P0074,4,Good product,2025-04-05
R00561,C0850,P0058,5,Very good quality,2025-05-09
R00562,C0023,P0014,3,Very good quality,2025-12-16
R00563,C0888,P0073,1,Very good quality,2025-03-05
R00564,C0534,P0053,3,Excellent product,2025-07-26
R00565,C0757,P0052,3,Very good quality,2025-04-24
R00566,C0149,P0006,5,Excellent product,2025-08-02
R00567,C0942,P0040,3,Excellent product,2025-10-18
R00568,C0306,P0086,5,Very good quality,2025-12-21
R00569,C0914,P0061,2,Not satisfied,2025-07-16
R00570,C0709,P0092,4,Very good quality,2025-05-17
R00571,C0129,P0002,4,Not satisfied,2025-01-30
R00572,C0856,P0075,4,Very good quality,2025-05-21
R00573,C0441,P0026,5,Excellent product,2025-09-09
R00574,C0460,P0036,2,Very good quality,2025-09-28
R00575,C0257,P0018,2,Worth the price,2025-02-13
R00576,C0981,P0010,2,Good product,2025-03-20
R00577,C0520,P0032,5,Excellent product,2025-12-05
R00578,C0108,P0099,5,Very good quality,2025-06-23
R00579,C0988,P0095,2,Not satisfied,2025-07-29
R00580,C0479,P0098,5,Average product,2025-12-23
R00581,C0652,P0011,2,Average product,2025-06-04
R00582,C0364,P0077,5,Not satisfied,2025-11-22
R00583,C0225,P0049,4,Good product,2025-10-03
R00584,C0874,P0007,5,Good product,2025-08-22
R00585,C0715,P0065,5,Worth the price,2025-03-04
R00586,C0546,P0085,3,Worth the price,2025-01-21
R00587,C0268,P0039,3,Average product,2025-12-02
R00588,C0090,P0018,4,Not satisfied,2025-11-01
R00589,C0206,P0041,1,Average product,2025-10-09
R00590,C0379,P0092,1,Not satisfied,2025-06-03
R00591,C0964,P0042,5,Good product,2025-07-24
R00592,C0930,P0008,4,Very good quality,2025-05-27
R00593,C0350,P0092,4,Good product,2025-06-07
R00594,C0527,P0037,5,Not satisfied,2025-02-23
R00595,C0401,P0008,5,Very good quality,2025-05-31
R00596,C0401,P0080,4,Excellent product,2025-01-20
R00597,C0553,P0098,2,Excellent product,2025-12-06
R00598,C0653,P0085,4,Excellent product,2025-08-25
R00599,C0139,P0030,5,Excellent product,2025-06-24
R00600,C0983,P0083,3,Worth the price,2025-04-16
R00601,C0261,P0091,2,Excellent product,2025-02-20
R00602,C0976,P0083,3,Worth the price,2025-01-23
R00603,C0958,P0018,4,Excellent product,2025-11-14
R00604,C0604,P0023,3,Average product,2025-07-03
R00605,C0702,P0014,1,Very good quality,2025-10-05
R00606,C0560,P0039,4,Excellent product,2025-03-02
R00607,C0743,P0086,5,Not satisfied,2025-06-25
R00608,C0903,P0096,4,Average product,2025-03-09
R00609,C0938,P0088,4,Very good quality,2025-08-03
R00610,C0299,P0024,2,Excellent product,2025-01-17
R00611,C0678,P0044,4,Worth the price,2025-11-20
R00612,C0997,P0079,4,Excellent product,2025-10-03
R00613,C0806,P0095,4,Very good quality,2025-01-23
R00614,C0789,P0079,4,Very good quality,2025-11-29
R00615,C0918,P0059,3,Excellent product,2025-07-31
R00616,C0713,P0094,5,Good product,2025-05-06
R00617,C0282,P0020,5,Good product,2025-08-22
R00618,C0217,P0063,4,Excellent product,2025-01-12
R00619,C0754,P0067,3,Good product,2025-11-14
R00620,C0248,P0046,5,Very good quality,2025-11-24
R00621,C0573,P0032,5,Excellent product,2025-01-17
R00622,C0146,P0073,4,Worth the price,2025-04-15
R00623,C0182,P0074,4,Average product,2025-05-06
R00624,C0121,P0066,5,Good product,2025-02-25
R00625,C0940,P0019,4,Good product,2025-02-08
R00626,C0769,P0085,4,Worth the price,2025-12-28
R00627,C0724,P0069,1,Average product,2025-06-23
R00628,C0645,P0035,4,Good product,2025-01-01
R00629,C0317,P0096,3,Excellent product,2025-05-28
R00630,C0843,P0010,4,Not satisfied,2025-12-31
R00631,C0690,P0090,4,Average product,2025-01-16
R00632,C0616,P0057,5,Not satisfied,2025-06-21
R00633,C0363,P0093,5,Not satisfied,2025-03-18
R00634,C0527,P0057,4,Good product,2025-02-05
R00635,C0726,P0056,5,Good product,2025-12-21
R00636,C0922,P0048,5,Good product,2025-03-08
R00637,C0187,P0021,4,Not satisfied,2025-11-11
R00638,C0989,P0052,1,Good product,2025-09-26
R00639,C0921,P0072,4,Average product,2025-09-21
R00640,C0321,P0035,4,Average product,2025-07-08
R00641,C0048,P0086,3,Average product,2025-09-06
R00642,C0082,P0096,3,Good product,2025-01-05
R00643,C0748,P0099,1,Average product,2025-09-23
R00644,C0278,P0043,4,Average product,2025-06-26
R00645,C0053,P0052,5,Worth the price,2025-02-26
R00646,C0816,P0056,4,Good product,2025-03-29
R00647,C0844,P0099,4,Worth the price,2025-11-12
R00648,C0408,P0078,5,Very good quality,2025-10-12
R00649,C0236,P0075,4,Average product,2025-11-11
R00650,C0166,P0087,2,Average product,2025-05-05
R00651,C0682,P0045,4,Worth the price,2025-02-06
R00652,C0139,P0085,2,Excellent product,2025-04-25
R00653,C0971,P0052,5,Excellent product,2025-07-18
R00654,C0358,P0059,1,Average product,2025-02-15
R00655,C0304,P0072,5,Average product,2025-07-10
R00656,C0118,P0025,1,Not satisfied,2025-08-11
R00657,C0293,P0050,3,Average product,2025-07-12
R00658,C0452,P0048,5,Worth the price,2025-02-27
R00659,C0344,P0044,5,Average product,2025-11-30
R00660,C0233,P0005,1,Not satisfied,2025-09-16
R00661,C0462,P0012,5,Good product,2025-10-30
R00662,C0265,P0083,2,Excellent product,2025-02-09
R00663,C0308,P0018,2,Very good quality,2025-12-18
R00664,C0031,P0040,4,Good product,2025-08-12
R00665,C0552,P0082,5,Very good quality,2025-08-17
R00666,C0612,P0017,5,Very good quality,2025-11-24
R00667,C0126,P0087,1,Good product,2025-06-05
R00668,C0952,P0059,5,Not satisfied,2025-09-13
R00669,C0983,P0092,3,Very good quality,2025-04-19
R00670,C0562,P0066,5,Good product,2025-03-25
R00671,C0620,P0057,1,Good product,2025-01-19
R00672,C0385,P0067,5,Average product,2025-09-08
R00673,C0669,P0014,5,Excellent product,2025-05-19
R00674,C0928,P0068,4,Average product,2025-07-15
R00675,C0566,P0023,4,Good product,2025-01-13
R00676,C0832,P0049,4,Average product,2025-05-22
R00677,C0993,P0021,3,Good product,2025-09-29
R00678,C0112,P0025,4,Worth the price,2025-09-11
R00679,C0942,P0025,4,Worth the price,2025-01-06
R00680,C0813,P0021,5,Very good quality,2025-03-18
R00681,C0597,P0078,3,Worth the price,2025-10-17
R00682,C0948,P0086,4,Good product,2025-05-23
R00683,C0375,P0026,3,Good product,2025-08-21
R00684,C0361,P0057,4,Not satisfied,2025-09-20
R00685,C0760,P0038,4,Good product,2025-05-02
R00686,C0952,P0080,5,Worth the price,2025-11-13
R00687,C0057,P0090,5,Not satisfied,2025-07-08
R00688,C0911,P0011,1,Good product,2025-03-13
R00689,C0489,P0013,4,Worth the price,2025-06-05
R00690,C0139,P0012,3,Average product,2025-01-06
R00691,C0569,P0050,4,Average product,2025-10-06
R00692,C0181,P0051,4,Not satisfied,2025-06-09
R00693,C0747,P0062,4,Not satisfied,2025-08-12
R00694,C0374,P0054,5,Excellent product,2025-10-04
R00695,C0756,P0098,4,Average product,2025-06-30
R00696,C0398,P0083,3,Average product,2025-09-08
R00697,C0339,P0078,3,Average product,2025-05-29
R00698,C0978,P0074,5,Not satisfied,2025-03-17
R00699,C0629,P0073,3,Average product,2025-08-26
R00700,C0752,P0042,5,Not satisfied,2025-08-10
R00701,C0588,P0036,5,Not satisfied,2025-10-15
R00702,C0859,P0081,4,Very good quality,2025-06-26
R00703,C0703,P0095,4,Worth the price,2025-03-24
R00704,C0084,P0071,4,Worth the price,2025-07-09
R00705,C0373,P0024,5,Excellent product,2025-03-27
R00706,C0451,P0045,4,Excellent product,2025-02-17
R00707,C0250,P0065,3,Very good quality,2025-02-05
R00708,C0677,P0015,3,Good product,2025-09-13
R00709,C0864,P0073,3,Very good quality,2025-07-10
R00710,C0984,P0087,4,Excellent product,2025-09-30
R00711,C0971,P0097,3,Good product,2025-04-24
R00712,C0508,P0071,4,Not satisfied,2025-06-19
R00713,C0366,P0031,1,Not satisfied,2025-11-30
R00714,C0609,P0072,5,Not satisfied,2025-10-10
R00715,C0250,P0067,4,Not satisfied,2025-09-27
R00716,C0688,P0094,4,Worth the price,2025-09-08
R00717,C0051,P0073,4,Worth the price,2025-05-10
R00718,C0359,P0041,4,Excellent product,2025-07-26
R00719,C0154,P0054,5,Worth the price,2025-07-16
R00720,C0350,P0016,5,Very good quality,2025-12-21
R00721,C0679,P0023,3,Very good quality,2025-11-20
R00722,C0629,P0022,5,Not satisfied,2025-03-11
R00723,C0315,P0092,4,Excellent product,2025-08-01
R00724,C0068,P0036,4,Worth the price,2025-03-04
R00725,C0539,P0011,1,Worth the price,2025-04-12
R00726,C0447,P0055,4,Worth the price,2025-10-09
R00727,C0548,P0037,5,Average product,2025-05-18
R00728,C0218,P0053,5,Worth the price,2025-11-25
R00729,C0199,P0052,4,Worth the price,2025-09-22
R00730,C0526,P0006,4,Good product,2025-02-08
R00731,C0468,P0097,4,Excellent product,2025-09-14
R00732,C0913,P0055,5,Good product,2025-06-02
R00733,C0538,P0031,3,Worth the price,2025-05-07
R00734,C0190,P0002,3,Worth the price,2025-11-14
R00735,C0067,P0013,4,Not satisfied,2025-08-13
R00736,C0465,P0054,5,Good product,2025-11-21
R00737,C0519,P0075,2,Average product,2025-01-05
R00738,C0289,P0011,2,Excellent product,2025-09-28
R00739,C0984,P0008,4,Very good quality,2025-12-27
R00740,C0395,P0050,5,Excellent product,2025-02-20
R00741,C0735,P0021,2,Good product,2025-08-03
R00742,C0678,P0069,4,Good product,2025-11-08
R00743,C0766,P0010,4,Worth the price,2025-11-29
R00744,C0484,P0059,5,Worth the price,2025-01-15
R00745,C0058,P0030,2,Worth the price,2025-05-29
R00746,C0057,P0068,4,Worth the price,2025-11-03
R00747,C0906,P0092,2,Good product,2025-10-02
R00748,C0994,P0013,5,Excellent product,2025-02-14
R00749,C0862,P0088,5,Very good quality,2025-06-07
R00750,C0716,P0067,4,Worth the price,2025-06-16
R00751,C0190,P0012,5,Average product,2025-03-01
R00752,C0538,P0045,3,Excellent product,2025-11-01
R00753,C0793,P0043,5,Average product,2025-11-08
R00754,C0268,P0083,3,Good product,2025-03-31
R00755,C0025,P0041,3,Worth the price,2025-02-07
R00756,C0668,P0020,5,Not satisfied,2025-11-25
R00757,C0756,P0029,4,Average product,2025-05-27
R00758,C0125,P0044,3,Average product,2025-09-26
R00759,C0653,P0024,2,Not satisfied,2025-09-19
R00760,C0443,P0094,4,Average product,2025-03-04
R00761,C0060,P0077,5,Not satisfied,2025-02-15
R00762,C0870,P0062,5,Average product,2025-08-28
R00763,C0717,P0035,4,Worth the price,2025-08-30
R00764,C0039,P0034,3,Very good quality,2025-09-17
R00765,C0889,P0072,1,Average product,2025-05-25
R00766,C0201,P0004,3,Very good quality,2025-03-19
R00767,C0842,P0069,4,Good product,2025-02-02
R00768,C0635,P0019,1,Not satisfied,2025-06-04
R00769,C0772,P0009,5,Not satisfied,2025-07-15
R00770,C0160,P0022,5,Not satisfied,2025-07-28
R00771,C0498,P0054,5,Good product,2025-02-20
R00772,C0315,P0083,4,Good product,2025-02-02
R00773,C0954,P0058,5,Good product,2025-08-13
R00774,C0422,P0077,5,Excellent product,2025-08-31
R00775,C0959,P0065,3,Very good quality,2025-11-19
R00776,C0511,P0078,3,Worth the price,2025-09-15
R00777,C0622,P0057,4,Average product,2025-03-21
R00778,C0394,P0012,5,Average product,2025-12-12
R00779,C0103,P0028,4,Good product,2025-08-15
R00780,C0274,P0097,4,Worth the price,2025-07-20
R00781,C0633,P0001,5,Good product,2025-12-21
R00782,C0917,P0084,5,Excellent product,2025-06-25
R00783,C0402,P0096,2,Average product,2025-07-24
R00784,C0463,P0041,4,Good product,2025-12-21
R00785,C0050,P0060,1,Very good quality,2025-07-14
R00786,C0816,P0062,2,Excellent product,2025-04-21
R00787,C0161,P0034,2,Very good quality,2025-06-10
R00788,C0512,P0086,2,Average product,2025-02-25
R00789,C0783,P0098,3,Excellent product,2025-11-04
R00790,C0255,P0080,2,Very good quality,2025-05-16
R00791,C0538,P0097,3,Worth the price,2025-09-19
R00792,C0193,P0096,4,Average product,2025-02-02
R00793,C0242,P0049,4,Worth the price,2025-06-14
R00794,C0136,P0017,5,Excellent product,2025-09-14
R00795,C0284,P0052,4,Good product,2025-04-26
R00796,C0862,P0096,5,Very good quality,2025-08-13
R00797,C0477,P0015,3,Excellent product,2025-09-20
R00798,C0394,P0095,5,Very good quality,2025-12-15
R00799,C0288,P0076,5,Average product,2025-07-15
R00800,C0038,P0057,3,Good product,2025-01-18
R00801,C0490,P0029,4,Very good quality,2025-05-20
R00802,C0751,P0035,5,Worth the price,2025-07-12
R00803,C0046,P0026,2,Good product,2025-02-27
R00804,C0965,P0090,3,Good product,2025-09-04
R00805,C0821,P0018,3,Good product,2025-01-26
R00806,C0060,P0006,4,Worth the price,2025-08-20
R00807,C0469,P0083,4,Excellent product,2025-11-11
R00808,C0289,P0016,4,Not satisfied,2025-06-20
R00809,C0895,P0026,5,Not satisfied,2025-05-17
R00810,C0911,P0038,4,Average product,2025-02-24
R00811,C0237,P0077,1,Very good quality,2025-12-09
R00812,C0560,P0089,5,Excellent product,2025-10-26
R00813,C0174,P0080,3,Excellent product,2025-07-04
R00814,C0387,P0029,4,Excellent product,2025-03-03
R00815,C0291,P0021,4,Good product,2025-08-18
R00816,C0209,P0050,4,Very good quality,2025-02-22
R00817,C0743,P0013,4,Not satisfied,2025-08-17
R00818,C0679,P0058,3,Worth the price,2025-04-27
R00819,C0191,P0041,4,Very good quality,2025-04-11
R00820,C0635,P0097,3,Not satisfied,2025-01-30
R00821,C0793,P0001,4,Very good quality,2025-05-14
R00822,C0906,P0002,2,Excellent product,2025-07-17
R00823,C0780,P0027,4,Excellent product,2025-07-01
R00824,C0579,P0084,2,Worth the price,2025-05-15
R00825,C0310,P0099,4,Average product,2025-05-10
R00826,C0272,P0065,5,Average product,2025-09-14
R00827,C0822,P0062,3,Average product,2025-03-03
R00828,C0083,P0088,2,Excellent product,2025-01-15
R00829,C0844,P0032,3,Excellent product,2025-09-18
R00830,C0809,P0094,5,Worth the price,2025-07-03
R00831,C0672,P0042,5,Very good quality,2025-03-08
R00832,C0892,P0086,2,Average product,2025-11-23
R00833,C0777,P0073,5,Good product,2025-12-28
R00834,C0138,P0054,5,Excellent product,2025-04-11
R00835,C0596,P0027,2,Very good quality,2025-06-07
R00836,C0507,P0070,4,Average product,2025-10-05
R00837,C0754,P0088,4,Not satisfied,2025-01-30
R00838,C0549,P0070,4,Good product,2025-03-23
R00839,C0133,P0035,4,Excellent product,2025-10-05
R00840,C0532,P0076,3,Very good quality,2025-11-27
R00841,C0735,P0059,5,Very good quality,2025-09-06
R00842,C0593,P0039,2,Average product,2025-08-25
R00843,C0788,P0058,4,Average product,2025-04-02
R00844,C0179,P0047,5,Worth the price,2025-07-13
R00845,C0685,P0025,3,Not satisfied,2025-09-24
R00846,C0975,P0099,5,Worth the price,2025-03-02
R00847,C0608,P0090,2,Very good quality,2025-09-10
R00848,C0878,P0046,4,Worth the price,2025-05-04
R00849,C0006,P0032,5,Worth the price,2025-09-02
R00850,C0018,P0025,4,Not satisfied,2025-05-08
R00851,C0014,P0044,5,Excellent product,2025-01-27
R00852,C0430,P0001,4,Not satisfied,2025-08-09
R00853,C0024,P0023,5,Average product,2025-09-03
R00854,C0733,P0046,2,Good product,2025-11-27
R00855,C0992,P0065,5,Very good quality,2025-01-16
R00856,C0345,P0026,5,Good product,2025-05-23
R00857,C0257,P0021,4,Worth the price,2025-03-03
R00858,C0468,P0060,5,Not satisfied,2025-07-26
R00859,C0587,P0035,5,Excellent product,2025-02-18
R00860,C0961,P0093,4,Good product,2025-05-21
R00861,C0761,P0024,4,Good product,2025-08-01
R00862,C0400,P0046,2,Average product,2025-11-19
R00863,C0510,P0067,4,Good product,2025-02-27
R00864,C0621,P0054,4,Not satisfied,2025-08-01
R00865,C0617,P0061,4,Excellent product,2025-04-02
R00866,C0942,P0012,3,Excellent product,2025-08-02
R00867,C0407,P0053,3,Worth the price,2025-09-16
R00868,C0714,P0068,5,Not satisfied,2025-02-27
R00869,C0376,P0052,5,Worth the price,2025-01-03
R00870,C0756,P0031,3,Worth the price,2025-10-13
R00871,C0349,P0020,3,Average product,2025-05-07
R00872,C0467,P0054,4,Excellent product,2025-12-29
R00873,C0705,P0031,4,Excellent product,2025-09-17
R00874,C0792,P0094,5,Average product,2025-12-08
R00875,C0946,P0010,3,Worth the price,2025-02-14
R00876,C0278,P0038,3,Worth the price,2025-04-07
R00877,C0649,P0034,3,Average product,2025-03-20
R00878,C0851,P0080,4,Average product,2025-03-27
R00879,C0202,P0008,3,Good product,2025-09-22
R00880,C0646,P0017,2,Excellent product,2025-02-28
R00881,C0399,P0079,5,Average product,2025-05-16
R00882,C0354,P0037,4,Average product,2025-08-23
R00883,C0283,P0062,4,Not satisfied,2025-09-08
R00884,C0023,P0050,3,Not satisfied,2025-06-06
R00885,C0139,P0009,5,Good product,2025-05-02
R00886,C0563,P0004,5,Excellent product,2025-08-03
R00887,C0886,P0056,3,Not satisfied,2025-02-05
R00888,C0579,P0033,5,Worth the price,2025-01-06
R00889,C0079,P0038,5,Average product,2025-06-10
R00890,C0472,P0032,5,Not satisfied,2025-05-26
R00891,C0696,P0038,1,Worth the price,2025-01-13
R00892,C0006,P0070,5,Worth the price,2025-12-07
R00893,C0503,P0028,5,Average product,2025-01-07
R00894,C0394,P0049,4,Worth the price,2025-10-20
R00895,C0919,P0019,5,Worth the price,2025-03-12
R00896,C0656,P0098,5,Good product,2025-05-25
R00897,C0504,P0046,1,Not satisfied,2025-03-08
R00898,C0552,P0084,5,Excellent product,2025-09-24
R00899,C0654,P0064,5,Worth the price,2025-10-20
R00900,C0047,P0079,3,Average product,2025-09-06
R00901,C0852,P0021,3,Average product,2025-11-02
R00902,C0269,P0054,4,Very good quality,2025-08-29
R00903,C0003,P0009,5,Excellent product,2025-05-13
R00904,C0826,P0007,4,Very good quality,2025-07-05
R00905,C0845,P0043,5,Very good quality,2025-03-21
R00906,C0826,P0030,4,Average product,2025-12-20
R00907,C0550,P0040,5,Average product,2025-02-11
R00908,C0815,P0042,4,Very good quality,2025-11-09
R00909,C0083,P0011,1,Worth the price,2025-11-26
R00910,C0839,P0015,5,Average product,2025-05-22
R00911,C0743,P0075,3,Excellent product,2025-07-09
R00912,C0186,P0023,1,Worth the price,2025-05-18
R00913,C0996,P0040,4,Worth the price,2025-02-16
R00914,C0393,P0027,3,Worth the price,2025-01-04
R00915,C0409,P0002,5,Good product,2025-10-11
R00916,C0026,P0074,1,Not satisfied,2025-09-15
R00917,C0242,P0080,5,Not satisfied,2025-08-13
R00918,C0794,P0071,5,Good product,2025-11-25
R00919,C0883,P0019,5,Excellent product,2025-07-17
R00920,C0943,P0077,5,Worth the price,2025-08-30
R00921,C0689,P0025,3,Worth the price,2025-07-24
R00922,C0398,P0034,3,Average product,2025-10-14
R00923,C0646,P0001,5,Excellent product,2025-07-31
R00924,C0970,P0029,4,Very good quality,2025-11-15
R00925,C0958,P0088,5,Worth the price,2025-08-16
R00926,C0864,P0093,2,Excellent product,2025-10-20
R00927,C0345,P0039,4,Good product,2025-01-28
R00928,C0695,P0019,5,Excellent product,2025-02-16
R00929,C0924,P0015,3,Worth the price,2025-11-17
R00930,C0774,P0007,3,Average product,2025-09-17
R00931,C0538,P0048,4,Worth the price,2025-11-28
R00932,C0535,P0053,3,Not satisfied,2025-05-27
R00933,C0445,P0068,2,Excellent product,2025-01-23
R00934,C0934,P0001,3,Not satisfied,2025-02-22
R00935,C0397,P0067,5,Good product,2025-05-06
R00936,C0448,P0091,4,Worth the price,2025-04-08
R00937,C0690,P0042,4,Very good quality,2025-07-18
R00938,C0643,P0039,4,Excellent product,2025-08-24
R00939,C0964,P0078,5,Worth the price,2025-06-05
R00940,C0856,P0091,5,Excellent product,2025-02-21
R00941,C0210,P0078,5,Very good quality,2025-08-06
R00942,C0508,P0084,3,Worth the price,2025-03-26
R00943,C0829,P0029,5,Not satisfied,2025-06-21
R00944,C0939,P0082,4,Worth the price,2025-05-29
R00945,C0348,P0041,4,Average product,2025-10-24
R00946,C0442,P0014,5,Worth the price,2025-03-17
R00947,C0466,P0008,4,Average product,2025-12-02
R00948,C0398,P0020,4,Worth the price,2025-03-23
R00949,C0667,P0096,4,Excellent product,2025-04-03
R00950,C0837,P0043,4,Not satisfied,2025-10-03
R00951,C0220,P0074,3,Good product,2025-09-28
R00952,C0571,P0033,4,Very good quality,2025-08-25
R00953,C0543,P0035,5,Worth the price,2025-10-10
R00954,C0578,P0066,4,Not satisfied,2025-06-27
R00955,C0844,P0066,5,Worth the price,2025-01-25
R00956,C0575,P0044,5,Very good quality,2025-01-31
R00957,C0283,P0058,5,Average product,2025-10-30
R00958,C0850,P0075,2,Not satisfied,2025-04-16
R00959,C0036,P0049,3,Worth the price,2025-11-19
R00960,C0509,P0039,4,Worth the price,2025-04-10
R00961,C0881,P0017,3,Average product,2025-09-06
R00962,C0999,P0027,4,Good product,2025-07-30
R00963,C0945,P0092,3,Excellent product,2025-11-05
R00964,C0002,P0087,4,Excellent product,2025-11-06
R00965,C0849,P0077,2,Good product,2025-03-10
R00966,C0648,P0033,3,Not satisfied,2025-01-15
R00967,C0717,P0063,3,Not satisfied,2025-06-09
R00968,C0140,P0034,4,Not satisfied,2025-05-04
R00969,C0340,P0090,2,Not satisfied,2025-02-28
R00970,C0453,P0007,4,Good product,2025-03-30
R00971,C0965,P0014,4,Not satisfied,2025-03-31
R00972,C0652,P0058,3,Excellent product,2025-03-26
R00973,C0295,P0090,4,Not satisfied,2025-04-21
R00974,C0027,P0068,4,Excellent product,2025-09-23
R00975,C0520,P0055,4,Worth the price,2025-12-04
R00976,C0561,P0013,4,Good product,2025-08-25
R00977,C0579,P0003,5,Good product,2025-12-24
R00978,C0695,P0028,4,Good product,2025-11-29
R00979,C0043,P0090,4,Excellent product,2025-11-08
R00980,C0889,P0001,3,Average product,2025-09-17
R00981,C0571,P0062,3,Very good quality,2025-11-29
R00982,C0775,P0008,5,Average product,2025-03-27
R00983,C0076,P0014,4,Worth the price,2025-03-06
R00984,C0437,P0044,2,Very good quality,2025-12-18
R00985,C0904,P0028,4,Average product,2025-09-28
R00986,C0991,P0091,4,Average product,2025-12-08
R00987,C0557,P0056,4,Excellent product,2025-09-16
R00988,C0708,P0009,3,Average product,2025-03-21
R00989,C0462,P0028,3,Excellent product,2025-01-30
R00990,C0694,P0033,4,Good product,2025-02-08
R00991,C0007,P0053,4,Not satisfied,2025-03-25
R00992,C0333,P0095,2,Average product,2025-02-15
R00993,C0770,P0057,4,Average product,2025-07-03
R00994,C0132,P0081,3,Very good quality,2025-02-02
R00995,C0756,P0097,5,Average product,2025-08-16
R00996,C0624,P0035,3,Not satisfied,2025-01-15
R00997,C0798,P0097,4,Excellent product,2025-12-11
R00998,C0572,P0073,4,Good product,2025-01-16
R00999,C0150,P0081,3,Excellent product,2025-04-30
R01000,C0538,P0013,3,Good product,2025-07-31
R01001,C0671,P0042,5,Very good quality,2025-11-04
R01002,C0704,P0035,2,Not satisfied,2025-01-04
R01003,C0483,P0037,4,Average product,2025-12-27
R01004,C0500,P0065,5,Average product,2025-01-04
R01005,C0825,P0029,5,Excellent product,2025-10-08
R01006,C0265,P0047,3,Good product,2025-03-10
R01007,C0884,P0060,5,Good product,2025-05-02
R01008,C0474,P0026,4,Very good quality,2025-06-25
R01009,C0677,P0050,3,Not satisfied,2025-10-10
R01010,C0523,P0080,3,Not satisfied,2025-08-28
R01011,C0195,P0077,5,Good product,2025-09-17
R01012,C0161,P0030,1,Worth the price,2025-10-25
R01013,C0911,P0003,4,Excellent product,2025-07-04
R01014,C0598,P0097,4,Worth the price,2025-04-05
R01015,C0217,P0085,4,Not satisfied,2025-08-13
R01016,C0028,P0042,4,Average product,2025-01-02
R01017,C0943,P0076,4,Excellent product,2025-03-13
R01018,C0300,P0013,5,Average product,2025-01-12
R01019,C0009,P0051,5,Very good quality,2025-08-11
R01020,C0341,P0078,4,Very good quality,2025-05-02
R01021,C0983,P0039,2,Excellent product,2025-02-28
R01022,C0557,P0022,4,Excellent product,2025-07-22
R01023,C0829,P0041,3,Average product,2025-10-26
R01024,C0424,P0067,5,Very good quality,2025-09-23
R01025,C0025,P0048,4,Worth the price,2025-09-30
R01026,C0338,P0095,5,Not satisfied,2025-08-24
R01027,C0642,P0050,5,Average product,2025-08-20
R01028,C0624,P0071,5,Excellent product,2025-01-10
R01029,C0149,P0066,4,Very good quality,2025-06-20
R01030,C0392,P0033,4,Not satisfied,2025-06-09
R01031,C0321,P0079,4,Not satisfied,2025-08-14
R01032,C0481,P0031,4,Very good quality,2025-12-28
R01033,C0745,P0069,1,Excellent product,2025-07-18
R01034,C0872,P0047,5,Average product,2025-12-20
R01035,C0122,P0037,4,Worth the price,2025-03-25
R01036,C0291,P0019,4,Very good quality,2025-11-19
R01037,C0943,P0016,4,Worth the price,2025-04-04
R01038,C0849,P0019,4,Good product,2025-08-25
R01039,C0994,P0089,4,Not satisfied,2025-11-09
R01040,C0110,P0039,3,Worth the price,2025-02-16
R01041,C0716,P0018,3,Very good quality,2025-10-17
R01042,C0940,P0077,3,Worth the price,2025-10-12
R01043,C0321,P0088,5,Average product,2025-02-19
R01044,C0070,P0036,3,Excellent product,2025-10-31
R01045,C0688,P0063,5,Very good quality,2025-05-24
R01046,C0119,P0058,4,Very good quality,2025-06-30
R01047,C0972,P0069,5,Average product,2025-07-18
R01048,C0847,P0097,4,Good product,2025-08-01
R01049,C0460,P0094,3,Average product,2025-03-03
R01050,C0344,P0007,5,Very good quality,2025-03-28
R01051,C0041,P0047,2,Average product,2025-10-25
R01052,C0766,P0045,3,Average product,2025-10-15
R01053,C0690,P0022,1,Average product,2025-02-25
R01054,C0265,P0050,4,Average product,2025-07-29
R01055,C0026,P0081,5,Worth the price,2025-02-11
R01056,C0154,P0049,5,Worth the price,2025-12-02
R01057,C0290,P0019,3,Excellent product,2025-11-24
R01058,C0853,P0055,4,Very good quality,2025-01-18
R01059,C0284,P0034,4,Good product,2025-08-09
R01060,C0548,P0053,2,Excellent product,2025-05-13
R01061,C0987,P0048,3,Worth the price,2025-03-14
R01062,C0514,P0041,5,Excellent product,2025-01-18
R01063,C0513,P0031,3,Very good quality,2025-05-19
R01064,C0528,P0028,5,Good product,2025-12-12
R01065,C0303,P0047,4,Worth the price,2025-11-13
R01066,C0871,P0069,4,Worth the price,2025-09-06
R01067,C0351,P0081,5,Very good quality,2025-12-28
R01068,C0897,P0017,1,Good product,2025-06-19
R01069,C0435,P0066,5,Not satisfied,2025-06-13
R01070,C0088,P0068,2,Very good quality,2025-05-19
R01071,C0623,P0014,5,Good product,2025-10-26
R01072,C0331,P0005,4,Very good quality,2025-05-03
R01073,C0023,P0013,2,Worth the price,2025-11-28
R01074,C0337,P0051,5,Worth the price,2025-12-27
R01075,C0704,P0095,4,Worth the price,2025-04-04
R01076,C0332,P0030,2,Good product,2025-03-29
R01077,C0390,P0020,3,Very good quality,2025-11-19
R01078,C0207,P0033,5,Worth the price,2025-08-10
R01079,C0364,P0045,5,Not satisfied,2025-01-26
R01080,C0781,P0063,5,Not satisfied,2025-12-10
R01081,C0857,P0007,5,Excellent product,2025-06-26
R01082,C0964,P0095,2,Very good quality,2025-04-30
R01083,C0055,P0011,3,Good product,2025-04-18
R01084,C0323,P0084,3,Worth the price,2025-01-23
R01085,C0610,P0041,4,Worth the price,2025-07-28
R01086,C0129,P0070,5,Worth the price,2025-12-21
R01087,C0595,P0081,3,Average product,2025-04-19
R01088,C0784,P0092,4,Excellent product,2025-05-30
R01089,C0991,P0089,5,Not satisfied,2025-10-18
R01090,C0018,P0042,3,Very good quality,2025-12-04
R01091,C0992,P0032,3,Good product,2025-01-13
R01092,C0840,P0085,3,Worth the price,2025-09-27
R01093,C0645,P0094,2,Excellent product,2025-09-08
R01094,C0467,P0086,4,Not satisfied,2025-06-13
R01095,C0069,P0006,4,Excellent product,2025-12-27
R01096,C0981,P0093,3,Good product,2025-10-23
R01097,C0079,P0100,4,Very good quality,2025-10-03
R01098,C0527,P0008,3,Good product,2025-10-20
R01099,C0960,P0021,4,Good product,2025-02-16
R01100,C0546,P0048,4,Average product,2025-10-08
R01101,C0568,P0013,3,Not satisfied,2025-03-27
R01102,C0980,P0078,4,Excellent product,2025-09-08
R01103,C0729,P0011,2,Excellent product,2025-06-01
R01104,C0269,P0039,1,Average product,2025-07-12
R01105,C0683,P0043,5,Excellent product,2025-04-26
R01106,C0570,P0040,5,Not satisfied,2025-12-29
R01107,C0380,P0058,4,Average product,2025-03-03
R01108,C0386,P0033,5,Excellent product,2025-06-26
R01109,C0208,P0007,2,Good product,2025-03-18
R01110,C0827,P0066,5,Good product,2025-07-07
R01111,C0545,P0054,4,Worth the price,2025-02-08
R01112,C0084,P0094,4,Very good quality,2025-10-29
R01113,C0998,P0062,5,Excellent product,2025-10-25
R01114,C0732,P0026,2,Worth the price,2025-12-29
R01115,C0741,P0001,4,Excellent product,2025-07-16
R01116,C0071,P0023,5,Average product,2025-10-20
R01117,C0172,P0050,4,Average product,2025-05-28
R01118,C0465,P0090,3,Not satisfied,2025-09-04
R01119,C0718,P0006,4,Average product,2025-08-08
R01120,C0356,P0082,5,Excellent product,2025-09-19
R01121,C0847,P0025,1,Very good quality,2025-09-23
R01122,C0260,P0021,3,Not satisfied,2025-06-05
R01123,C0733,P0017,2,Excellent product,2025-11-25
R01124,C0781,P0049,3,Very good quality,2025-11-24
R01125,C0731,P0001,5,Excellent product,2025-07-05
R01126,C0030,P0051,2,Very good quality,2025-03-26
R01127,C0355,P0055,5,Not satisfied,2025-05-08
R01128,C0398,P0046,5,Not satisfied,2025-08-11
R01129,C0011,P0042,5,Very good quality,2025-03-22
R01130,C0293,P0013,3,Average product,2025-01-09
R01131,C0991,P0091,4,Not satisfied,2025-02-23
R01132,C0616,P0011,2,Worth the price,2025-04-27
R01133,C0379,P0048,5,Excellent product,2025-08-11
R01134,C0530,P0014,5,Average product,2025-04-05
R01135,C0235,P0095,3,Good product,2025-01-20
R01136,C0664,P0062,3,Not satisfied,2025-12-02
R01137,C0730,P0096,4,Excellent product,2025-10-15
R01138,C0361,P0082,2,Good product,2025-07-11
R01139,C0258,P0023,2,Worth the price,2025-10-06
R01140,C0335,P0061,4,Not satisfied,2025-07-25
R01141,C0978,P0036,4,Not satisfied,2025-10-10
R01142,C0524,P0093,3,Good product,2025-01-04
R01143,C0601,P0001,3,Average product,2025-06-11
R01144,C0279,P0055,5,Worth the price,2025-11-13
R01145,C0740,P0020,4,Average product,2025-11-10
R01146,C0441,P0087,4,Very good quality,2025-02-18
R01147,C0574,P0085,4,Not satisfied,2025-10-29
R01148,C0044,P0040,3,Not satisfied,2025-04-06
R01149,C0064,P0059,5,Very good quality,2025-06-18
R01150,C0022,P0037,4,Average product,2025-07-02
R01151,C0088,P0082,5,Very good quality,2025-06-14
R01152,C0421,P0099,5,Not satisfied,2025-06-07
R01153,C0275,P0054,4,Very good quality,2025-04-18
R01154,C0449,P0053,4,Not satisfied,2025-04-03
R01155,C0616,P0049,4,Good product,2025-08-01
R01156,C0972,P0023,4,Excellent product,2025-01-04
R01157,C0456,P0028,4,Excellent product,2025-03-19
R01158,C0667,P0056,5,Not satisfied,2025-02-06
R01159,C0480,P0086,1,Excellent product,2025-01-10
R01160,C0175,P0018,5,Average product,2025-08-08
R01161,C0486,P0074,2,Average product,2025-04-15
R01162,C0550,P0085,4,Not satisfied,2025-08-31
R01163,C0778,P0043,3,Very good quality,2025-09-21
R01164,C0581,P0047,5,Not satisfied,2025-04-04
R01165,C0318,P0087,5,Not satisfied,2025-04-10
R01166,C0879,P0089,3,Excellent product,2025-08-25
R01167,C0147,P0083,1,Very good quality,2025-02-27
R01168,C0882,P0045,4,Good product,2025-05-14
R01169,C0956,P0050,3,Not satisfied,2025-10-06
R01170,C0917,P0002,4,Very good quality,2025-10-20
R01171,C0775,P0076,5,Worth the price,2025-12-21
R01172,C0682,P0021,5,Average product,2025-05-02
R01173,C0070,P0007,4,Average product,2025-07-29
R01174,C0774,P0059,4,Good product,2025-03-08
R01175,C0869,P0024,4,Good product,2025-03-21
R01176,C0899,P0024,5,Very good quality,2025-01-27
R01177,C0290,P0012,3,Worth the price,2025-07-26
R01178,C0279,P0029,3,Average product,2025-12-13
R01179,C0847,P0006,4,Good product,2025-09-28
R01180,C0763,P0027,5,Worth the price,2025-08-25
R01181,C0451,P0095,5,Worth the price,2025-02-25
R01182,C0808,P0050,5,Very good quality,2025-12-17
R01183,C0201,P0071,4,Not satisfied,2025-05-02
R01184,C0751,P0087,2,Very good quality,2025-10-26
R01185,C0500,P0002,3,Excellent product,2025-06-28
R01186,C0689,P0072,4,Excellent product,2025-08-26
R01187,C0504,P0026,4,Very good quality,2025-10-14
R01188,C0656,P0074,5,Worth the price,2025-10-02
R01189,C0367,P0072,4,Excellent product,2025-08-25
R01190,C0701,P0069,4,Average product,2025-11-24
R01191,C0274,P0027,4,Worth the price,2025-06-07
R01192,C0517,P0052,1,Worth the price,2025-03-07
R01193,C0099,P0060,3,Worth the price,2025-03-07
R01194,C0049,P0049,5,Worth the price,2025-01-18
R01195,C0930,P0079,5,Worth the price,2025-02-01
R01196,C0962,P0089,4,Very good quality,2025-03-07
R01197,C0394,P0029,4,Not satisfied,2025-03-19
R01198,C0629,P0010,5,Average product,2025-09-21
R01199,C0191,P0070,5,Good product,2025-08-10
R01200,C0885,P0030,3,Excellent product,2025-03-04
R01201,C0626,P0031,4,Good product,2025-12-13
R01202,C0725,P0033,2,Average product,2025-05-04
R01203,C0754,P0006,3,Worth the price,2025-08-26
R01204,C0814,P0050,2,Not satisfied,2025-05-17
R01205,C0374,P0095,5,Average product,2025-04-17
R01206,C0724,P0020,4,Worth the price,2025-05-02
R01207,C0150,P0094,5,Average product,2025-07-23
R01208,C0980,P0059,4,Excellent product,2025-07-16
R01209,C0633,P0097,3,Excellent product,2025-04-23
R01210,C0428,P0011,2,Good product,2025-07-31
R01211,C0039,P0083,4,Excellent product,2025-11-02
R01212,C0766,P0100,4,Worth the price,2025-07-16
R01213,C0790,P0078,3,Not satisfied,2025-07-16
R01214,C0711,P0017,3,Excellent product,2025-05-09
R01215,C0856,P0084,5,Not satisfied,2025-12-29
R01216,C0226,P0027,4,Average product,2025-06-02
R01217,C0213,P0030,4,Worth the price,2025-03-03
R01218,C0778,P0038,3,Worth the price,2025-03-06
R01219,C0166,P0058,4,Not satisfied,2025-06-25
R01220,C0635,P0065,3,Worth the price,2025-01-18
R01221,C0305,P0024,4,Good product,2025-05-13
R01222,C0878,P0020,4,Good product,2025-05-07
R01223,C0730,P0097,5,Not satisfied,2025-12-18
R01224,C0086,P0029,5,Very good quality,2025-03-14
R01225,C0706,P0032,4,Average product,2025-01-31
R01226,C0368,P0072,5,Average product,2025-11-27
R01227,C0272,P0094,4,Very good quality,2025-11-10
R01228,C0601,P0070,2,Average product,2025-09-28
R01229,C0126,P0008,5,Excellent product,2025-12-23
R01230,C0564,P0053,2,Average product,2025-11-22
R01231,C0135,P0088,2,Excellent product,2025-11-24
R01232,C0938,P0005,1,Not satisfied,2025-10-25
R01233,C0116,P0015,2,Not satisfied,2025-10-06
R01234,C0466,P0100,4,Not satisfied,2025-11-13
R01235,C0186,P0032,5,Excellent product,2025-07-19
R01236,C0977,P0063,5,Not satisfied,2025-11-15
R01237,C0117,P0055,2,Good product,2025-05-13
R01238,C0523,P0028,5,Excellent product,2025-12-13
R01239,C0250,P0026,5,Average product,2025-09-17
R01240,C0035,P0039,4,Good product,2025-12-16
R01241,C0907,P0005,5,Worth the price,2025-09-27
R01242,C0609,P0085,1,Excellent product,2025-02-04
R01243,C0011,P0055,4,Very good quality,2025-11-15
R01244,C0785,P0050,3,Not satisfied,2025-09-13
R01245,C0014,P0044,3,Not satisfied,2025-05-14
R01246,C0505,P0023,5,Average product,2025-04-13
R01247,C0309,P0089,5,Worth the price,2025-07-29
R01248,C0866,P0062,2,Very good quality,2025-02-27
R01249,C0488,P0078,5,Average product,2025-10-19
R01250,C0239,P0061,4,Average product,2025-04-05
R01251,C0807,P0097,5,Good product,2025-02-17
R01252,C0093,P0068,4,Good product,2025-04-17
R01253,C0863,P0088,3,Excellent product,2025-03-16
R01254,C0582,P0036,3,Excellent product,2025-05-05
R01255,C0458,P0055,5,Average product,2025-11-08
R01256,C0858,P0031,5,Very good quality,2025-04-11
R01257,C0370,P0003,2,Very good quality,2025-12-23
R01258,C0246,P0086,4,Good product,2025-01-04
R01259,C0715,P0052,1,Average product,2025-02-03
R01260,C0277,P0052,3,Not satisfied,2025-12-29
R01261,C0531,P0048,2,Not satisfied,2025-06-02
R01262,C0471,P0099,5,Average product,2025-12-06
R01263,C0350,P0091,5,Worth the price,2025-03-08
R01264,C0103,P0001,4,Very good quality,2025-07-27
R01265,C0694,P0054,5,Good product,2025-01-30
R01266,C0604,P0065,4,Average product,2025-12-09
R01267,C0565,P0062,4,Good product,2025-06-03
R01268,C0756,P0055,4,Very good quality,2025-04-20
R01269,C0315,P0022,4,Not satisfied,2025-08-24
R01270,C0361,P0071,4,Excellent product,2025-11-29
R01271,C0684,P0002,4,Worth the price,2025-08-30
R01272,C0780,P0062,5,Excellent product,2025-05-22
R01273,C0487,P0060,2,Average product,2025-10-11
R01274,C0730,P0041,4,Excellent product,2025-11-10
R01275,C0974,P0088,4,Not satisfied,2025-04-03
R01276,C0244,P0039,4,Very good quality,2025-08-01
R01277,C0987,P0076,3,Not satisfied,2025-11-08
R01278,C0975,P0040,5,Good product,2025-05-18
R01279,C0052,P0002,4,Not satisfied,2025-06-17
R01280,C0099,P0029,3,Not satisfied,2025-12-26
R01281,C0873,P0054,4,Not satisfied,2025-12-25
R01282,C0702,P0031,5,Excellent product,2025-04-30
R01283,C0848,P0076,4,Worth the price,2025-05-11
R01284,C0152,P0036,4,Not satisfied,2025-04-30
R01285,C0188,P0032,4,Not satisfied,2025-04-03
R01286,C0053,P0041,2,Average product,2025-04-12
R01287,C0234,P0054,4,Worth the price,2025-11-04
R01288,C0008,P0022,2,Worth the price,2025-06-06
R01289,C0931,P0046,1,Good product,2025-12-13
R01290,C0410,P0099,4,Worth the price,2025-10-27
R01291,C0970,P0043,4,Excellent product,2025-05-04
R01292,C0490,P0086,5,Average product,2025-07-16
R01293,C0254,P0056,4,Excellent product,2025-04-01
R01294,C0909,P0058,3,Excellent product,2025-06-21
R01295,C0982,P0082,1,Not satisfied,2025-05-06
R01296,C0883,P0002,3,Average product,2025-10-07
R01297,C0589,P0010,5,Very good quality,2025-08-25
R01298,C0286,P0037,1,Average product,2025-05-29
R01299,C0782,P0100,5,Excellent product,2025-11-16
R01300,C0867,P0079,2,Very good quality,2025-12-14
R01301,C0516,P0029,5,Worth the price,2025-09-29
R01302,C0071,P0084,4,Very good quality,2025-07-26
R01303,C0065,P0100,5,Not satisfied,2025-11-19
R01304,C0011,P0009,5,Average product,2025-03-28
R01305,C0809,P0071,4,Worth the price,2025-04-16
R01306,C0756,P0062,4,Excellent product,2025-12-13
R01307,C0479,P0073,4,Worth the price,2025-09-03
R01308,C0900,P0068,2,Not satisfied,2025-08-29
R01309,C0845,P0011,5,Not satisfied,2025-10-06
R01310,C0584,P0050,1,Average product,2025-11-01
R01311,C0367,P0006,3,Average product,2025-01-23
R01312,C0104,P0075,4,Worth the price,2025-07-14
R01313,C0709,P0015,4,Excellent product,2025-07-15
R01314,C0309,P0044,5,Excellent product,2025-01-18
R01315,C0326,P0054,5,Not satisfied,2025-09-01
R01316,C0304,P0044,5,Very good quality,2025-07-29
R01317,C0611,P0002,5,Good product,2025-09-02
R01318,C0572,P0097,5,Very good quality,2025-11-17
R01319,C0465,P0063,5,Worth the price,2025-10-04
R01320,C0423,P0050,4,Very good quality,2025-11-17
R01321,C0523,P0049,4,Excellent product,2025-10-02
R01322,C0323,P0003,5,Very good quality,2025-09-15
R01323,C0467,P0050,3,Average product,2025-08-27
R01324,C0168,P0021,2,Excellent product,2025-07-28
R01325,C0913,P0044,5,Excellent product,2025-09-03
R01326,C0600,P0098,4,Not satisfied,2025-07-08
R01327,C0213,P0095,1,Average product,2025-12-11
R01328,C0606,P0038,3,Excellent product,2025-02-26
R01329,C0080,P0066,5,Good product,2025-06-03
R01330,C0180,P0054,4,Very good quality,2025-02-28
R01331,C0610,P0027,4,Average product,2025-03-07
R01332,C0032,P0033,1,Average product,2025-01-10
R01333,C0472,P0051,3,Excellent product,2025-04-20
R01334,C0164,P0040,3,Worth the price,2025-01-17
R01335,C0547,P0084,4,Very good quality,2025-05-24
R01336,C0411,P0025,5,Excellent product,2025-11-15
R01337,C0617,P0097,2,Very good quality,2025-04-15
R01338,C0103,P0028,5,Not satisfied,2025-04-29
R01339,C0306,P0079,5,Very good quality,2025-03-25
R01340,C0548,P0042,4,Excellent product,2025-04-05
R01341,C0018,P0061,3,Not satisfied,2025-12-13
R01342,C0524,P0081,1,Average product,2025-04-30
R01343,C0698,P0036,5,Good product,2025-12-17
R01344,C0292,P0069,4,Excellent product,2025-01-20
R01345,C0593,P0025,4,Very good quality,2025-03-03
R01346,C0363,P0060,4,Very good quality,2025-01-05
R01347,C0822,P0009,5,Average product,2025-10-30
R01348,C0164,P0095,5,Good product,2025-09-23
R01349,C0795,P0056,4,Good product,2025-04-01
R01350,C0708,P0006,5,Average product,2025-05-23
R01351,C0642,P0084,3,Excellent product,2025-03-19
R01352,C0563,P0018,5,Excellent product,2025-08-24
R01353,C0081,P0069,3,Not satisfied,2025-07-30
R01354,C0316,P0019,5,Good product,2025-03-29
R01355,C0514,P0016,4,Average product,2025-11-25
R01356,C0753,P0016,4,Worth the price,2025-01-16
R01357,C0929,P0091,2,Average product,2025-01-08
R01358,C0358,P0059,5,Very good quality,2025-06-29
R01359,C0518,P0048,5,Good product,2025-03-07
R01360,C0569,P0029,4,Not satisfied,2025-11-17
R01361,C0155,P0038,4,Not satisfied,2025-07-25
R01362,C0768,P0011,2,Good product,2025-08-27
R01363,C0204,P0039,5,Very good quality,2025-05-23
R01364,C0247,P0049,4,Very good quality,2025-09-23
R01365,C0080,P0067,4,Average product,2025-10-14
R01366,C0797,P0079,4,Excellent product,2025-12-05
R01367,C0852,P0039,4,Worth the price,2025-08-16
R01368,C0630,P0010,5,Excellent product,2025-11-17
R01369,C0175,P0014,3,Very good quality,2025-12-07
R01370,C0275,P0009,3,Worth the price,2025-03-18
R01371,C0243,P0032,1,Excellent product,2025-10-25
R01372,C0152,P0095,3,Excellent product,2025-11-30
R01373,C0156,P0008,5,Not satisfied,2025-10-26
R01374,C0633,P0011,5,Excellent product,2025-02-09
R01375,C0422,P0086,3,Average product,2025-06-14
R01376,C0649,P0075,4,Worth the price,2025-06-02
R01377,C0952,P0016,5,Average product,2025-07-28
R01378,C0094,P0033,5,Very good quality,2025-10-25
R01379,C0274,P0070,4,Excellent product,2025-07-06
R01380,C0099,P0044,5,Very good quality,2025-05-25
R01381,C0417,P0064,1,Worth the price,2025-07-17
R01382,C0213,P0072,2,Very good quality,2025-04-15
R01383,C0370,P0050,5,Very good quality,2025-05-21
R01384,C0173,P0044,4,Good product,2025-02-09
R01385,C0259,P0061,1,Very good quality,2025-08-18
R01386,C0312,P0029,2,Average product,2025-11-25
R01387,C0926,P0050,4,Excellent product,2025-02-10
R01388,C0079,P0071,2,Not satisfied,2025-03-29
R01389,C0316,P0098,3,Excellent product,2025-11-16
R01390,C0385,P0038,5,Good product,2025-04-06
R01391,C0216,P0042,5,Very good quality,2025-10-14
R01392,C0185,P0084,4,Worth the price,2025-01-19
R01393,C0348,P0044,5,Excellent product,2025-06-18
R01394,C0815,P0009,3,Not satisfied,2025-05-22
R01395,C0674,P0100,4,Good product,2025-04-14
R01396,C0348,P0086,3,Very good quality,2025-02-14
R01397,C0479,P0082,5,Worth the price,2025-06-08
R01398,C0831,P0008,4,Not satisfied,2025-05-14
R01399,C0333,P0068,5,Average product,2025-01-28
R01400,C0303,P0019,5,Excellent product,2025-02-05
R01401,C0723,P0008,4,Very good quality,2025-04-05
R01402,C0548,P0038,4,Good product,2025-12-07
R01403,C0722,P0048,3,Average product,2025-08-23
R01404,C0578,P0060,3,Good product,2025-04-20
R01405,C0196,P0010,2,Average product,2025-12-28
R01406,C0570,P0044,4,Worth the price,2025-03-02
R01407,C0852,P0010,3,Very good quality,2025-09-01
R01408,C0491,P0034,5,Good product,2025-04-24
R01409,C0425,P0068,4,Worth the price,2025-08-29
R01410,C0384,P0097,2,Excellent product,2025-07-24
R01411,C0805,P0008,4,Excellent product,2025-01-11
R01412,C0294,P0046,5,Very good quality,2025-12-10
R01413,C0794,P0042,5,Average product,2025-01-21
R01414,C0450,P0099,5,Excellent product,2025-09-24
R01415,C0189,P0078,4,Average product,2025-04-16
R01416,C0113,P0010,4,Not satisfied,2025-08-25
R01417,C0623,P0030,4,Good product,2025-03-30
R01418,C0623,P0093,4,Good product,2025-07-19
R01419,C0788,P0027,4,Not satisfied,2025-04-20
R01420,C0981,P0001,4,Excellent product,2025-08-22
R01421,C0784,P0092,5,Very good quality,2025-10-07
R01422,C0491,P0073,5,Not satisfied,2025-12-04
R01423,C0320,P0091,2,Excellent product,2025-03-28
R01424,C0420,P0091,4,Very good quality,2025-02-15
R01425,C0912,P0047,5,Good product,2025-06-28
R01426,C0169,P0013,5,Average product,2025-09-23
R01427,C0005,P0088,3,Average product,2025-03-07
R01428,C0684,P0027,4,Average product,2025-10-14
R01429,C0386,P0072,3,Good product,2025-11-26
R01430,C0135,P0058,4,Very good quality,2025-07-09
R01431,C0655,P0002,4,Good product,2025-11-28
R01432,C0152,P0061,2,Not satisfied,2025-06-12
R01433,C0484,P0013,5,Very good quality,2025-12-13
R01434,C0708,P0026,4,Good product,2025-02-17
R01435,C0947,P0043,2,Not satisfied,2025-03-01
R01436,C0760,P0066,4,Good product,2025-08-16
R01437,C0900,P0006,2,Very good quality,2025-05-06
R01438,C0030,P0038,5,Excellent product,2025-02-25
R01439,C0234,P0024,4,Worth the price,2025-10-13
R01440,C0861,P0084,2,Very good quality,2025-08-04
R01441,C0299,P0056,4,Average product,2025-10-08
R01442,C0198,P0065,2,Excellent product,2025-11-03
R01443,C0069,P0031,5,Good product,2025-09-17
R01444,C0868,P0058,1,Excellent product,2025-03-20
R01445,C0911,P0018,2,Average product,2025-07-02
R01446,C0478,P0052,5,Good product,2025-01-10
R01447,C0406,P0013,5,Not satisfied,2025-01-03
R01448,C0133,P0033,5,Very good quality,2025-12-21
R01449,C0119,P0100,4,Good product,2025-05-12
R01450,C0231,P0080,4,Excellent product,2025-06-02
R01451,C0176,P0081,3,Not satisfied,2025-07-25
R01452,C0774,P0085,3,Very good quality,2025-10-10
R01453,C0720,P0006,5,Average product,2025-05-17
R01454,C0039,P0019,4,Excellent product,2025-05-09
R01455,C0221,P0008,4,Good product,2025-04-16
R01456,C0572,P0048,3,Average product,2025-11-18
R01457,C0405,P0004,5,Very good quality,2025-12-13
R01458,C0244,P0060,3,Very good quality,2025-06-14
R01459,C0803,P0013,4,Worth the price,2025-04-19
R01460,C0602,P0092,5,Excellent product,2025-04-28
R01461,C0832,P0004,1,Worth the price,2025-12-29
R01462,C0070,P0017,4,Not satisfied,2025-10-25
R01463,C0282,P0032,4,Average product,2025-01-02
R01464,C0018,P0012,2,Not satisfied,2025-07-02
R01465,C0108,P0063,3,Excellent product,2025-01-16
R01466,C0103,P0100,4,Not satisfied,2025-05-16
R01467,C0680,P0010,5,Average product,2025-06-01
R01468,C0321,P0070,4,Very good quality,2025-01-05
R01469,C0907,P0003,4,Worth the price,2025-09-19
R01470,C0397,P0043,5,Not satisfied,2025-04-24
R01471,C0158,P0014,4,Good product,2025-12-22
R01472,C0545,P0095,1,Average product,2025-09-11
R01473,C0570,P0016,4,Good product,2025-08-05
R01474,C0008,P0017,5,Average product,2025-11-27
R01475,C0048,P0069,5,Average product,2025-06-18
R01476,C0259,P0072,5,Worth the price,2025-07-26
R01477,C0914,P0057,1,Good product,2025-08-26
R01478,C0280,P0007,4,Average product,2025-01-02
R01479,C0044,P0071,5,Not satisfied,2025-08-11
R01480,C0998,P0020,2,Average product,2025-12-11
R01481,C0137,P0094,2,Good product,2025-06-05
R01482,C0031,P0065,4,Worth the price,2025-04-15
R01483,C0185,P0028,4,Worth the price,2025-03-15
R01484,C0803,P0070,3,Very good quality,2025-04-21
R01485,C0930,P0016,4,Excellent product,2025-12-19
R01486,C0241,P0039,2,Very good quality,2025-03-04
R01487,C0255,P0077,2,Average product,2025-12-01
R01488,C0959,P0043,4,Worth the price,2025-01-18
R01489,C0021,P0047,5,Excellent product,2025-07-01
R01490,C0457,P0028,4,Good product,2025-05-18
R01491,C0025,P0082,4,Excellent product,2025-10-09
R01492,C0937,P0053,3,Worth the price,2025-11-18
R01493,C0745,P0035,5,Worth the price,2025-10-23
R01494,C0600,P0006,2,Excellent product,2025-11-04
R01495,C0714,P0027,4,Good product,2025-11-14
R01496,C0197,P0041,4,Worth the price,2025-09-03
R01497,C0716,P0098,2,Worth the price,2025-06-01
R01498,C0582,P0072,3,Worth the price,2025-05-13
R01499,C0132,P0087,2,Worth the price,2025-10-24
R01500,C0732,P0035,3,Very good quality,2025-02-01
R01501,C0260,P0081,3,Not satisfied,2025-01-05
R01502,C0561,P0001,4,Excellent product,2025-09-08
R01503,C0318,P0008,5,Average product,2025-08-06
R01504,C0940,P0072,5,Excellent product,2025-06-27
R01505,C0377,P0024,4,Not satisfied,2025-02-13
R01506,C0928,P0023,5,Worth the price,2025-09-16
R01507,C0722,P0010,5,Average product,2025-11-18
R01508,C0755,P0039,5,Average product,2025-07-30
R01509,C0241,P0075,4,Not satisfied,2025-03-05
R01510,C0805,P0031,5,Average product,2025-04-29
R01511,C0115,P0042,4,Excellent product,2025-05-02
R01512,C0117,P0050,5,Very good quality,2025-12-28
R01513,C0891,P0032,5,Not satisfied,2025-12-12
R01514,C0550,P0033,3,Not satisfied,2025-09-21
R01515,C0405,P0059,4,Very good quality,2025-01-24
R01516,C0951,P0054,3,Very good quality,2025-07-15
R01517,C0552,P0029,4,Average product,2025-01-03
R01518,C0998,P0082,4,Good product,2025-02-13
R01519,C0262,P0049,5,Good product,2025-03-28
R01520,C0944,P0003,4,Excellent product,2025-09-02
R01521,C0147,P0096,2,Average product,2025-09-24
R01522,C0268,P0040,4,Average product,2025-03-17
R01523,C0327,P0030,4,Worth the price,2025-11-28
R01524,C0877,P0080,5,Good product,2025-03-20
R01525,C0120,P0055,5,Very good quality,2025-10-29
R01526,C0999,P0055,4,Not satisfied,2025-10-26
R01527,C0435,P0033,3,Good product,2025-08-01
R01528,C0232,P0043,2,Not satisfied,2025-02-08
R01529,C0921,P0007,2,Very good quality,2025-09-09
R01530,C0472,P0046,5,Worth the price,2025-05-10
R01531,C0809,P0002,3,Very good quality,2025-12-08
R01532,C0403,P0064,3,Not satisfied,2025-01-06
R01533,C0541,P0063,5,Not satisfied,2025-01-30
R01534,C0340,P0082,2,Excellent product,2025-04-15
R01535,C0600,P0001,3,Very good quality,2025-08-13
R01536,C0516,P0045,4,Excellent product,2025-10-22
R01537,C0434,P0017,1,Excellent product,2025-07-04
R01538,C0047,P0064,2,Worth the price,2025-01-21
R01539,C0687,P0022,4,Excellent product,2025-11-15
R01540,C0936,P0070,4,Very good quality,2025-01-13
R01541,C0753,P0060,1,Good product,2025-08-04
R01542,C0638,P0078,3,Very good quality,2025-09-11
R01543,C0525,P0021,4,Worth the price,2025-09-21
R01544,C0249,P0063,4,Very good quality,2025-02-08
R01545,C0205,P0078,4,Worth the price,2025-07-20
R01546,C0038,P0028,4,Average product,2025-07-19
R01547,C0846,P0081,2,Worth the price,2025-05-25
R01548,C0652,P0008,5,Excellent product,2025-05-01
R01549,C0857,P0035,3,Not satisfied,2025-12-09
R01550,C0314,P0031,3,Good product,2025-05-28
R01551,C0695,P0070,4,Average product,2025-05-14
R01552,C0261,P0093,3,Good product,2025-08-08
R01553,C0644,P0079,3,Worth the price,2025-05-01
R01554,C0183,P0001,3,Very good quality,2025-05-06
R01555,C0281,P0040,3,Good product,2025-11-06
R01556,C0285,P0078,2,Very good quality,2025-11-28
R01557,C0202,P0043,4,Good product,2025-01-10
R01558,C0268,P0033,1,Excellent product,2025-09-14
R01559,C0033,P0052,3,Very good quality,2025-08-22
R01560,C0205,P0073,2,Excellent product,2025-04-06
R01561,C0070,P0042,2,Very good quality,2025-03-28
R01562,C0002,P0042,5,Good product,2025-08-23
R01563,C0624,P0059,2,Good product,2025-01-13
R01564,C0514,P0036,4,Good product,2025-03-27
R01565,C0306,P0047,5,Excellent product,2025-12-02
R01566,C0218,P0005,3,Good product,2025-10-12
R01567,C0006,P0051,4,Average product,2025-07-25
R01568,C0944,P0002,5,Not satisfied,2025-11-18
R01569,C0432,P0076,4,Excellent product,2025-03-23
R01570,C0745,P0075,4,Not satisfied,2025-10-24
R01571,C0190,P0090,1,Worth the price,2025-07-12
R01572,C0505,P0001,2,Average product,2025-08-09
R01573,C0487,P0099,4,Good product,2025-01-23
R01574,C0298,P0035,2,Good product,2025-09-30
R01575,C0112,P0004,1,Excellent product,2025-09-09
R01576,C0262,P0028,5,Good product,2025-05-14
R01577,C0806,P0006,4,Worth the price,2025-12-29
R01578,C0493,P0020,3,Average product,2025-08-24
R01579,C0448,P0027,2,Excellent product,2025-03-15
R01580,C0464,P0025,4,Worth the price,2025-03-30
R01581,C0776,P0066,5,Good product,2025-09-03
R01582,C0117,P0041,3,Very good quality,2025-11-24
R01583,C0758,P0086,4,Very good quality,2025-11-27
R01584,C0817,P0041,3,Not satisfied,2025-07-02
R01585,C0330,P0008,5,Average product,2025-04-11
R01586,C0389,P0028,4,Worth the price,2025-03-17
R01587,C0460,P0032,4,Good product,2025-09-05
R01588,C0526,P0041,4,Very good quality,2025-09-13
R01589,C0365,P0045,4,Average product,2025-05-01
R01590,C0217,P0057,5,Average product,2025-04-02
R01591,C0402,P0063,1,Worth the price,2025-05-23
R01592,C0518,P0043,4,Not satisfied,2025-06-23
R01593,C0754,P0047,3,Average product,2025-07-22
R01594,C0885,P0099,4,Good product,2025-12-29
R01595,C0279,P0055,5,Very good quality,2025-03-01
R01596,C0127,P0079,3,Not satisfied,2025-08-04
R01597,C0432,P0099,3,Not satisfied,2025-11-18
R01598,C0106,P0051,3,Good product,2025-02-10
R01599,C0260,P0070,5,Average product,2025-05-21
R01600,C0861,P0046,2,Not satisfied,2025-12-29
R01601,C0435,P0087,5,Excellent product,2025-06-09
R01602,C0966,P0042,5,Worth the price,2025-05-06
R01603,C0968,P0003,5,Worth the price,2025-03-02
R01604,C0612,P0007,5,Good product,2025-01-05
R01605,C0422,P0060,3,Very good quality,2025-05-01
R01606,C0057,P0014,4,Very good quality,2025-11-19
R01607,C0096,P0024,5,Worth the price,2025-12-30
R01608,C0399,P0007,3,Not satisfied,2025-05-26
R01609,C0507,P0074,4,Good product,2025-03-01
R01610,C0966,P0059,5,Worth the price,2025-03-18
R01611,C0440,P0021,2,Very good quality,2025-08-03
R01612,C0138,P0012,4,Excellent product,2025-02-20
R01613,C0513,P0097,4,Good product,2025-03-10
R01614,C0344,P0038,5,Not satisfied,2025-06-14
R01615,C0688,P0043,4,Very good quality,2025-05-18
R01616,C0995,P0010,4,Worth the price,2025-05-22
R01617,C0168,P0021,5,Not satisfied,2025-02-16
R01618,C0272,P0026,3,Worth the price,2025-04-01
R01619,C0019,P0010,5,Very good quality,2025-03-14
R01620,C0537,P0008,4,Excellent product,2025-01-29
R01621,C0017,P0049,3,Not satisfied,2025-12-10
R01622,C0745,P0089,3,Not satisfied,2025-06-23
R01623,C0022,P0060,3,Good product,2025-01-27
R01624,C0401,P0048,3,Good product,2025-08-13
R01625,C0462,P0070,4,Excellent product,2025-12-24
R01626,C0706,P0070,3,Good product,2025-10-27
R01627,C0613,P0057,4,Very good quality,2025-12-10
R01628,C0683,P0017,5,Average product,2025-12-11
R01629,C0218,P0056,5,Average product,2025-06-11
R01630,C0871,P0064,4,Very good quality,2025-03-28
R01631,C0282,P0020,5,Average product,2025-04-19
R01632,C0822,P0051,4,Very good quality,2025-10-09
R01633,C0210,P0074,4,Excellent product,2025-11-20
R01634,C0389,P0035,2,Average product,2025-12-17
R01635,C0419,P0042,4,Average product,2025-06-30
R01636,C0663,P0018,5,Average product,2025-03-25
R01637,C0449,P0090,5,Average product,2025-05-07
R01638,C0059,P0076,4,Very good quality,2025-04-26
R01639,C0844,P0072,5,Average product,2025-10-25
R01640,C0899,P0071,1,Worth the price,2025-09-02
R01641,C0185,P0043,3,Very good quality,2025-05-16
R01642,C0676,P0094,1,Not satisfied,2025-04-26
R01643,C0203,P0005,4,Good product,2025-03-12
R01644,C0891,P0081,4,Excellent product,2025-01-24
R01645,C0525,P0006,4,Good product,2025-01-07
R01646,C0257,P0094,4,Worth the price,2025-01-14
R01647,C0511,P0057,5,Excellent product,2025-07-22
R01648,C0591,P0063,5,Very good quality,2025-04-25
R01649,C0993,P0007,3,Excellent product,2025-04-20
R01650,C0533,P0087,5,Excellent product,2025-06-07
R01651,C0001,P0025,2,Excellent product,2025-09-19
R01652,C0785,P0026,1,Good product,2025-03-23
R01653,C0567,P0008,1,Very good quality,2025-03-06
R01654,C0683,P0018,4,Good product,2025-11-06
R01655,C0912,P0100,4,Worth the price,2025-08-04
R01656,C0321,P0048,5,Worth the price,2025-02-24
R01657,C0969,P0071,5,Average product,2025-12-02
R01658,C0375,P0001,5,Worth the price,2025-11-18
R01659,C0031,P0068,5,Very good quality,2025-06-23
R01660,C0125,P0043,3,Worth the price,2025-03-01
R01661,C0614,P0054,1,Worth the price,2025-10-28
R01662,C0625,P0046,3,Very good quality,2025-12-24
R01663,C0126,P0072,4,Worth the price,2025-03-02
R01664,C0198,P0099,4,Not satisfied,2025-07-12
R01665,C0166,P0044,3,Average product,2025-11-12
R01666,C0471,P0080,4,Very good quality,2025-10-02
R01667,C0186,P0054,5,Very good quality,2025-12-13
R01668,C0621,P0014,3,Worth the price,2025-06-17
R01669,C0103,P0029,4,Excellent product,2025-09-04
R01670,C0475,P0054,3,Not satisfied,2025-03-21
R01671,C0906,P0016,1,Average product,2025-12-29
R01672,C0177,P0020,5,Very good quality,2025-11-02
R01673,C0644,P0033,5,Average product,2025-06-05
R01674,C0744,P0074,4,Not satisfied,2025-02-26
R01675,C0429,P0002,5,Average product,2025-04-28
R01676,C0063,P0051,5,Good product,2025-01-07
R01677,C0511,P0018,4,Not satisfied,2025-06-19
R01678,C0761,P0098,4,Worth the price,2025-09-21
R01679,C0602,P0058,5,Very good quality,2025-05-08
R01680,C0861,P0012,4,Very good quality,2025-07-01
R01681,C0458,P0088,4,Worth the price,2025-05-11
R01682,C0943,P0059,3,Excellent product,2025-08-14
R01683,C0305,P0073,5,Excellent product,2025-10-19
R01684,C0243,P0077,5,Not satisfied,2025-10-03
R01685,C0158,P0092,5,Worth the price,2025-05-17
R01686,C0457,P0054,5,Excellent product,2025-01-02
R01687,C0948,P0046,2,Excellent product,2025-05-15
R01688,C0940,P0064,1,Worth the price,2025-07-06
R01689,C0749,P0058,3,Very good quality,2025-07-21
R01690,C0170,P0079,4,Average product,2025-04-23
R01691,C0726,P0066,4,Worth the price,2025-10-19
R01692,C0261,P0081,2,Not satisfied,2025-09-25
R01693,C0876,P0042,5,Good product,2025-02-02
R01694,C0058,P0023,3,Good product,2025-04-11
R01695,C0413,P0036,4,Average product,2025-08-22
R01696,C0300,P0019,2,Very good quality,2025-09-15
R01697,C0449,P0004,5,Average product,2025-12-10
R01698,C0938,P0057,4,Worth the price,2025-10-29
R01699,C0357,P0015,3,Worth the price,2025-07-31
R01700,C0486,P0052,2,Excellent product,2025-06-03
R01701,C0627,P0001,1,Worth the price,2025-10-10
R01702,C0820,P0026,4,Average product,2025-06-19
R01703,C0099,P0092,4,Not satisfied,2025-08-30
R01704,C0214,P0003,4,Good product,2025-09-08
R01705,C0736,P0023,5,Excellent product,2025-03-01
R01706,C0285,P0003,5,Very good quality,2025-10-30
R01707,C0247,P0062,2,Not satisfied,2025-04-15
R01708,C0548,P0034,1,Excellent product,2025-11-11
R01709,C0006,P0017,3,Average product,2025-01-21
R01710,C0237,P0023,2,Average product,2025-03-28
R01711,C0293,P0030,3,Very good quality,2025-12-10
R01712,C0419,P0055,5,Good product,2025-09-29
R01713,C0636,P0085,5,Worth the price,2025-02-02
R01714,C0123,P0018,3,Very good quality,2025-06-04
R01715,C0177,P0088,3,Worth the price,2025-02-11
R01716,C0869,P0034,2,Not satisfied,2025-10-31
R01717,C0739,P0039,4,Good product,2025-09-11
R01718,C0285,P0019,4,Good product,2025-07-19
R01719,C0798,P0027,4,Not satisfied,2025-04-04
R01720,C0043,P0044,3,Very good quality,2025-10-10
R01721,C0019,P0011,4,Not satisfied,2025-02-02
R01722,C0176,P0080,4,Average product,2025-11-10
R01723,C0679,P0048,5,Average product,2025-07-08
R01724,C0724,P0048,1,Average product,2025-09-25
R01725,C0503,P0015,5,Excellent product,2025-11-09
R01726,C0576,P0018,3,Not satisfied,2025-07-19
R01727,C0396,P0026,5,Good product,2025-05-23
R01728,C0393,P0011,4,Excellent product,2025-11-29
R01729,C0466,P0004,4,Good product,2025-11-26
R01730,C0778,P0079,4,Excellent product,2025-02-20
R01731,C0642,P0088,2,Good product,2025-06-27
R01732,C0488,P0062,5,Excellent product,2025-05-31
R01733,C0955,P0075,2,Excellent product,2025-04-13
R01734,C0063,P0046,4,Worth the price,2025-06-25
R01735,C0595,P0038,5,Very good quality,2025-04-17
R01736,C0115,P0085,5,Good product,2025-07-27
R01737,C0423,P0050,3,Not satisfied,2025-09-21
R01738,C0900,P0086,4,Not satisfied,2025-02-08
R01739,C0514,P0083,4,Very good quality,2025-06-28
R01740,C0109,P0062,2,Good product,2025-03-03
R01741,C0276,P0064,5,Excellent product,2025-07-26
R01742,C0630,P0040,4,Excellent product,2025-12-30
R01743,C0712,P0051,4,Worth the price,2025-07-16
R01744,C0004,P0071,4,Excellent product,2025-10-15
R01745,C0735,P0070,3,Excellent product,2025-04-14
R01746,C0250,P0006,1,Excellent product,2025-03-26
R01747,C0459,P0048,5,Very good quality,2025-04-06
R01748,C0238,P0049,2,Worth the price,2025-11-12
R01749,C0241,P0049,5,Good product,2025-02-19
R01750,C0416,P0063,4,Good product,2025-02-14
R01751,C0770,P0005,4,Excellent product,2025-10-02
R01752,C0202,P0040,5,Very good quality,2025-08-10
R01753,C0712,P0066,5,Average product,2025-01-28
R01754,C0140,P0049,5,Excellent product,2025-04-07
R01755,C0056,P0008,3,Average product,2025-10-24
R01756,C0944,P0013,5,Excellent product,2025-09-03
R01757,C0399,P0081,2,Very good quality,2025-03-09
R01758,C0854,P0088,2,Not satisfied,2025-09-08
R01759,C0613,P0047,5,Excellent product,2025-08-26
R01760,C0434,P0070,3,Not satisfied,2025-06-19
R01761,C0235,P0048,5,Excellent product,2025-07-02
R01762,C0908,P0077,3,Not satisfied,2025-10-24
R01763,C0975,P0051,2,Average product,2025-06-11
R01764,C0908,P0049,5,Very good quality,2025-05-25
R01765,C0680,P0049,5,Excellent product,2025-09-21
R01766,C0148,P0067,5,Average product,2025-11-09
R01767,C0741,P0008,4,Worth the price,2025-10-04
R01768,C0449,P0065,4,Worth the price,2025-12-13
R01769,C0453,P0003,3,Very good quality,2025-02-04
R01770,C0365,P0094,2,Very good quality,2025-08-16
R01771,C0448,P0066,4,Very good quality,2025-03-15
R01772,C0031,P0072,5,Not satisfied,2025-08-26
R01773,C0945,P0021,5,Very good quality,2025-12-01
R01774,C0431,P0021,4,Very good quality,2025-08-19
R01775,C0836,P0099,4,Very good quality,2025-09-25
R01776,C0451,P0083,5,Good product,2025-05-19
R01777,C0189,P0062,2,Average product,2025-05-26
R01778,C0204,P0035,4,Excellent product,2025-09-04
R01779,C0475,P0054,2,Very good quality,2025-11-13
R01780,C0722,P0056,2,Good product,2025-12-09
R01781,C0022,P0062,4,Very good quality,2025-06-13
R01782,C0528,P0077,3,Very good quality,2025-05-10
R01783,C0155,P0039,4,Average product,2025-06-09
R01784,C0245,P0099,2,Worth the price,2025-10-10
R01785,C0785,P0039,5,Worth the price,2025-12-23
R01786,C0864,P0005,5,Very good quality,2025-12-17
R01787,C0410,P0090,5,Not satisfied,2025-09-10
R01788,C0665,P0039,4,Worth the price,2025-12-20
R01789,C0333,P0017,1,Good product,2025-11-29
R01790,C0574,P0065,5,Good product,2025-12-17
R01791,C0105,P0049,3,Very good quality,2025-07-10
R01792,C0632,P0055,4,Good product,2025-03-21
R01793,C0021,P0004,3,Good product,2025-08-17
R01794,C0600,P0092,3,Excellent product,2025-11-06
R01795,C0409,P0033,5,Very good quality,2025-08-23
R01796,C0020,P0015,4,Average product,2025-06-29
R01797,C0838,P0075,5,Excellent product,2025-04-06
R01798,C0012,P0018,5,Not satisfied,2025-02-16
R01799,C0704,P0056,3,Good product,2025-04-18
R01800,C0638,P0023,2,Average product,2025-08-07
R01801,C0934,P0091,2,Good product,2025-12-09
R01802,C0532,P0068,5,Excellent product,2025-07-02
R01803,C0398,P0099,4,Average product,2025-10-03
R01804,C0239,P0034,3,Worth the price,2025-06-02
R01805,C0112,P0008,2,Not satisfied,2025-04-16
R01806,C0819,P0088,3,Good product,2025-10-27
R01807,C0569,P0036,2,Very good quality,2025-02-24
R01808,C0245,P0038,4,Average product,2025-03-02
R01809,C0688,P0033,5,Average product,2025-09-16
R01810,C0616,P0073,3,Worth the price,2025-10-02
R01811,C0239,P0033,4,Average product,2025-10-11
R01812,C0778,P0029,4,Worth the price,2025-01-28
R01813,C0358,P0020,4,Good product,2025-04-04
R01814,C0018,P0064,4,Not satisfied,2025-05-13
R01815,C0061,P0062,5,Very good quality,2025-07-18
R01816,C0481,P0042,4,Excellent product,2025-04-23
R01817,C0741,P0078,4,Good product,2025-05-31
R01818,C0346,P0092,3,Average product,2025-10-20
R01819,C0468,P0068,4,Very good quality,2025-11-09
R01820,C0788,P0028,4,Very good quality,2025-06-12
R01821,C0636,P0049,2,Very good quality,2025-07-28
R01822,C0773,P0022,5,Average product,2025-12-16
R01823,C0431,P0048,5,Average product,2025-05-05
R01824,C0052,P0076,4,Not satisfied,2025-07-01
R01825,C0333,P0055,3,Not satisfied,2025-09-30
R01826,C0798,P0098,5,Good product,2025-06-18
R01827,C0176,P0075,1,Average product,2025-12-05
R01828,C0877,P0046,3,Worth the price,2025-06-18
R01829,C0073,P0064,4,Good product,2025-06-06
R01830,C0776,P0066,4,Not satisfied,2025-05-27
R01831,C0570,P0033,5,Worth the price,2025-06-20
R01832,C0771,P0043,5,Worth the price,2025-09-12
R01833,C0424,P0045,3,Not satisfied,2025-03-22
R01834,C0923,P0041,5,Good product,2025-09-04
R01835,C0723,P0010,5,Excellent product,2025-06-20
R01836,C0488,P0053,1,Worth the price,2025-04-25
R01837,C0526,P0086,5,Not satisfied,2025-10-06
R01838,C0581,P0016,2,Average product,2025-11-23
R01839,C0108,P0078,4,Not satisfied,2025-12-23
R01840,C0985,P0027,4,Excellent product,2025-10-10
R01841,C0583,P0083,2,Very good quality,2025-12-12
R01842,C0773,P0014,3,Average product,2025-06-05
R01843,C0531,P0075,3,Good product,2025-05-05
R01844,C0208,P0032,4,Not satisfied,2025-02-12
R01845,C0975,P0033,2,Not satisfied,2025-08-06
R01846,C0735,P0058,3,Good product,2025-02-03
R01847,C0578,P0063,3,Worth the price,2025-07-15
R01848,C0172,P0027,5,Very good quality,2025-06-02
R01849,C0868,P0015,3,Worth the price,2025-12-22
R01850,C0323,P0031,4,Very good quality,2025-02-14
R01851,C0014,P0039,4,Excellent product,2025-12-05
R01852,C0601,P0016,4,Good product,2025-10-04
R01853,C0251,P0007,1,Worth the price,2025-05-04
R01854,C0083,P0030,4,Worth the price,2025-06-21
R01855,C0919,P0084,5,Average product,2025-09-19
R01856,C0161,P0053,4,Very good quality,2025-03-02
R01857,C0528,P0007,5,Average product,2025-02-13
R01858,C0502,P0002,4,Worth the price,2025-04-05
R01859,C0815,P0088,3,Good product,2025-04-27
R01860,C0174,P0018,5,Good product,2025-07-19
R01861,C0284,P0082,5,Good product,2025-02-17
R01862,C0930,P0060,5,Average product,2025-01-20
R01863,C0799,P0089,2,Not satisfied,2025-09-04
R01864,C0038,P0030,1,Good product,2025-06-30
R01865,C0372,P0087,4,Not satisfied,2025-08-27
R01866,C0527,P0016,3,Very good quality,2025-10-29
R01867,C0360,P0084,4,Not satisfied,2025-03-02
R01868,C0130,P0061,4,Excellent product,2025-04-11
R01869,C0457,P0023,1,Worth the price,2025-11-07
R01870,C0990,P0048,2,Excellent product,2025-07-14
R01871,C0034,P0057,5,Very good quality,2025-11-13
R01872,C0056,P0095,4,Excellent product,2025-09-07
R01873,C0879,P0050,4,Average product,2025-12-27
R01874,C0340,P0001,4,Average product,2025-02-16
R01875,C0118,P0083,2,Good product,2025-10-09
R01876,C0235,P0032,1,Worth the price,2025-04-23
R01877,C0265,P0079,4,Good product,2025-04-07
R01878,C0049,P0002,4,Worth the price,2025-07-08
R01879,C0705,P0068,3,Average product,2025-03-29
R01880,C0960,P0002,5,Excellent product,2025-01-06
R01881,C0631,P0008,2,Excellent product,2025-03-05
R01882,C0654,P0015,5,Average product,2025-07-11
R01883,C0577,P0059,2,Average product,2025-07-30
R01884,C0170,P0085,4,Excellent product,2025-07-01
R01885,C0154,P0091,4,Excellent product,2025-09-02
R01886,C0719,P0097,4,Very good quality,2025-12-28
R01887,C0876,P0070,4,Good product,2025-03-15
R01888,C0958,P0083,5,Good product,2025-06-24
R01889,C0978,P0018,4,Very good quality,2025-10-06
R01890,C0603,P0062,5,Good product,2025-03-05
R01891,C0871,P0050,3,Not satisfied,2025-08-12
R01892,C0917,P0091,4,Average product,2025-10-26
R01893,C0725,P0039,2,Worth the price,2025-09-26
R01894,C0610,P0031,4,Not satisfied,2025-12-19
R01895,C0102,P0034,5,Very good quality,2025-07-10
R01896,C0325,P0094,3,Not satisfied,2025-09-14
R01897,C0494,P0045,3,Not satisfied,2025-03-27
R01898,C0650,P0066,5,Good product,2025-07-28
R01899,C0742,P0079,4,Worth the price,2025-12-21
R01900,C0078,P0090,4,Worth the price,2025-08-05
R01901,C0186,P0056,4,Worth the price,2025-12-15
R01902,C0645,P0054,5,Average product,2025-01-02
R01903,C0625,P0028,5,Very good quality,2025-07-30
R01904,C0220,P0007,4,Worth the price,2025-03-12
R01905,C0057,P0089,4,Very good quality,2025-11-21
R01906,C0528,P0042,4,Very good quality,2025-05-12
R01907,C0442,P0066,4,Excellent product,2025-04-01
R01908,C0582,P0085,4,Very good quality,2025-07-08
R01909,C0004,P0053,4,Average product,2025-11-17
R01910,C0700,P0047,3,Excellent product,2025-06-18
R01911,C0355,P0073,4,Good product,2025-03-11
R01912,C0046,P0023,5,Not satisfied,2025-06-13
R01913,C0348,P0096,5,Worth the price,2025-01-12
R01914,C0423,P0010,2,Excellent product,2025-01-29
R01915,C0165,P0094,4,Very good quality,2025-12-14
R01916,C0360,P0070,5,Not satisfied,2025-11-30
R01917,C0650,P0100,2,Very good quality,2025-07-21
R01918,C0775,P0048,4,Worth the price,2025-11-12
R01919,C0736,P0081,5,Good product,2025-05-03
R01920,C0627,P0080,5,Very good quality,2025-06-08
R01921,C0890,P0005,4,Worth the price,2025-10-09
R01922,C0252,P0044,5,Worth the price,2025-05-18
R01923,C0261,P0043,4,Good product,2025-06-25
R01924,C0731,P0085,4,Very good quality,2025-12-11
R01925,C0020,P0086,4,Good product,2025-03-26
R01926,C0306,P0078,5,Very good quality,2025-11-25
R01927,C0856,P0073,5,Very good quality,2025-04-24
R01928,C0309,P0044,3,Average product,2025-05-21
R01929,C0123,P0043,5,Excellent product,2025-11-14
R01930,C0518,P0084,3,Worth the price,2025-02-20
R01931,C0173,P0067,2,Worth the price,2025-06-12
R01932,C0400,P0026,5,Good product,2025-08-06
R01933,C0848,P0052,4,Average product,2025-08-31
R01934,C0848,P0020,4,Excellent product,2025-01-07
R01935,C0547,P0090,3,Worth the price,2025-07-24
R01936,C0826,P0023,5,Not satisfied,2025-03-16
R01937,C0277,P0065,5,Not satisfied,2025-08-19
R01938,C0001,P0045,3,Excellent product,2025-12-26
R01939,C0889,P0030,1,Very good quality,2025-08-23
R01940,C0006,P0079,4,Good product,2025-12-02
R01941,C0710,P0080,3,Good product,2025-03-09
R01942,C0251,P0076,4,Average product,2025-07-22
R01943,C0281,P0097,5,Excellent product,2025-09-23
R01944,C0899,P0002,5,Worth the price,2025-02-19
R01945,C0421,P0077,5,Good product,2025-04-14
R01946,C0250,P0085,4,Excellent product,2025-09-25
R01947,C0807,P0016,3,Worth the price,2025-04-18
R01948,C0501,P0052,2,Average product,2025-11-16
R01949,C0847,P0062,5,Very good quality,2025-06-07
R01950,C0134,P0060,4,Very good quality,2025-08-26
R01951,C0648,P0025,5,Not satisfied,2025-04-01
R01952,C0666,P0038,3,Good product,2025-10-02
R01953,C0636,P0083,3,Worth the price,2025-04-10
R01954,C0200,P0027,2,Very good quality,2025-06-27
R01955,C0340,P0096,4,Good product,2025-05-07
R01956,C0107,P0082,5,Good product,2025-11-01
R01957,C0272,P0008,4,Not satisfied,2025-12-16
R01958,C0100,P0078,4,Worth the price,2025-12-11
R01959,C0448,P0013,1,Not satisfied,2025-06-25
R01960,C0964,P0017,5,Worth the price,2025-11-20
R01961,C0331,P0008,5,Worth the price,2025-09-13
R01962,C0519,P0071,4,Average product,2025-04-18
R01963,C0411,P0023,4,Not satisfied,2025-07-07
R01964,C0341,P0022,4,Worth the price,2025-09-01
R01965,C0248,P0015,4,Worth the price,2025-06-13
R01966,C0020,P0084,4,Good product,2025-09-29
R01967,C0242,P0009,4,Very good quality,2025-05-19
R01968,C0697,P0094,5,Average product,2025-03-20
R01969,C0412,P0097,4,Worth the price,2025-10-21
R01970,C0154,P0100,5,Very good quality,2025-04-21
R01971,C0887,P0016,4,Good product,2025-08-17
R01972,C0531,P0070,4,Worth the price,2025-01-31
R01973,C0294,P0004,5,Good product,2025-05-02
R01974,C0590,P0097,4,Excellent product,2025-12-15
R01975,C0996,P0035,5,Worth the price,2025-01-29
R01976,C0294,P0067,3,Excellent product,2025-05-25
R01977,C0195,P0018,5,Worth the price,2025-01-02
R01978,C0478,P0021,2,Good product,2025-12-15
R01979,C0530,P0076,4,Excellent product,2025-06-13
R01980,C0011,P0043,5,Average product,2025-05-26
R01981,C0012,P0089,4,Worth the price,2025-05-25
R01982,C0102,P0087,4,Not satisfied,2025-01-21
R01983,C0593,P0038,3,Excellent product,2025-06-07
R01984,C0832,P0097,3,Average product,2025-03-27
R01985,C0732,P0082,5,Average product,2025-09-23
R01986,C0717,P0053,4,Excellent product,2025-02-13
R01987,C0963,P0049,5,Average product,2025-07-20
R01988,C0260,P0004,5,Worth the price,2025-11-27
R01989,C0469,P0042,4,Average product,2025-09-12
R01990,C0374,P0085,3,Very good quality,2025-03-12
R01991,C0544,P0009,4,Worth the price,2025-10-27
R01992,C0874,P0021,4,Very good quality,2025-01-11
R01993,C0184,P0071,5,Excellent product,2025-09-27
R01994,C0929,P0022,4,Excellent product,2025-12-27
R01995,C0490,P0012,5,Average product,2025-10-23
R01996,C0242,P0004,4,Good product,2025-10-27
R01997,C0845,P0056,5,Not satisfied,2025-07-02
R01998,C0227,P0029,5,Excellent product,2025-05-06
R01999,C0642,P0037,5,Good product,2025-03-04
R02000,C0751,P0031,5,Worth the price,2025-08-08
R02001,C0772,P0085,3,Worth the price,2025-05-23
R02002,C0905,P0023,5,Worth the price,2025-09-13
R02003,C0313,P0086,1,Average product,2025-12-24
R02004,C0885,P0010,5,Good product,2025-08-25
R02005,C0430,P0079,3,Not satisfied,2025-11-22
R02006,C0053,P0060,4,Good product,2025-07-09
R02007,C0146,P0054,5,Very good quality,2025-01-02
R02008,C0701,P0006,4,Worth the price,2025-04-08
R02009,C0408,P0001,3,Worth the price,2025-09-19
R02010,C0378,P0083,5,Very good quality,2025-07-14
R02011,C0811,P0038,5,Very good quality,2025-02-20
R02012,C0158,P0017,1,Worth the price,2025-05-08
R02013,C0467,P0051,5,Excellent product,2025-07-24
R02014,C0258,P0095,4,Good product,2025-05-20
R02015,C0518,P0012,3,Worth the price,2025-05-19
R02016,C0341,P0099,5,Good product,2025-08-16
R02017,C0372,P0022,3,Excellent product,2025-07-14
R02018,C0930,P0072,5,Excellent product,2025-04-14
R02019,C0718,P0087,3,Average product,2025-06-06
R02020,C0140,P0038,5,Good product,2025-04-20
R02021,C0285,P0007,2,Very good quality,2025-09-02
R02022,C0747,P0007,4,Not satisfied,2025-03-23
R02023,C0978,P0068,5,Very good quality,2025-03-15
R02024,C0926,P0021,1,Not satisfied,2025-05-06
R02025,C0036,P0083,4,Average product,2025-05-14
R02026,C0031,P0078,5,Excellent product,2025-01-02
R02027,C0118,P0059,2,Worth the price,2025-10-31
R02028,C0352,P0090,4,Excellent product,2025-12-03
R02029,C0668,P0055,4,Good product,2025-03-25
R02030,C0286,P0083,1,Worth the price,2025-02-19
R02031,C0808,P0082,5,Very good quality,2025-01-13
R02032,C0178,P0035,2,Excellent product,2025-12-14
R02033,C0416,P0011,3,Average product,2025-04-05
R02034,C0243,P0094,4,Not satisfied,2025-08-19
R02035,C0781,P0071,4,Good product,2025-08-22
R02036,C0168,P0067,5,Worth the price,2025-04-08
R02037,C0629,P0030,4,Not satisfied,2025-07-20
R02038,C0915,P0074,3,Not satisfied,2025-12-12
R02039,C0096,P0092,3,Very good quality,2025-04-11
R02040,C0881,P0097,4,Good product,2025-10-27
R02041,C0239,P0025,4,Worth the price,2025-05-26
R02042,C0502,P0013,5,Average product,2025-04-17
R02043,C0100,P0032,4,Excellent product,2025-12-22
R02044,C0291,P0002,1,Worth the price,2025-10-13
R02045,C0212,P0031,3,Worth the price,2025-12-18
R02046,C0956,P0018,4,Excellent product,2025-01-01
R02047,C0767,P0049,3,Not satisfied,2025-03-02
R02048,C0674,P0007,5,Worth the price,2025-07-09
R02049,C0831,P0007,5,Not satisfied,2025-12-11
R02050,C0267,P0004,3,Good product,2025-11-20
R02051,C0713,P0041,4,Average product,2025-02-12
R02052,C0481,P0075,4,Not satisfied,2025-05-24
R02053,C0666,P0049,4,Very good quality,2025-05-26
R02054,C0579,P0043,5,Average product,2025-10-06
R02055,C0341,P0032,4,Good product,2025-07-31
R02056,C0662,P0012,2,Not satisfied,2025-06-04
R02057,C0461,P0099,3,Good product,2025-01-22
R02058,C0987,P0087,4,Very good quality,2025-10-13
R02059,C0368,P0082,4,Good product,2025-01-09
R02060,C0908,P0038,5,Very good quality,2025-08-05
R02061,C0483,P0012,4,Good product,2025-09-26
R02062,C0604,P0079,5,Not satisfied,2025-05-21
R02063,C0165,P0061,4,Not satisfied,2025-09-14
R02064,C0396,P0015,1,Very good quality,2025-02-07
R02065,C0481,P0018,5,Not satisfied,2025-04-12
R02066,C0680,P0067,4,Good product,2025-10-23
R02067,C0284,P0041,5,Excellent product,2025-06-17
R02068,C0429,P0090,3,Very good quality,2025-08-01
R02069,C0901,P0058,4,Good product,2025-05-04
R02070,C0823,P0004,3,Good product,2025-06-18
R02071,C0088,P0029,5,Excellent product,2025-12-23
R02072,C0683,P0087,1,Excellent product,2025-10-31
R02073,C0821,P0034,2,Good product,2025-09-27
R02074,C0536,P0055,4,Not satisfied,2025-11-04
R02075,C0163,P0020,3,Average product,2025-05-24
R02076,C0355,P0088,2,Very good quality,2025-06-13
R02077,C0266,P0072,4,Average product,2025-09-14
R02078,C0173,P0062,3,Good product,2025-02-12
R02079,C0192,P0076,4,Very good quality,2025-03-28
R02080,C0594,P0012,3,Worth the price,2025-07-17
R02081,C0103,P0010,3,Average product,2025-01-30
R02082,C0096,P0089,2,Not satisfied,2025-11-04
R02083,C0319,P0100,3,Good product,2025-07-26
R02084,C0827,P0057,4,Excellent product,2025-08-15
R02085,C0596,P0031,3,Very good quality,2025-09-17
R02086,C0859,P0073,3,Not satisfied,2025-10-08
R02087,C0497,P0046,5,Excellent product,2025-02-12
R02088,C0144,P0035,2,Excellent product,2025-03-07
R02089,C0342,P0089,4,Average product,2025-09-07
R02090,C0332,P0032,4,Very good quality,2025-09-22
R02091,C0339,P0074,3,Average product,2025-08-30
R02092,C0097,P0057,5,Very good quality,2025-08-07
R02093,C0695,P0081,4,Worth the price,2025-06-21
R02094,C0712,P0066,4,Excellent product,2025-07-06
R02095,C0884,P0027,4,Average product,2025-03-20
R02096,C0636,P0050,5,Excellent product,2025-12-14
R02097,C0038,P0065,5,Excellent product,2025-08-07
R02098,C0709,P0053,4,Good product,2025-06-25
R02099,C0961,P0011,2,Worth the price,2025-08-28
R02100,C0888,P0030,4,Very good quality,2025-04-29
R02101,C0702,P0008,5,Good product,2025-05-28
R02102,C0840,P0047,4,Excellent product,2025-02-26
R02103,C0291,P0062,5,Excellent product,2025-05-29
R02104,C0207,P0076,5,Average product,2025-07-15
R02105,C0116,P0031,4,Not satisfied,2025-09-01
R02106,C0560,P0056,5,Good product,2025-10-08
R02107,C0094,P0030,3,Excellent product,2025-05-24
R02108,C0690,P0026,5,Very good quality,2025-12-30
R02109,C0321,P0017,5,Worth the price,2025-12-31
R02110,C0432,P0035,2,Good product,2025-10-07
R02111,C0623,P0002,3,Worth the price,2025-06-29
R02112,C0578,P0056,1,Good product,2025-10-08
R02113,C0737,P0062,3,Excellent product,2025-06-25
R02114,C0894,P0037,5,Very good quality,2025-03-24
R02115,C0959,P0006,5,Excellent product,2025-03-29
R02116,C0159,P0011,5,Very good quality,2025-12-22
R02117,C0729,P0021,3,Average product,2025-09-29
R02118,C0700,P0001,5,Average product,2025-10-30
R02119,C0928,P0048,3,Very good quality,2025-05-02
R02120,C0477,P0067,4,Very good quality,2025-05-06
R02121,C0683,P0081,4,Average product,2025-04-09
R02122,C0444,P0064,3,Not satisfied,2025-05-14
R02123,C0695,P0085,5,Very good quality,2025-04-12
R02124,C0928,P0045,4,Good product,2025-10-11
R02125,C0393,P0084,3,Very good quality,2025-04-24
R02126,C0860,P0080,4,Average product,2025-06-26
R02127,C0825,P0079,4,Very good quality,2025-06-01
R02128,C0092,P0053,5,Excellent product,2025-04-06
R02129,C0769,P0071,4,Worth the price,2025-12-17
R02130,C0416,P0100,4,Very good quality,2025-01-15
R02131,C0092,P0034,4,Worth the price,2025-12-15
R02132,C0901,P0007,3,Good product,2025-03-04
R02133,C0448,P0082,5,Worth the price,2025-09-19
R02134,C0132,P0066,2,Worth the price,2025-02-10
R02135,C0201,P0024,4,Excellent product,2025-06-20
R02136,C0050,P0049,5,Average product,2025-10-29
R02137,C0789,P0029,2,Excellent product,2025-06-26
R02138,C0631,P0056,5,Very good quality,2025-08-22
R02139,C0476,P0071,3,Excellent product,2025-07-07
R02140,C0334,P0041,3,Worth the price,2025-12-08
R02141,C0417,P0007,2,Average product,2025-08-11
R02142,C0509,P0025,3,Not satisfied,2025-06-12
R02143,C0675,P0024,5,Worth the price,2025-11-11
R02144,C0660,P0036,1,Not satisfied,2025-11-03
R02145,C0604,P0017,4,Worth the price,2025-10-01
R02146,C0310,P0084,4,Average product,2025-11-22
R02147,C0315,P0091,3,Average product,2025-01-18
R02148,C0078,P0068,4,Good product,2025-01-03
R02149,C0854,P0035,4,Very good quality,2025-10-27
R02150,C0418,P0007,4,Very good quality,2025-10-31
R02151,C0266,P0069,1,Average product,2025-11-10
R02152,C0923,P0003,3,Worth the price,2025-11-29
R02153,C0803,P0097,3,Good product,2025-05-19
R02154,C0183,P0082,3,Excellent product,2025-11-29
R02155,C0289,P0024,2,Worth the price,2025-07-15
R02156,C0639,P0093,3,Not satisfied,2025-06-21
R02157,C0090,P0017,3,Very good quality,2025-12-26
R02158,C0976,P0005,2,Worth the price,2025-07-21
R02159,C0112,P0025,4,Good product,2025-07-18
R02160,C0068,P0035,5,Good product,2025-06-07
R02161,C0012,P0006,5,Average product,2025-12-30
R02162,C0638,P0068,3,Not satisfied,2025-03-17
R02163,C0502,P0099,4,Worth the price,2025-05-20
R02164,C0408,P0085,3,Excellent product,2025-07-02
R02165,C0119,P0076,5,Average product,2025-01-27
R02166,C0641,P0064,5,Excellent product,2025-01-28
R02167,C0784,P0037,4,Average product,2025-11-26
R02168,C0081,P0092,5,Very good quality,2025-05-14
R02169,C0185,P0021,5,Excellent product,2025-03-13
R02170,C0272,P0061,3,Worth the price,2025-03-05
R02171,C0341,P0085,3,Worth the price,2025-12-22
R02172,C0815,P0023,5,Average product,2025-07-30
R02173,C0733,P0027,4,Very good quality,2025-03-26
R02174,C0093,P0021,3,Average product,2025-08-18
R02175,C0741,P0060,2,Worth the price,2025-06-13
R02176,C0588,P0025,2,Good product,2025-02-28
R02177,C0575,P0009,5,Good product,2025-03-25
R02178,C0337,P0064,1,Average product,2025-07-07
R02179,C0060,P0010,2,Good product,2025-02-23
R02180,C0167,P0053,4,Worth the price,2025-10-04
R02181,C0792,P0048,4,Worth the price,2025-05-16
R02182,C0270,P0023,4,Excellent product,2025-10-13
R02183,C0517,P0016,4,Good product,2025-01-21
R02184,C0199,P0066,4,Excellent product,2025-09-28
R02185,C0700,P0089,2,Good product,2025-10-07
R02186,C0301,P0013,3,Average product,2025-02-01
R02187,C0613,P0098,3,Excellent product,2025-11-26
R02188,C0459,P0033,4,Not satisfied,2025-04-05
R02189,C0743,P0082,5,Not satisfied,2025-12-24
R02190,C0225,P0092,3,Average product,2025-05-23
R02191,C0945,P0051,5,Not satisfied,2025-10-11
R02192,C0894,P0029,3,Excellent product,2025-08-28
R02193,C0528,P0088,1,Excellent product,2025-05-04
R02194,C0787,P0061,5,Good product,2025-04-14
R02195,C0868,P0013,4,Average product,2025-05-15
R02196,C0913,P0077,4,Average product,2025-04-15
R02197,C0059,P0026,4,Very good quality,2025-06-27
R02198,C0851,P0094,1,Good product,2025-07-20
R02199,C0052,P0001,3,Good product,2025-12-18
R02200,C0346,P0056,4,Very good quality,2025-04-15
R02201,C0656,P0073,3,Average product,2025-01-05
R02202,C0474,P0052,3,Good product,2025-01-11
R02203,C0869,P0031,4,Average product,2025-11-20
R02204,C0264,P0049,3,Worth the price,2025-08-18
R02205,C0967,P0040,5,Good product,2025-04-05
R02206,C0282,P0028,3,Not satisfied,2025-07-03
R02207,C0668,P0097,1,Worth the price,2025-08-30
R02208,C0310,P0016,5,Average product,2025-02-25
R02209,C0144,P0030,4,Worth the price,2025-09-27
R02210,C0222,P0027,3,Not satisfied,2025-02-16
R02211,C0414,P0035,4,Excellent product,2025-08-08
R02212,C0355,P0051,4,Very good quality,2025-06-09
R02213,C0686,P0054,4,Worth the price,2025-11-28
R02214,C0719,P0032,5,Average product,2025-02-25
R02215,C0048,P0090,4,Not satisfied,2025-09-22
R02216,C0874,P0095,1,Good product,2025-04-05
R02217,C0888,P0097,5,Very good quality,2025-09-09
R02218,C0521,P0040,4,Excellent product,2025-06-03
R02219,C0544,P0082,4,Worth the price,2025-06-05
R02220,C0451,P0072,1,Average product,2025-01-30
R02221,C0639,P0017,1,Worth the price,2025-11-15
R02222,C0753,P0016,5,Excellent product,2025-02-07
R02223,C0440,P0090,5,Worth the price,2025-11-22
R02224,C0170,P0076,2,Excellent product,2025-09-08
R02225,C0264,P0056,4,Average product,2025-11-19
R02226,C0269,P0055,5,Worth the price,2025-09-01
R02227,C0056,P0096,4,Excellent product,2025-05-07
R02228,C0091,P0086,2,Worth the price,2025-03-26
R02229,C0467,P0043,3,Very good quality,2025-08-29
R02230,C0094,P0077,4,Not satisfied,2025-06-04
R02231,C0847,P0030,4,Excellent product,2025-10-22
R02232,C0853,P0045,5,Not satisfied,2025-02-16
R02233,C0496,P0048,4,Excellent product,2025-01-16
R02234,C0072,P0081,5,Excellent product,2025-02-13
R02235,C0115,P0024,4,Good product,2025-05-05
R02236,C0888,P0071,3,Good product,2025-07-03
R02237,C0974,P0039,5,Excellent product,2025-06-18
R02238,C0560,P0001,4,Worth the price,2025-03-24
R02239,C0713,P0059,4,Not satisfied,2025-05-16
R02240,C0902,P0011,4,Worth the price,2025-09-13
R02241,C0499,P0071,5,Average product,2025-10-29
R02242,C0445,P0074,4,Average product,2025-07-03
R02243,C0701,P0063,5,Very good quality,2025-08-29
R02244,C0062,P0041,5,Excellent product,2025-06-06
R02245,C0969,P0037,5,Worth the price,2025-03-08
R02246,C0924,P0085,3,Worth the price,2025-09-23
R02247,C0044,P0033,3,Very good quality,2025-07-21
R02248,C0785,P0042,3,Good product,2025-10-01
R02249,C0924,P0051,5,Excellent product,2025-05-28
R02250,C0357,P0079,4,Worth the price,2025-12-15
R02251,C0228,P0004,4,Excellent product,2025-09-18
R02252,C0867,P0074,5,Worth the price,2025-08-28
R02253,C0640,P0029,2,Excellent product,2025-07-20
R02254,C0067,P0060,3,Average product,2025-02-25
R02255,C0172,P0011,4,Average product,2025-05-17
R02256,C0581,P0001,4,Good product,2025-12-18
R02257,C0693,P0047,4,Not satisfied,2025-05-17
R02258,C0799,P0052,4,Excellent product,2025-02-17
R02259,C0610,P0045,3,Average product,2025-12-07
R02260,C0222,P0013,3,Very good quality,2025-08-14
R02261,C0760,P0100,3,Average product,2025-03-12
R02262,C0846,P0008,4,Worth the price,2025-04-20
R02263,C0358,P0057,5,Not satisfied,2025-04-16
R02264,C0308,P0049,4,Not satisfied,2025-02-21
R02265,C0147,P0061,4,Very good quality,2025-12-15
R02266,C0596,P0057,3,Good product,2025-11-14
R02267,C0719,P0063,5,Not satisfied,2025-05-05
R02268,C0376,P0039,2,Good product,2025-05-03
R02269,C0758,P0019,5,Good product,2025-10-05
R02270,C0324,P0023,4,Good product,2025-06-23
R02271,C0336,P0083,4,Not satisfied,2025-07-27
R02272,C0389,P0072,4,Good product,2025-01-22
R02273,C0898,P0075,3,Not satisfied,2025-06-20
R02274,C0996,P0055,3,Worth the price,2025-03-25
R02275,C0679,P0061,5,Worth the price,2025-02-18
R02276,C0909,P0004,5,Excellent product,2025-12-29
R02277,C0457,P0042,5,Good product,2025-09-12
R02278,C0125,P0005,4,Worth the price,2025-10-06
R02279,C0004,P0031,4,Good product,2025-12-25
R02280,C0391,P0048,5,Excellent product,2025-03-28
R02281,C0800,P0043,5,Average product,2025-08-24
R02282,C0403,P0082,1,Excellent product,2025-06-16
R02283,C0799,P0087,5,Not satisfied,2025-05-14
R02284,C0425,P0003,3,Worth the price,2025-02-10
R02285,C0029,P0048,3,Very good quality,2025-10-16
R02286,C0547,P0019,4,Average product,2025-11-12
R02287,C0722,P0094,3,Very good quality,2025-09-28
R02288,C0719,P0031,4,Very good quality,2025-12-06
R02289,C0235,P0087,4,Worth the price,2025-09-19
R02290,C0599,P0037,3,Excellent product,2025-06-19
R02291,C0850,P0058,5,Worth the price,2025-10-30
R02292,C0363,P0050,3,Worth the price,2025-06-12
R02293,C0800,P0030,5,Not satisfied,2025-11-16
R02294,C0266,P0001,4,Very good quality,2025-01-08
R02295,C0294,P0075,5,Excellent product,2025-11-14
R02296,C0670,P0071,3,Not satisfied,2025-10-17
R02297,C0492,P0076,3,Worth the price,2025-07-04
R02298,C0025,P0058,2,Very good quality,2025-07-07
R02299,C0560,P0025,4,Good product,2025-12-06
R02300,C0234,P0035,2,Good product,2025-04-22
R02301,C0003,P0074,5,Worth the price,2025-08-26
R02302,C0904,P0030,3,Worth the price,2025-01-17
R02303,C0157,P0092,5,Not satisfied,2025-02-25
R02304,C0208,P0012,5,Excellent product,2025-06-19
R02305,C0721,P0092,5,Very good quality,2025-12-15
R02306,C0413,P0049,5,Not satisfied,2025-04-27
R02307,C0820,P0076,4,Worth the price,2025-10-24
R02308,C0668,P0010,4,Very good quality,2025-08-17
R02309,C0905,P0010,5,Not satisfied,2025-12-09
R02310,C0465,P0050,3,Good product,2025-03-23
R02311,C0449,P0073,5,Not satisfied,2025-06-10
R02312,C0390,P0064,5,Very good quality,2025-01-02
R02313,C0295,P0002,4,Average product,2025-03-09
R02314,C0595,P0065,5,Average product,2025-07-08
R02315,C0981,P0021,4,Excellent product,2025-11-10
R02316,C0545,P0012,5,Very good quality,2025-10-25
R02317,C0944,P0043,4,Good product,2025-08-12
R02318,C0033,P0081,2,Worth the price,2025-03-08
R02319,C0236,P0088,4,Good product,2025-08-22
R02320,C0621,P0062,3,Excellent product,2025-03-02
R02321,C0464,P0082,3,Average product,2025-01-19
R02322,C0842,P0066,4,Not satisfied,2025-07-06
R02323,C0387,P0078,2,Very good quality,2025-03-25
R02324,C0371,P0013,5,Good product,2025-05-14
R02325,C0935,P0009,3,Not satisfied,2025-04-07
R02326,C0808,P0097,1,Good product,2025-03-15
R02327,C0563,P0038,4,Very good quality,2025-10-17
R02328,C0658,P0048,5,Average product,2025-11-09
R02329,C0865,P0049,5,Good product,2025-05-11
R02330,C0881,P0043,4,Good product,2025-03-07
R02331,C0259,P0020,2,Not satisfied,2025-09-15
R02332,C0732,P0099,5,Not satisfied,2025-05-20
R02333,C0467,P0036,4,Excellent product,2025-10-19
R02334,C0481,P0081,5,Good product,2025-11-29
R02335,C0170,P0094,4,Good product,2025-05-23
R02336,C0169,P0004,2,Good product,2025-01-26
R02337,C0777,P0085,2,Excellent product,2025-02-03
R02338,C0503,P0053,5,Not satisfied,2025-03-27
R02339,C0206,P0019,5,Very good quality,2025-09-08
R02340,C0562,P0066,5,Excellent product,2025-11-12
R02341,C0910,P0024,1,Excellent product,2025-10-15
R02342,C0157,P0012,3,Worth the price,2025-04-01
R02343,C0058,P0040,1,Excellent product,2025-07-02
R02344,C0128,P0018,4,Average product,2025-11-30
R02345,C0743,P0055,4,Excellent product,2025-05-21
R02346,C0817,P0044,3,Average product,2025-03-29
R02347,C0488,P0094,4,Average product,2025-12-29
R02348,C0758,P0076,3,Very good quality,2025-09-19
R02349,C0165,P0047,4,Not satisfied,2025-12-21
R02350,C0973,P0022,5,Good product,2025-08-30
R02351,C0401,P0021,5,Very good quality,2025-03-20
R02352,C0282,P0015,5,Very good quality,2025-06-29
R02353,C0193,P0073,5,Excellent product,2025-06-28
R02354,C0032,P0046,3,Average product,2025-09-23
R02355,C0410,P0093,3,Very good quality,2025-10-16
R02356,C0286,P0050,5,Very good quality,2025-04-25
R02357,C0511,P0086,3,Very good quality,2025-12-23
R02358,C0584,P0066,2,Not satisfied,2025-10-26
R02359,C0930,P0017,2,Not satisfied,2025-07-21
R02360,C0679,P0044,3,Average product,2025-01-26
R02361,C0188,P0005,4,Worth the price,2025-05-01
R02362,C0041,P0098,4,Worth the price,2025-10-01
R02363,C0732,P0013,3,Good product,2025-05-14
R02364,C0875,P0035,4,Excellent product,2025-05-21
R02365,C0605,P0008,1,Not satisfied,2025-03-04
R02366,C0430,P0075,4,Worth the price,2025-04-08
R02367,C0231,P0036,5,Not satisfied,2025-01-22
R02368,C0825,P0088,5,Not satisfied,2025-08-06
R02369,C0345,P0029,5,Worth the price,2025-08-22
R02370,C0807,P0063,4,Good product,2025-04-13
R02371,C0856,P0071,5,Very good quality,2025-03-11
R02372,C0937,P0015,2,Not satisfied,2025-07-02
R02373,C0687,P0004,2,Average product,2025-10-02
R02374,C0265,P0077,4,Excellent product,2025-04-13
R02375,C0354,P0067,5,Excellent product,2025-05-10
R02376,C0899,P0087,4,Worth the price,2025-11-07
R02377,C0348,P0088,4,Very good quality,2025-07-10
R02378,C0707,P0065,3,Good product,2025-05-01
R02379,C0065,P0037,4,Good product,2025-11-30
R02380,C0719,P0094,1,Average product,2025-08-27
R02381,C0458,P0063,3,Not satisfied,2025-02-16
R02382,C0318,P0081,4,Not satisfied,2025-12-29
R02383,C0732,P0030,5,Worth the price,2025-08-29
R02384,C0514,P0091,5,Worth the price,2025-03-16
R02385,C0424,P0035,5,Very good quality,2025-10-30
R02386,C0871,P0090,2,Average product,2025-11-12
R02387,C0954,P0031,5,Very good quality,2025-02-05
R02388,C0106,P0059,5,Good product,2025-09-18
R02389,C0368,P0064,5,Worth the price,2025-08-10
R02390,C0803,P0021,3,Very good quality,2025-01-25
R02391,C0840,P0082,4,Good product,2025-11-04
R02392,C0272,P0061,4,Very good quality,2025-07-27
R02393,C0569,P0011,2,Not satisfied,2025-02-27
R02394,C0619,P0073,5,Excellent product,2025-02-08
R02395,C0786,P0029,4,Not satisfied,2025-03-25
R02396,C0631,P0053,2,Very good quality,2025-02-20
R02397,C0312,P0007,3,Good product,2025-09-25
R02398,C0143,P0028,3,Worth the price,2025-12-01
R02399,C0586,P0085,3,Worth the price,2025-06-06
R02400,C0105,P0017,5,Not satisfied,2025-05-09
R02401,C0398,P0078,5,Worth the price,2025-11-02
R02402,C0054,P0044,4,Excellent product,2025-05-08
R02403,C0606,P0009,4,Not satisfied,2025-01-20
R02404,C0072,P0057,4,Average product,2025-08-21
R02405,C0386,P0042,4,Excellent product,2025-12-05
R02406,C0718,P0011,3,Excellent product,2025-10-26
R02407,C0046,P0055,2,Average product,2025-08-02
R02408,C0002,P0088,4,Average product,2025-02-27
R02409,C0392,P0065,4,Not satisfied,2025-03-18
R02410,C0458,P0064,1,Worth the price,2025-02-14
R02411,C0607,P0075,4,Average product,2025-01-31
R02412,C0347,P0004,5,Not satisfied,2025-12-21
R02413,C0290,P0045,4,Good product,2025-08-07
R02414,C0957,P0015,5,Not satisfied,2025-09-27
R02415,C0254,P0089,4,Very good quality,2025-08-30
R02416,C0483,P0008,2,Worth the price,2025-10-13
R02417,C0298,P0047,2,Average product,2025-06-03
R02418,C0627,P0093,2,Not satisfied,2025-10-21
R02419,C0501,P0066,1,Worth the price,2025-09-10
R02420,C0242,P0006,5,Not satisfied,2025-01-10
R02421,C0671,P0016,4,Excellent product,2025-10-21
R02422,C0249,P0042,3,Good product,2025-02-28
R02423,C0162,P0075,4,Excellent product,2025-06-11
R02424,C0788,P0051,3,Excellent product,2025-09-01
R02425,C0665,P0077,2,Excellent product,2025-09-02
R02426,C0079,P0058,5,Excellent product,2025-04-04
R02427,C0868,P0050,3,Very good quality,2025-04-14
R02428,C0920,P0065,4,Excellent product,2025-10-25
R02429,C0819,P0034,3,Worth the price,2025-01-26
R02430,C0285,P0098,4,Worth the price,2025-09-26
R02431,C0722,P0025,4,Excellent product,2025-10-13
R02432,C0101,P0046,4,Average product,2025-12-30
R02433,C0799,P0067,1,Very good quality,2025-10-09
R02434,C0886,P0066,5,Very good quality,2025-10-12
R02435,C0933,P0083,4,Not satisfied,2025-12-16
R02436,C0089,P0012,1,Worth the price,2025-08-16
R02437,C0721,P0046,3,Excellent product,2025-02-12
R02438,C0752,P0085,4,Very good quality,2025-12-22
R02439,C0932,P0081,2,Good product,2025-08-24
R02440,C0401,P0030,3,Good product,2025-08-04
R02441,C0301,P0049,1,Very good quality,2025-08-27
R02442,C0840,P0086,5,Good product,2025-05-12
R02443,C0508,P0056,5,Not satisfied,2025-11-22
R02444,C0477,P0052,4,Not satisfied,2025-03-17
R02445,C0034,P0046,3,Excellent product,2025-03-20
R02446,C0525,P0035,4,Excellent product,2025-01-27
R02447,C0740,P0051,3,Excellent product,2025-05-09
R02448,C0917,P0047,3,Average product,2025-02-08
R02449,C0641,P0011,1,Worth the price,2025-07-17
R02450,C0864,P0094,2,Good product,2025-10-24
R02451,C0586,P0034,2,Excellent product,2025-06-01
R02452,C0398,P0004,3,Excellent product,2025-02-05
R02453,C0734,P0055,5,Very good quality,2025-02-17
R02454,C0314,P0089,3,Worth the price,2025-09-01
R02455,C0048,P0082,4,Very good quality,2025-05-16
R02456,C0417,P0019,4,Not satisfied,2025-02-04
R02457,C0613,P0028,5,Worth the price,2025-10-26
R02458,C0485,P0013,3,Good product,2025-12-27
R02459,C0929,P0069,5,Excellent product,2025-03-19
R02460,C0906,P0030,3,Very good quality,2025-02-09
R02461,C0385,P0081,4,Excellent product,2025-09-28
R02462,C0406,P0064,5,Excellent product,2025-07-28
R02463,C0589,P0007,4,Very good quality,2025-07-14
R02464,C0420,P0064,4,Very good quality,2025-05-03
R02465,C0821,P0056,3,Worth the price,2025-01-25
R02466,C0103,P0090,4,Not satisfied,2025-10-11
R02467,C0416,P0023,5,Excellent product,2025-06-28
R02468,C0446,P0016,5,Excellent product,2025-11-15
R02469,C0853,P0073,5,Not satisfied,2025-07-23
R02470,C0728,P0087,5,Excellent product,2025-09-20
R02471,C0498,P0091,3,Not satisfied,2025-12-30
R02472,C0375,P0010,2,Worth the price,2025-06-01
R02473,C0052,P0003,3,Average product,2025-04-11
R02474,C0095,P0081,4,Not satisfied,2025-12-04
R02475,C0657,P0047,4,Not satisfied,2025-05-10
R02476,C0591,P0074,4,Good product,2025-03-12
R02477,C0311,P0083,4,Worth the price,2025-01-04
R02478,C0617,P0091,5,Very good quality,2025-02-15
R02479,C0621,P0084,5,Not satisfied,2025-11-08
R02480,C0630,P0054,4,Not satisfied,2025-01-18
R02481,C0735,P0093,4,Excellent product,2025-04-17
R02482,C0025,P0088,4,Not satisfied,2025-06-02
R02483,C0116,P0052,4,Worth the price,2025-01-03
R02484,C0992,P0049,1,Worth the price,2025-04-26
R02485,C0694,P0049,3,Good product,2025-05-12
R02486,C0359,P0004,5,Not satisfied,2025-06-29
R02487,C0834,P0080,2,Very good quality,2025-09-20
R02488,C0271,P0041,4,Excellent product,2025-02-08
R02489,C0880,P0050,4,Not satisfied,2025-01-02
R02490,C0586,P0022,4,Worth the price,2025-08-25
R02491,C0358,P0073,2,Average product,2025-12-28
R02492,C0910,P0069,4,Average product,2025-08-08
R02493,C0741,P0011,4,Good product,2025-11-20
R02494,C0749,P0013,3,Excellent product,2025-04-11
R02495,C0343,P0096,4,Worth the price,2025-09-01
R02496,C0672,P0022,4,Average product,2025-10-22
R02497,C0054,P0073,3,Very good quality,2025-08-30
R02498,C0203,P0090,5,Excellent product,2025-08-16
R02499,C0279,P0039,3,Worth the price,2025-11-16
R02500,C0250,P0084,4,Good product,2025-04-07
R02501,C0247,P0055,4,Average product,2025-01-13
R02502,C0714,P0053,4,Average product,2025-06-04
R02503,C0947,P0099,4,Good product,2025-05-11
R02504,C0968,P0053,1,Excellent product,2025-08-27
R02505,C0174,P0035,5,Not satisfied,2025-07-11
R02506,C0678,P0098,5,Worth the price,2025-03-03
R02507,C0311,P0097,3,Not satisfied,2025-11-23
R02508,C0092,P0062,4,Average product,2025-12-07
R02509,C0633,P0097,5,Good product,2025-06-15
R02510,C0424,P0045,5,Not satisfied,2025-02-06
R02511,C0100,P0065,5,Worth the price,2025-04-14
R02512,C0700,P0095,4,Good product,2025-08-25
R02513,C0910,P0032,3,Very good quality,2025-09-20
R02514,C0240,P0087,3,Good product,2025-07-18
R02515,C0302,P0052,5,Very good quality,2025-12-23
R02516,C0958,P0072,4,Excellent product,2025-01-21
R02517,C0126,P0084,4,Excellent product,2025-01-04
R02518,C0507,P0009,4,Very good quality,2025-12-26
R02519,C0709,P0038,4,Excellent product,2025-04-30
R02520,C0190,P0077,5,Very good quality,2025-11-16
R02521,C0867,P0005,5,Average product,2025-03-20
R02522,C0030,P0025,2,Good product,2025-08-23
R02523,C0424,P0056,5,Good product,2025-04-14
R02524,C0996,P0064,5,Good product,2025-05-22
R02525,C0948,P0100,5,Worth the price,2025-09-08
R02526,C0234,P0093,3,Worth the price,2025-02-05
R02527,C0300,P0086,4,Excellent product,2025-02-14
R02528,C0299,P0050,4,Not satisfied,2025-01-27
R02529,C0821,P0081,5,Average product,2025-11-08
R02530,C0500,P0040,4,Not satisfied,2025-06-15
R02531,C0305,P0020,5,Not satisfied,2025-04-15
R02532,C0648,P0039,2,Good product,2025-06-16
R02533,C0600,P0007,5,Not satisfied,2025-01-31
R02534,C0817,P0019,5,Very good quality,2025-02-05
R02535,C0495,P0048,1,Average product,2025-05-21
R02536,C0037,P0065,4,Very good quality,2025-07-12
R02537,C0924,P0070,4,Excellent product,2025-03-26
R02538,C0664,P0090,4,Good product,2025-01-17
R02539,C0100,P0039,5,Not satisfied,2025-02-22
R02540,C0880,P0070,4,Good product,2025-09-16
R02541,C0222,P0004,2,Very good quality,2025-07-02
R02542,C0889,P0095,1,Worth the price,2025-04-11
R02543,C0260,P0003,4,Excellent product,2025-10-17
R02544,C0162,P0072,3,Good product,2025-08-23
R02545,C0191,P0012,4,Very good quality,2025-03-26
R02546,C0712,P0075,3,Good product,2025-09-01
R02547,C0447,P0053,5,Not satisfied,2025-05-04
R02548,C0468,P0090,5,Worth the price,2025-05-06
R02549,C0703,P0025,5,Worth the price,2025-06-02
R02550,C0392,P0032,4,Average product,2025-01-21
R02551,C0469,P0086,5,Not satisfied,2025-07-24
R02552,C0214,P0029,4,Average product,2025-09-22
R02553,C0694,P0044,5,Not satisfied,2025-06-12
R02554,C0919,P0007,5,Not satisfied,2025-02-27
R02555,C0693,P0011,5,Excellent product,2025-03-08
R02556,C0718,P0049,3,Average product,2025-03-20
R02557,C0495,P0008,5,Not satisfied,2025-05-20
R02558,C0708,P0068,3,Average product,2025-10-09
R02559,C0399,P0009,5,Not satisfied,2025-06-26
R02560,C0926,P0038,5,Average product,2025-06-04
R02561,C0522,P0073,5,Good product,2025-06-18
R02562,C0338,P0008,1,Not satisfied,2025-12-10
R02563,C0131,P0055,1,Good product,2025-06-25
R02564,C0291,P0083,5,Not satisfied,2025-10-19
R02565,C0751,P0078,5,Average product,2025-03-26
R02566,C0475,P0095,5,Very good quality,2025-11-05
R02567,C0475,P0035,4,Excellent product,2025-11-29
R02568,C0043,P0087,3,Very good quality,2025-06-15
R02569,C0139,P0024,4,Very good quality,2025-10-17
R02570,C0444,P0018,4,Excellent product,2025-02-17
R02571,C0995,P0040,5,Worth the price,2025-04-14
R02572,C0885,P0003,4,Average product,2025-06-29
R02573,C0982,P0095,4,Worth the price,2025-07-20
R02574,C0590,P0025,2,Average product,2025-12-17
R02575,C0374,P0038,5,Not satisfied,2025-04-14
R02576,C0062,P0090,4,Worth the price,2025-01-07
R02577,C0160,P0019,4,Excellent product,2025-07-11
R02578,C0835,P0004,3,Excellent product,2025-09-15
R02579,C0601,P0047,5,Excellent product,2025-07-31
R02580,C0305,P0008,5,Good product,2025-05-14
R02581,C0405,P0021,3,Worth the price,2025-05-11
R02582,C0948,P0057,4,Good product,2025-10-31
R02583,C0011,P0016,5,Not satisfied,2025-02-10
R02584,C0217,P0090,2,Worth the price,2025-08-23
R02585,C0460,P0080,4,Very good quality,2025-06-13
R02586,C0615,P0078,3,Worth the price,2025-05-14
R02587,C0028,P0008,3,Worth the price,2025-08-18
R02588,C0987,P0076,4,Average product,2025-08-08
R02589,C0646,P0029,4,Not satisfied,2025-02-21
R02590,C0505,P0056,4,Very good quality,2025-10-09
R02591,C0542,P0090,3,Worth the price,2025-08-01
R02592,C0011,P0045,5,Excellent product,2025-07-27
R02593,C0987,P0061,5,Not satisfied,2025-05-18
R02594,C0952,P0049,5,Excellent product,2025-05-18
R02595,C0203,P0095,5,Average product,2025-03-22
R02596,C0394,P0013,4,Very good quality,2025-09-21
R02597,C0838,P0006,4,Good product,2025-09-21
R02598,C0207,P0003,4,Worth the price,2025-10-15
R02599,C0767,P0002,3,Not satisfied,2025-06-22
R02600,C0613,P0065,4,Average product,2025-05-26
R02601,C0792,P0043,5,Very good quality,2025-05-09
R02602,C0829,P0054,4,Good product,2025-04-22
R02603,C0528,P0051,5,Worth the price,2025-05-23
R02604,C0401,P0062,5,Good product,2025-10-15
R02605,C0663,P0079,5,Not satisfied,2025-09-21
R02606,C0962,P0020,3,Worth the price,2025-05-23
R02607,C0862,P0077,2,Worth the price,2025-04-15
R02608,C0402,P0002,4,Very good quality,2025-11-26
R02609,C0927,P0015,4,Excellent product,2025-10-01
R02610,C0399,P0092,4,Not satisfied,2025-03-01
R02611,C0892,P0039,4,Not satisfied,2025-03-21
R02612,C0049,P0006,4,Average product,2025-05-25
R02613,C0118,P0065,5,Worth the price,2025-12-29
R02614,C0459,P0001,2,Average product,2025-06-21
R02615,C0434,P0071,5,Excellent product,2025-03-05
R02616,C0104,P0042,3,Average product,2025-08-11
R02617,C0853,P0055,3,Worth the price,2025-05-17
R02618,C0885,P0007,4,Good product,2025-03-25
R02619,C0907,P0065,5,Worth the price,2025-12-07
R02620,C0153,P0018,4,Not satisfied,2025-06-05
R02621,C0331,P0013,4,Good product,2025-04-08
R02622,C0409,P0043,4,Excellent product,2025-09-10
R02623,C0840,P0086,3,Excellent product,2025-02-07
R02624,C0423,P0054,4,Not satisfied,2025-07-16
R02625,C0166,P0094,5,Good product,2025-03-06
R02626,C0980,P0029,5,Excellent product,2025-02-19
R02627,C0832,P0046,2,Average product,2025-11-23
R02628,C0254,P0037,3,Average product,2025-03-26
R02629,C0932,P0071,4,Not satisfied,2025-11-21
R02630,C0864,P0084,5,Worth the price,2025-10-27
R02631,C0071,P0020,4,Worth the price,2025-05-04
R02632,C0614,P0081,4,Average product,2025-04-26
R02633,C0597,P0049,4,Very good quality,2025-11-29
R02634,C0735,P0041,3,Not satisfied,2025-12-16
R02635,C0918,P0068,4,Worth the price,2025-03-01
R02636,C0372,P0006,3,Average product,2025-06-03
R02637,C0787,P0030,3,Very good quality,2025-10-22
R02638,C0054,P0019,4,Good product,2025-07-30
R02639,C0212,P0066,5,Average product,2025-07-08
R02640,C0952,P0033,5,Very good quality,2025-04-01
R02641,C0602,P0051,5,Very good quality,2025-07-29
R02642,C0802,P0010,4,Excellent product,2025-04-12
R02643,C0070,P0024,4,Good product,2025-04-12
R02644,C0160,P0065,3,Worth the price,2025-01-16
R02645,C0882,P0055,4,Good product,2025-04-18
R02646,C0225,P0038,5,Very good quality,2025-03-29
R02647,C0900,P0091,4,Average product,2025-08-05
R02648,C0901,P0030,5,Average product,2025-08-14
R02649,C0062,P0080,4,Very good quality,2025-11-25
R02650,C0714,P0040,3,Average product,2025-01-12
R02651,C0370,P0047,5,Excellent product,2025-11-09
R02652,C0053,P0015,2,Good product,2025-03-27
R02653,C0724,P0039,3,Very good quality,2025-07-04
R02654,C0666,P0055,4,Average product,2025-07-10
R02655,C0929,P0073,4,Good product,2025-05-04
R02656,C0114,P0069,5,Average product,2025-11-01
R02657,C0753,P0057,5,Excellent product,2025-09-28
R02658,C0826,P0008,4,Worth the price,2025-06-13
R02659,C0056,P0074,4,Not satisfied,2025-07-24
R02660,C0475,P0066,3,Worth the price,2025-12-17
R02661,C0010,P0057,3,Worth the price,2025-06-25
R02662,C0912,P0093,4,Excellent product,2025-08-27
R02663,C0858,P0065,4,Worth the price,2025-04-18
R02664,C0210,P0003,3,Not satisfied,2025-04-27
R02665,C0448,P0050,4,Very good quality,2025-07-09
R02666,C0941,P0057,4,Good product,2025-12-04
R02667,C0835,P0042,2,Worth the price,2025-09-16
R02668,C0781,P0030,5,Not satisfied,2025-12-03
R02669,C0288,P0097,2,Average product,2025-05-05
R02670,C0906,P0054,3,Very good quality,2025-05-12
R02671,C0325,P0076,5,Not satisfied,2025-08-06
R02672,C0200,P0062,2,Average product,2025-11-17
R02673,C0760,P0028,2,Excellent product,2025-02-14
R02674,C0409,P0065,2,Worth the price,2025-01-24
R02675,C0774,P0008,1,Worth the price,2025-02-08
R02676,C0463,P0048,4,Very good quality,2025-07-31
R02677,C0730,P0034,3,Not satisfied,2025-06-17
R02678,C0756,P0040,2,Average product,2025-12-28
R02679,C0543,P0052,5,Excellent product,2025-01-04
R02680,C0837,P0057,3,Not satisfied,2025-04-19
R02681,C0005,P0057,4,Excellent product,2025-09-10
R02682,C0362,P0087,5,Average product,2025-04-03
R02683,C0950,P0092,2,Good product,2025-03-31
R02684,C0141,P0099,5,Very good quality,2025-11-04
R02685,C0781,P0098,5,Not satisfied,2025-09-27
R02686,C0211,P0024,5,Average product,2025-08-17
R02687,C0814,P0062,5,Very good quality,2025-08-03
R02688,C0020,P0074,3,Average product,2025-12-10
R02689,C0093,P0041,2,Worth the price,2025-04-08
R02690,C0669,P0035,3,Average product,2025-11-01
R02691,C0222,P0076,3,Average product,2025-07-16
R02692,C0222,P0051,5,Very good quality,2025-07-15
R02693,C0556,P0059,5,Good product,2025-10-27
R02694,C0868,P0016,4,Good product,2025-02-15
R02695,C0157,P0073,5,Worth the price,2025-01-12
R02696,C0288,P0059,3,Average product,2025-11-10
R02697,C0150,P0041,4,Worth the price,2025-04-17
R02698,C0261,P0064,5,Not satisfied,2025-03-26
R02699,C0711,P0014,5,Worth the price,2025-08-14
R02700,C0158,P0072,2,Good product,2025-05-05
R02701,C0661,P0046,4,Worth the price,2025-06-15
R02702,C0649,P0002,3,Excellent product,2025-01-16
R02703,C0545,P0067,2,Very good quality,2025-06-14
R02704,C0766,P0072,4,Worth the price,2025-10-01
R02705,C0026,P0036,4,Not satisfied,2025-07-03
R02706,C0614,P0056,4,Average product,2025-04-15
R02707,C0357,P0026,3,Good product,2025-11-19
R02708,C0327,P0077,5,Good product,2025-11-18
R02709,C0912,P0074,5,Excellent product,2025-04-17
R02710,C0353,P0069,5,Worth the price,2025-12-16
R02711,C0036,P0042,5,Good product,2025-12-15
R02712,C0625,P0047,4,Not satisfied,2025-10-18
R02713,C0082,P0038,5,Worth the price,2025-08-27
R02714,C0134,P0047,4,Excellent product,2025-12-25
R02715,C0461,P0070,4,Worth the price,2025-06-13
R02716,C0945,P0038,4,Worth the price,2025-05-13
R02717,C0862,P0051,4,Good product,2025-02-16
R02718,C0571,P0007,5,Excellent product,2025-03-29
R02719,C0343,P0001,5,Very good quality,2025-06-08
R02720,C0629,P0072,5,Very good quality,2025-06-02
R02721,C0183,P0011,5,Very good quality,2025-05-06
R02722,C0695,P0099,3,Good product,2025-06-16
R02723,C0598,P0037,2,Good product,2025-09-25
R02724,C0309,P0077,5,Excellent product,2025-09-13
R02725,C0155,P0036,3,Very good quality,2025-03-26
R02726,C0157,P0098,4,Excellent product,2025-01-20
R02727,C0848,P0015,5,Good product,2025-10-11
R02728,C0917,P0078,4,Not satisfied,2025-11-03
R02729,C0831,P0019,4,Good product,2025-07-11
R02730,C0567,P0052,3,Very good quality,2025-07-30
R02731,C0623,P0060,1,Not satisfied,2025-08-06
R02732,C0738,P0037,4,Worth the price,2025-01-14
R02733,C0180,P0081,4,Very good quality,2025-05-25
R02734,C0247,P0084,4,Worth the price,2025-05-12
R02735,C0750,P0047,3,Excellent product,2025-04-03
R02736,C0825,P0061,4,Not satisfied,2025-09-02
R02737,C0355,P0084,5,Not satisfied,2025-08-27
R02738,C0582,P0005,5,Worth the price,2025-01-25
R02739,C0214,P0036,4,Not satisfied,2025-05-09
R02740,C0399,P0052,5,Worth the price,2025-10-02
R02741,C0353,P0023,4,Very good quality,2025-10-23
R02742,C0150,P0041,4,Good product,2025-04-19
R02743,C0474,P0034,2,Excellent product,2025-10-18
R02744,C0987,P0068,4,Excellent product,2025-03-23
R02745,C0294,P0041,5,Good product,2025-08-20
R02746,C0513,P0092,5,Good product,2025-02-10
R02747,C0524,P0052,1,Worth the price,2025-07-01
R02748,C0341,P0099,2,Excellent product,2025-10-17
R02749,C0495,P0074,2,Not satisfied,2025-04-12
R02750,C0205,P0090,5,Not satisfied,2025-06-20
R02751,C0095,P0090,5,Average product,2025-06-29
R02752,C0761,P0012,5,Excellent product,2025-01-21
R02753,C0606,P0092,4,Average product,2025-08-23
R02754,C0340,P0094,5,Good product,2025-07-21
R02755,C0995,P0093,4,Excellent product,2025-05-25
R02756,C0118,P0082,4,Good product,2025-02-14
R02757,C0567,P0033,5,Good product,2025-04-27
R02758,C0918,P0004,4,Very good quality,2025-09-10
R02759,C0805,P0024,5,Worth the price,2025-09-10
R02760,C0174,P0014,3,Worth the price,2025-01-05
R02761,C0332,P0028,3,Excellent product,2025-12-19
R02762,C0255,P0010,3,Not satisfied,2025-02-20
R02763,C0281,P0055,5,Worth the price,2025-06-16
R02764,C0490,P0065,4,Very good quality,2025-09-09
R02765,C0242,P0051,4,Good product,2025-02-07
R02766,C0209,P0072,4,Good product,2025-02-25
R02767,C0962,P0001,4,Very good quality,2025-08-14
R02768,C0489,P0025,3,Good product,2025-08-14
R02769,C0849,P0053,3,Worth the price,2025-05-01
R02770,C0719,P0092,2,Excellent product,2025-04-14
R02771,C0821,P0033,5,Excellent product,2025-09-29
R02772,C0761,P0062,3,Good product,2025-11-26
R02773,C0276,P0013,5,Not satisfied,2025-08-07
R02774,C0433,P0065,5,Very good quality,2025-11-02
R02775,C0447,P0020,2,Worth the price,2025-05-10
R02776,C0054,P0087,4,Not satisfied,2025-02-20
R02777,C0759,P0012,4,Excellent product,2025-03-14
R02778,C0659,P0046,4,Good product,2025-04-25
R02779,C0233,P0088,2,Average product,2025-08-25
R02780,C0813,P0024,3,Excellent product,2025-07-31
R02781,C0786,P0017,4,Excellent product,2025-03-06
R02782,C0362,P0041,4,Average product,2025-09-26
R02783,C0238,P0024,4,Average product,2025-11-10
R02784,C0088,P0015,4,Excellent product,2025-03-12
R02785,C0402,P0007,4,Not satisfied,2025-12-08
R02786,C0391,P0096,4,Average product,2025-06-23
R02787,C0508,P0039,3,Very good quality,2025-03-20
R02788,C0669,P0042,4,Good product,2025-04-16
R02789,C0042,P0043,2,Good product,2025-01-24
R02790,C0116,P0066,3,Excellent product,2025-04-30
R02791,C0526,P0084,5,Average product,2025-10-12
R02792,C0495,P0008,5,Worth the price,2025-06-03
R02793,C0218,P0032,4,Worth the price,2025-07-15
R02794,C0268,P0005,3,Average product,2025-04-21
R02795,C0125,P0087,4,Good product,2025-03-09
R02796,C0452,P0054,3,Average product,2025-05-10
R02797,C0431,P0095,4,Excellent product,2025-06-29
R02798,C0293,P0083,4,Not satisfied,2025-01-27
R02799,C0561,P0035,3,Average product,2025-07-10
R02800,C0670,P0084,4,Good product,2025-11-22
R02801,C0981,P0052,3,Very good quality,2025-11-25
R02802,C0474,P0053,3,Excellent product,2025-06-26
R02803,C0853,P0033,4,Worth the price,2025-10-14
R02804,C0014,P0070,3,Worth the price,2025-06-17
R02805,C0483,P0045,5,Very good quality,2025-07-20
R02806,C0240,P0074,3,Average product,2025-04-04
R02807,C0711,P0050,5,Worth the price,2025-12-31
R02808,C0307,P0053,5,Excellent product,2025-04-15
R02809,C0464,P0051,4,Very good quality,2025-10-14
R02810,C0300,P0098,5,Very good quality,2025-06-07
R02811,C0572,P0006,5,Good product,2025-06-07
R02812,C0716,P0074,1,Excellent product,2025-06-15
R02813,C0402,P0083,3,Very good quality,2025-06-26
R02814,C0525,P0016,4,Average product,2025-01-05
R02815,C0122,P0051,2,Not satisfied,2025-12-21
R02816,C0168,P0046,3,Worth the price,2025-02-04
R02817,C0775,P0084,5,Average product,2025-03-31
R02818,C0158,P0059,4,Not satisfied,2025-07-26
R02819,C0510,P0085,4,Average product,2025-09-17
R02820,C0981,P0095,3,Worth the price,2025-08-23
R02821,C0147,P0032,4,Not satisfied,2025-04-20
R02822,C0684,P0078,5,Not satisfied,2025-11-07
R02823,C0827,P0062,5,Very good quality,2025-07-30
R02824,C0737,P0073,5,Worth the price,2025-12-25
R02825,C0802,P0004,3,Excellent product,2025-08-18
R02826,C0279,P0044,4,Very good quality,2025-11-26
R02827,C0550,P0035,3,Good product,2025-07-30
R02828,C0109,P0026,4,Worth the price,2025-06-19
R02829,C0077,P0084,5,Very good quality,2025-02-20
R02830,C0395,P0042,5,Good product,2025-06-12
R02831,C0252,P0007,5,Good product,2025-03-03
R02832,C0129,P0093,5,Good product,2025-06-17
R02833,C0899,P0037,3,Very good quality,2025-07-28
R02834,C0762,P0041,5,Average product,2025-02-22
R02835,C0386,P0052,5,Very good quality,2025-04-14
R02836,C0967,P0056,2,Worth the price,2025-08-25
R02837,C0654,P0058,4,Not satisfied,2025-10-02
R02838,C0515,P0052,5,Not satisfied,2025-01-12
R02839,C0817,P0061,4,Very good quality,2025-03-01
R02840,C0438,P0066,5,Good product,2025-06-28
R02841,C0635,P0018,5,Excellent product,2025-08-28
R02842,C0200,P0069,5,Average product,2025-12-15
R02843,C0679,P0047,3,Very good quality,2025-06-17
R02844,C0810,P0093,3,Excellent product,2025-05-22
R02845,C0778,P0068,3,Very good quality,2025-02-27
R02846,C0523,P0016,5,Excellent product,2025-01-02
R02847,C0134,P0027,4,Average product,2025-10-18
R02848,C0495,P0013,5,Very good quality,2025-05-06
R02849,C0032,P0060,5,Worth the price,2025-01-21
R02850,C0704,P0073,4,Worth the price,2025-02-27
R02851,C0138,P0063,3,Very good quality,2025-03-13
R02852,C0497,P0090,4,Worth the price,2025-03-12
R02853,C0089,P0073,5,Not satisfied,2025-09-25
R02854,C0366,P0094,5,Excellent product,2025-03-03
R02855,C0708,P0040,5,Excellent product,2025-02-09
R02856,C0321,P0074,4,Very good quality,2025-09-23
R02857,C0592,P0001,4,Worth the price,2025-04-14
R02858,C0345,P0023,3,Average product,2025-03-31
R02859,C0786,P0013,5,Excellent product,2025-03-20
R02860,C0912,P0006,5,Average product,2025-05-11
R02861,C0006,P0004,4,Not satisfied,2025-06-01
R02862,C0940,P0026,5,Very good quality,2025-08-20
R02863,C0600,P0022,2,Not satisfied,2025-08-12
R02864,C0266,P0049,4,Good product,2025-01-24
R02865,C0988,P0024,3,Very good quality,2025-03-07
R02866,C0820,P0067,3,Very good quality,2025-03-31
R02867,C0185,P0078,3,Average product,2025-07-15
R02868,C0341,P0012,4,Excellent product,2025-11-05
R02869,C0351,P0004,4,Worth the price,2025-03-06
R02870,C0026,P0012,4,Average product,2025-03-24
R02871,C0603,P0045,5,Worth the price,2025-12-31
R02872,C0627,P0030,5,Average product,2025-06-06
R02873,C0561,P0088,5,Excellent product,2025-05-29
R02874,C0042,P0026,4,Average product,2025-04-24
R02875,C0577,P0084,5,Excellent product,2025-10-26
R02876,C0811,P0016,5,Not satisfied,2025-12-29
R02877,C0698,P0059,2,Excellent product,2025-05-20
R02878,C0013,P0066,4,Worth the price,2025-06-15
R02879,C0616,P0091,3,Average product,2025-06-03
R02880,C0159,P0024,5,Worth the price,2025-10-16
R02881,C0225,P0093,5,Good product,2025-03-03
R02882,C0525,P0065,5,Very good quality,2025-10-15
R02883,C0373,P0050,5,Worth the price,2025-06-15
R02884,C0385,P0072,1,Very good quality,2025-03-20
R02885,C0125,P0016,4,Not satisfied,2025-10-17
R02886,C0255,P0030,5,Excellent product,2025-11-24
R02887,C0047,P0015,4,Not satisfied,2025-08-08
R02888,C0049,P0010,3,Good product,2025-08-08
R02889,C0604,P0002,5,Not satisfied,2025-07-14
R02890,C0067,P0084,1,Very good quality,2025-09-06
R02891,C0318,P0032,4,Average product,2025-05-13
R02892,C0308,P0014,4,Very good quality,2025-10-15
R02893,C0262,P0007,1,Average product,2025-01-20
R02894,C0292,P0077,5,Not satisfied,2025-03-12
R02895,C0038,P0036,4,Worth the price,2025-02-07
R02896,C0741,P0036,2,Worth the price,2025-08-14
R02897,C0497,P0083,2,Worth the price,2025-08-31
R02898,C0266,P0028,3,Good product,2025-10-22
R02899,C0901,P0039,2,Excellent product,2025-12-23
R02900,C0733,P0008,2,Not satisfied,2025-10-05
R02901,C0551,P0005,3,Excellent product,2025-06-19
R02902,C0930,P0085,3,Not satisfied,2025-04-27
R02903,C0689,P0044,3,Excellent product,2025-09-14
R02904,C0402,P0100,2,Not satisfied,2025-07-24
R02905,C0072,P0099,3,Average product,2025-12-03
R02906,C0597,P0030,5,Average product,2025-01-16
R02907,C0625,P0089,4,Good product,2025-12-11
R02908,C0178,P0017,4,Very good quality,2025-12-18
R02909,C0524,P0004,3,Excellent product,2025-04-15
R02910,C0497,P0028,3,Not satisfied,2025-01-29
R02911,C0554,P0026,3,Not satisfied,2025-05-14
R02912,C0296,P0063,4,Average product,2025-07-11
R02913,C0755,P0076,2,Average product,2025-01-16
R02914,C0508,P0008,1,Excellent product,2025-11-12
R02915,C0042,P0052,3,Very good quality,2025-03-04
R02916,C0437,P0077,3,Worth the price,2025-10-15
R02917,C0047,P0012,3,Excellent product,2025-11-29
R02918,C0102,P0010,5,Not satisfied,2025-12-31
R02919,C0709,P0076,1,Good product,2025-09-17
R02920,C0241,P0055,2,Worth the price,2025-06-14
R02921,C0539,P0051,4,Good product,2025-02-11
R02922,C0080,P0006,5,Good product,2025-06-02
R02923,C0016,P0076,4,Good product,2025-09-18
R02924,C0964,P0057,3,Excellent product,2025-10-13
R02925,C0675,P0063,2,Average product,2025-03-09
R02926,C0105,P0030,3,Very good quality,2025-07-21
R02927,C0507,P0088,4,Not satisfied,2025-05-08
R02928,C0510,P0053,4,Not satisfied,2025-05-11
R02929,C0629,P0097,1,Worth the price,2025-08-09
R02930,C0922,P0031,4,Excellent product,2025-01-07
R02931,C0119,P0038,5,Not satisfied,2025-02-17
R02932,C0727,P0006,4,Excellent product,2025-01-20
R02933,C0427,P0088,2,Not satisfied,2025-06-19
R02934,C0113,P0036,4,Average product,2025-04-10
R02935,C0100,P0030,4,Good product,2025-09-01
R02936,C0409,P0011,5,Average product,2025-08-26
R02937,C0638,P0050,4,Very good quality,2025-08-11
R02938,C0068,P0099,5,Not satisfied,2025-11-06
R02939,C0030,P0053,5,Average product,2025-04-27
R02940,C0154,P0014,5,Very good quality,2025-07-24
R02941,C0972,P0072,4,Worth the price,2025-09-02
R02942,C0313,P0023,5,Excellent product,2025-03-07
R02943,C0865,P0056,4,Not satisfied,2025-06-06
R02944,C0428,P0015,5,Excellent product,2025-07-04
R02945,C0514,P0033,3,Average product,2025-03-02
R02946,C0708,P0022,5,Worth the price,2025-10-04
R02947,C0079,P0071,4,Not satisfied,2025-09-04
R02948,C0619,P0044,1,Average product,2025-03-01
R02949,C0962,P0008,1,Good product,2025-06-10
R02950,C0334,P0036,5,Good product,2025-09-22
R02951,C0017,P0005,4,Not satisfied,2025-09-11
R02952,C0524,P0012,3,Worth the price,2025-12-24
R02953,C0330,P0030,5,Good product,2025-05-25
R02954,C0874,P0054,3,Worth the price,2025-10-20
R02955,C0944,P0006,4,Average product,2025-11-19
R02956,C0524,P0004,3,Excellent product,2025-09-09
R02957,C0289,P0020,4,Good product,2025-07-27
R02958,C0258,P0020,2,Very good quality,2025-01-28
R02959,C0939,P0044,4,Excellent product,2025-06-15
R02960,C0667,P0050,5,Worth the price,2025-09-03
R02961,C0875,P0087,4,Very good quality,2025-08-15
R02962,C0883,P0016,5,Very good quality,2025-04-20
R02963,C0884,P0051,5,Worth the price,2025-12-25
R02964,C0565,P0023,2,Not satisfied,2025-01-11
R02965,C0461,P0058,2,Not satisfied,2025-07-29
R02966,C0712,P0095,4,Excellent product,2025-04-24
R02967,C0461,P0050,4,Worth the price,2025-03-22
R02968,C0368,P0071,4,Average product,2025-03-13
R02969,C0377,P0035,4,Excellent product,2025-04-08
R02970,C0158,P0063,3,Average product,2025-07-13
R02971,C0871,P0054,4,Worth the price,2025-05-20
R02972,C0818,P0082,3,Excellent product,2025-10-17
R02973,C0956,P0090,5,Very good quality,2025-06-09
R02974,C0600,P0039,2,Excellent product,2025-02-02
R02975,C0912,P0018,3,Excellent product,2025-12-11
R02976,C0167,P0038,3,Good product,2025-10-27
R02977,C0593,P0064,2,Not satisfied,2025-07-06
R02978,C0134,P0067,2,Not satisfied,2025-03-11
R02979,C0937,P0098,3,Excellent product,2025-05-03
R02980,C0964,P0098,5,Average product,2025-06-06
R02981,C0731,P0012,4,Not satisfied,2025-05-29
R02982,C0384,P0067,5,Not satisfied,2025-07-23
R02983,C0935,P0080,4,Good product,2025-01-25
R02984,C0371,P0064,5,Excellent product,2025-01-03
R02985,C0286,P0006,1,Very good quality,2025-02-18
R02986,C0463,P0090,4,Good product,2025-10-10
R02987,C0393,P0092,2,Very good quality,2025-09-05
R02988,C0571,P0072,3,Average product,2025-10-08
R02989,C0157,P0078,3,Not satisfied,2025-05-20
R02990,C0175,P0062,1,Excellent product,2025-07-07
R02991,C0559,P0097,3,Very good quality,2025-07-01
R02992,C0751,P0087,4,Excellent product,2025-07-14
R02993,C0446,P0055,3,Excellent product,2025-07-21
R02994,C0134,P0010,3,Not satisfied,2025-03-10
R02995,C0838,P0051,5,Excellent product,2025-12-29
R02996,C0416,P0032,2,Good product,2025-10-19
R02997,C0800,P0067,3,Very good quality,2025-06-24
R02998,C0111,P0038,4,Worth the price,2025-10-20
R02999,C0108,P0056,4,Average product,2025-10-22
R03000,C0578,P0056,5,Good product,2025-09-20
